 Container open3dsg-train_preprocess_full-run-224e16e24869 Creating 
 Container open3dsg-train_preprocess_full-run-224e16e24869 Created 

==========
== CUDA ==
==========

CUDA Version 12.8.1

Container image Copyright (c) 2016-2023, NVIDIA CORPORATION & AFFILIATES. All rights reserved.

This container image and its contents are governed by the NVIDIA Deep Learning Container License.
By pulling and using the container, you accept the terms and conditions of this license:
https://developer.nvidia.com/ngc/nvidia-deep-learning-container-license

A copy of this license is made available in this container at /NGC-DL-CONTAINER-LICENSE for your convenience.

{"blockers": [], "status": "ready"}
[1/3852] f62fd5fd-9a3f-2f44-883a-1e5cf819608e-3 already_ready ready=True bytes=36787613
[2/3852] f62fd5fd-9a3f-2f44-883a-1e5cf819608e-2 already_ready ready=True bytes=36750052
[3/3852] f62fd5fd-9a3f-2f44-883a-1e5cf819608e-4 already_ready ready=True bytes=29044202
[4/3852] f62fd5fd-9a3f-2f44-883a-1e5cf819608e-1 already_ready ready=True bytes=36766673
[5/3852] f62fd5fd-9a3f-2f44-883a-1e5cf819608e-5 already_ready ready=True bytes=36754054
[6/3852] f62fd5fd-9a3f-2f44-883a-1e5cf819608e-7 already_ready ready=True bytes=22310948
[7/3852] f62fd5fd-9a3f-2f44-883a-1e5cf819608e-6 already_ready ready=True bytes=29074820
too few visible objects, scene missalignment possible
[8/3852] 6a36053f-fa53-2915-9579-3938283bc154-1 missing_output ready=False bytes=0
[9/3852] baf0a8fb-26d4-2033-8a28-2001356bbb9a-2 generated ready=True bytes=22267560
[10/3852] baf0a8fb-26d4-2033-8a28-2001356bbb9a-3 generated ready=True bytes=16153748
[11/3852] 6a36053f-fa53-2915-9579-3938283bc154-2 generated ready=True bytes=16449139
[12/3852] baf0a8fb-26d4-2033-8a28-2001356bbb9a-1 generated ready=True bytes=29046988
[13/3852] 6a36053f-fa53-2915-9579-3938283bc154-3 generated ready=True bytes=22259591
[14/3852] 422885e0-192d-25fc-844a-62e395291839-1 generated ready=True bytes=28999258
[15/3852] 422885e0-192d-25fc-844a-62e395291839-3 generated ready=True bytes=29204562
[16/3852] 422885e0-192d-25fc-844a-62e395291839-4 generated ready=True bytes=36931575
[17/3852] 422885e0-192d-25fc-844a-62e395291839-2 generated ready=True bytes=36919397
[18/3852] bf9a3dd3-45a5-2e80-8163-8a5b2573aca4-2 generated ready=True bytes=36736865
[19/3852] bf9a3dd3-45a5-2e80-8163-8a5b2573aca4-1 generated ready=True bytes=29035567
[20/3852] bf9a3dd3-45a5-2e80-8163-8a5b2573aca4-3 generated ready=True bytes=29033581
[21/3852] 7272e161-a01b-20f6-8b5a-0b97efeb6545-1 generated ready=True bytes=22295204
[22/3852] 7272e161-a01b-20f6-8b5a-0b97efeb6545-2 generated ready=True bytes=36749279
[23/3852] 7272e161-a01b-20f6-8b5a-0b97efeb6545-3 generated ready=True bytes=29055613
[24/3852] 1d2f8514-d757-207c-8e40-377957df6f67-1 generated ready=True bytes=16455991
[25/3852] 7272e161-a01b-20f6-8b5a-0b97efeb6545-4 generated ready=True bytes=29051009
[26/3852] 787ed580-9d98-2c97-8167-6d3b445da2c0-1 generated ready=True bytes=7631151
[27/3852] 1d2f8514-d757-207c-8e40-377957df6f67-4 generated ready=True bytes=22281345
[28/3852] 787ed580-9d98-2c97-8167-6d3b445da2c0-3 generated ready=True bytes=22259888
[29/3852] 1d2f8514-d757-207c-8e40-377957df6f67-2 generated ready=True bytes=28902721
[30/3852] 787ed580-9d98-2c97-8167-6d3b445da2c0-4 generated ready=True bytes=7347354
[31/3852] 787ed580-9d98-2c97-8167-6d3b445da2c0-2 generated ready=True bytes=22279977
[32/3852] 1d2f8514-d757-207c-8e40-377957df6f67-3 generated ready=True bytes=36745617
[33/3852] 20c993c9-698f-29c5-850e-2a93df894437-2 generated ready=True bytes=22287974
[34/3852] 20c993c9-698f-29c5-850e-2a93df894437-1 generated ready=True bytes=22300441
[35/3852] 20c993c9-698f-29c5-850e-2a93df894437-3 generated ready=True bytes=16477532
[36/3852] 20c993c9-698f-29c5-850e-2a93df894437-5 generated ready=True bytes=11603696
[37/3852] 20c993c9-698f-29c5-850e-2a93df894437-6 generated ready=True bytes=22287695
[38/3852] 20c993c9-698f-29c5-850e-2a93df894437-4 generated ready=True bytes=22281327
[39/3852] ab835fa3-54c6-29a1-9a47-92dbaf9eb4b9-1 generated ready=True bytes=29000799
[40/3852] ab835fa3-54c6-29a1-9a47-92dbaf9eb4b9-2 generated ready=True bytes=29201256
[41/3852] ab835fa3-54c6-29a1-9a47-92dbaf9eb4b9-4 generated ready=True bytes=29203965
[42/3852] ab835fa3-54c6-29a1-9a47-92dbaf9eb4b9-3 generated ready=True bytes=36851556
[43/3852] 41385847-a238-2435-838b-61864922c518-2 generated ready=True bytes=29081030
[44/3852] 41385847-a238-2435-838b-61864922c518-1 generated ready=True bytes=29093141
[45/3852] 55551068-36f1-29c0-8896-0fa81b7a1fe7-1 generated ready=True bytes=16440499
[46/3852] 55551068-36f1-29c0-8896-0fa81b7a1fe7-2 generated ready=True bytes=22276544
[47/3852] 41385847-a238-2435-838b-61864922c518-3 generated ready=True bytes=29092495
[48/3852] 55551068-36f1-29c0-8896-0fa81b7a1fe7-3 generated ready=True bytes=7344316
[49/3852] 48005c65-7d67-29ec-85e0-6a925eb15a27-2 generated ready=True bytes=29052439
[50/3852] 41385847-a238-2435-838b-61864922c518-4 generated ready=True bytes=36773657
[51/3852] 41385847-a238-2435-838b-61864922c518-5 generated ready=True bytes=36784385
[52/3852] 48005c65-7d67-29ec-85e0-6a925eb15a27-5 generated ready=True bytes=7364977
[53/3852] 48005c65-7d67-29ec-85e0-6a925eb15a27-3 generated ready=True bytes=29041147
[54/3852] 48005c65-7d67-29ec-85e0-6a925eb15a27-1 generated ready=True bytes=22151315
[55/3852] 48005c65-7d67-29ec-85e0-6a925eb15a27-4 generated ready=True bytes=22292739
[56/3852] 6bde605f-9162-246f-8d03-644a980c1cbb-1 generated ready=True bytes=22271830
[57/3852] ab835f8b-54c6-29a1-9a7a-4770a0eb74ff-2 generated ready=True bytes=11021001
[58/3852] 6bde605f-9162-246f-8d03-644a980c1cbb-2 generated ready=True bytes=29030927
[59/3852] ab835f8b-54c6-29a1-9a7a-4770a0eb74ff-1 generated ready=True bytes=36806159
[60/3852] 569d8f09-72aa-2f24-887c-26497a35f26a-3 generated ready=True bytes=11444049
[61/3852] 569d8f09-72aa-2f24-887c-26497a35f26a-1 generated ready=True bytes=29046184
[62/3852] 569d8f09-72aa-2f24-887c-26497a35f26a-2 generated ready=True bytes=29049433
[63/3852] fcf66db8-622d-291c-8502-863b391b9ef1-1 generated ready=True bytes=7639187
[64/3852] fcf66db8-622d-291c-8502-863b391b9ef1-2 generated ready=True bytes=28896678
[65/3852] fcf66db8-622d-291c-8502-863b391b9ef1-3 generated ready=True bytes=36764122
[66/3852] 7ab2a9c9-ebc6-2056-89b6-c78dbb4290d3-2 generated ready=True bytes=16497824
[67/3852] fcf66db8-622d-291c-8502-863b391b9ef1-4 generated ready=True bytes=16475280
[68/3852] c92fb5ab-f771-2064-842c-c342564aabcc-2 generated ready=True bytes=16465091
[69/3852] c92fb5ab-f771-2064-842c-c342564aabcc-1 generated ready=True bytes=36751641
[70/3852] 569d8f09-72aa-2f24-887c-26497a35f26a-4 generated ready=True bytes=29068296
[71/3852] 422885ce-192d-25fc-851a-df2d675a6559-1 generated ready=True bytes=22336288
[72/3852] 422885ce-192d-25fc-851a-df2d675a6559-2 generated ready=True bytes=22283859
[73/3852] 422885ce-192d-25fc-851a-df2d675a6559-4 generated ready=True bytes=22133989
[74/3852] 422885ce-192d-25fc-851a-df2d675a6559-3 generated ready=True bytes=36767640
[75/3852] baf0a8e8-26d4-2033-8bbb-975c6002fbb7-1 generated ready=True bytes=29062289
[76/3852] 422885ce-192d-25fc-851a-df2d675a6559-5 generated ready=True bytes=29065511
[77/3852] baf0a8e8-26d4-2033-8bbb-975c6002fbb7-4 generated ready=True bytes=16469212
[78/3852] baf0a8e8-26d4-2033-8bbb-975c6002fbb7-3 generated ready=True bytes=29075036
[79/3852] baf0a8e8-26d4-2033-8bbb-975c6002fbb7-2 generated ready=True bytes=36811758
[80/3852] 7ab2a9c9-ebc6-2056-89b6-c78dbb4290d3-1 generated ready=True bytes=29090031
[81/3852] baf0a8e8-26d4-2033-8bbb-975c6002fbb7-6 generated ready=True bytes=36792719
[82/3852] baf0a8e8-26d4-2033-8bbb-975c6002fbb7-7 generated ready=True bytes=36782842
[83/3852] 7ab2a9d1-ebc6-2056-8880-07b5c7404d58-1 generated ready=True bytes=28936651
[84/3852] baf0a8e8-26d4-2033-8bbb-975c6002fbb7-5 generated ready=True bytes=36837165
[85/3852] 7ab2a9d1-ebc6-2056-8880-07b5c7404d58-3 generated ready=True bytes=7108586
too few visible objects, scene missalignment possible
[86/3852] 6bde60a3-9162-246f-8ca3-48f7e86e95b8-3 missing_output ready=False bytes=0
[87/3852] 09582228-e2c2-2de1-953d-f6f1ee4b3699-1 generated ready=True bytes=22186236
[88/3852] 0cac75f6-8d6f-2d13-8d7b-dc01a394149c-1 generated ready=True bytes=22275354
[89/3852] 6bde60a3-9162-246f-8ca3-48f7e86e95b8-1 generated ready=True bytes=36772342
[90/3852] 0cac75f6-8d6f-2d13-8d7b-dc01a394149c-3 generated ready=True bytes=11572202
[91/3852] 6bde60a3-9162-246f-8ca3-48f7e86e95b8-2 generated ready=True bytes=22320927
[92/3852] 7272e190-a01b-20f6-8bde-769bcd548633-1 generated ready=True bytes=36778582
[93/3852] 0cac75f6-8d6f-2d13-8d7b-dc01a394149c-2 generated ready=True bytes=22276299
[94/3852] 7272e190-a01b-20f6-8bde-769bcd548633-2 generated ready=True bytes=22168695
[95/3852] 7272e190-a01b-20f6-8bde-769bcd548633-4 generated ready=True bytes=16323177
[96/3852] 7272e190-a01b-20f6-8bde-769bcd548633-3 generated ready=True bytes=29069638
[97/3852] 1713f857-5300-2104-85c7-5e6e0b50713c-2 generated ready=True bytes=7700255
[98/3852] 1713f857-5300-2104-85c7-5e6e0b50713c-3 generated ready=True bytes=22278320
[99/3852] 1713f857-5300-2104-85c7-5e6e0b50713c-1 generated ready=True bytes=36750627
[100/3852] 7ab2a9d1-ebc6-2056-8880-07b5c7404d58-2 generated ready=True bytes=29100391
[101/3852] 751a5581-fe61-2c3b-8cac-76cacfb277e0-2 generated ready=True bytes=29039613
[102/3852] 751a5581-fe61-2c3b-8cac-76cacfb277e0-1 generated ready=True bytes=28897364
[103/3852] 1713f857-5300-2104-85c7-5e6e0b50713c-5 generated ready=True bytes=7076596
[104/3852] 751a5581-fe61-2c3b-8cac-76cacfb277e0-3 generated ready=True bytes=36729690
[105/3852] 751a5581-fe61-2c3b-8cac-76cacfb277e0-4 generated ready=True bytes=36750000
[106/3852] 1713f857-5300-2104-85c7-5e6e0b50713c-4 generated ready=True bytes=22279563
[107/3852] f38169cf-378c-2a65-855f-05d491a3f26e-1 generated ready=True bytes=29074741
[108/3852] 531cff04-0021-28f6-8d49-e51826f43468-1 generated ready=True bytes=28888377
[109/3852] f38169cf-378c-2a65-855f-05d491a3f26e-3 generated ready=True bytes=28910875
[110/3852] 531cff04-0021-28f6-8d49-e51826f43468-2 generated ready=True bytes=22276912
[111/3852] f38169cf-378c-2a65-855f-05d491a3f26e-2 generated ready=True bytes=36757557
[112/3852] 531cff04-0021-28f6-8d49-e51826f43468-3 generated ready=True bytes=29047178
[113/3852] 531cff04-0021-28f6-8d49-e51826f43468-5 generated ready=True bytes=22134431
[114/3852] 531cff04-0021-28f6-8d49-e51826f43468-4 generated ready=True bytes=36734866
[115/3852] b05fddcf-fca0-2d4f-8a01-c6bdcc9fba8d-4 generated ready=True bytes=11579763
[116/3852] b05fddcf-fca0-2d4f-8a01-c6bdcc9fba8d-3 generated ready=True bytes=16471402
[117/3852] b05fddcf-fca0-2d4f-8a01-c6bdcc9fba8d-1 generated ready=True bytes=16490392
[118/3852] b05fddcf-fca0-2d4f-8a01-c6bdcc9fba8d-2 generated ready=True bytes=22289934
[119/3852] b05fddcf-fca0-2d4f-8a01-c6bdcc9fba8d-5 generated ready=True bytes=29033185
[120/3852] ad408c97-84db-2095-88e0-de11e52a06ef-1 generated ready=True bytes=29055211
[121/3852] ad408c97-84db-2095-88e0-de11e52a06ef-2 generated ready=True bytes=22293330
[122/3852] ad408c97-84db-2095-88e0-de11e52a06ef-3 generated ready=True bytes=22283729
[123/3852] ab835f92-54c6-29a1-99eb-63169a21d553-2 generated ready=True bytes=16059706
[124/3852] ab835f92-54c6-29a1-99eb-63169a21d553-1 generated ready=True bytes=36774419
[125/3852] 8eabc418-5af7-2f32-85a1-a2709b29c46d-3 generated ready=True bytes=11449322
[126/3852] ad408c97-84db-2095-88e0-de11e52a06ef-4 generated ready=True bytes=22021829
[127/3852] 8eabc418-5af7-2f32-85a1-a2709b29c46d-1 generated ready=True bytes=29062946
[128/3852] 8eabc418-5af7-2f32-85a1-a2709b29c46d-2 generated ready=True bytes=29075160
[129/3852] 5341b7ab-8a66-2cdd-865a-c27c4263d24a-1 generated ready=True bytes=16444993
[130/3852] 5341b7ab-8a66-2cdd-865a-c27c4263d24a-2 generated ready=True bytes=7053489
[131/3852] 1d2f851e-d757-207c-8c3f-db6373d91f11-2 generated ready=True bytes=36814313
[132/3852] 1d2f851e-d757-207c-8c3f-db6373d91f11-3 generated ready=True bytes=36813338
[133/3852] 8e0f1c53-9e28-2339-8588-2b24d9e9f3e8-1 generated ready=True bytes=16473601
[134/3852] 1d2f851e-d757-207c-8c3f-db6373d91f11-1 generated ready=True bytes=36809929
[135/3852] 8e0f1c53-9e28-2339-8588-2b24d9e9f3e8-4 generated ready=True bytes=29049983
[136/3852] 8e0f1c53-9e28-2339-8588-2b24d9e9f3e8-2 generated ready=True bytes=29078925
[137/3852] 8e0f1c53-9e28-2339-8588-2b24d9e9f3e8-3 generated ready=True bytes=29066424
[138/3852] 8e0f1c53-9e28-2339-8588-2b24d9e9f3e8-5 generated ready=True bytes=29052338
[139/3852] 87e6cf6d-9d1a-289f-879a-543d3fa7ba74-2 generated ready=True bytes=22276330
[140/3852] c7895f35-339c-2d13-805c-47570e126422-1 generated ready=True bytes=11579200
[141/3852] 2e36954d-e133-204c-92aa-5cf8c2f8b46f-1 generated ready=True bytes=36726126
[142/3852] 8e0f1c53-9e28-2339-8588-2b24d9e9f3e8-6 generated ready=True bytes=22158137
[143/3852] 87e6cf6d-9d1a-289f-879a-543d3fa7ba74-1 generated ready=True bytes=29037840
[144/3852] 41385827-a238-2435-8320-d8d3eb507f5e-3 generated ready=True bytes=28878159
[145/3852] 41385827-a238-2435-8320-d8d3eb507f5e-1 generated ready=True bytes=16450107
[146/3852] 41385827-a238-2435-8320-d8d3eb507f5e-2 generated ready=True bytes=29035929
[147/3852] c7895f35-339c-2d13-805c-47570e126422-2 generated ready=True bytes=36731635
[148/3852] 198aaa74-0ba3-26f6-8792-66b6388b17ca-1 generated ready=True bytes=36923714
[149/3852] 198aaa74-0ba3-26f6-8792-66b6388b17ca-5 generated ready=True bytes=16188126
[150/3852] fcf66d98-622d-291c-851a-a16c117a91bb-1 generated ready=True bytes=16445249
[151/3852] 198aaa74-0ba3-26f6-8792-66b6388b17ca-3 generated ready=True bytes=36948471
too few visible objects, scene missalignment possible
[152/3852] fcf66d98-622d-291c-851a-a16c117a91bb-3 missing_output ready=False bytes=0
[153/3852] 198aaa74-0ba3-26f6-8792-66b6388b17ca-2 generated ready=True bytes=36975562
[154/3852] fcf66d98-622d-291c-851a-a16c117a91bb-2 generated ready=True bytes=29034717
[155/3852] 198aaa74-0ba3-26f6-8792-66b6388b17ca-4 generated ready=True bytes=29247985
[156/3852] 5630cfcd-12bf-2860-87f0-65937859709c-1 generated ready=True bytes=36741732
[157/3852] a38a57de-8a91-2e91-90b2-910244171e92-2 generated ready=True bytes=16505690
[158/3852] a38a57de-8a91-2e91-90b2-910244171e92-1 generated ready=True bytes=22297354
[159/3852] 5630cfcd-12bf-2860-87f0-65937859709c-2 generated ready=True bytes=29084244
[160/3852] a38a57de-8a91-2e91-90b2-910244171e92-3 generated ready=True bytes=29051276
[161/3852] 5630cfcd-12bf-2860-87f0-65937859709c-4 generated ready=True bytes=22007559
[162/3852] 5630cfcd-12bf-2860-87f0-65937859709c-3 generated ready=True bytes=29129920
[163/3852] aa20278c-8bc8-2c5b-9d18-016312e4463a-1 generated ready=True bytes=29093916
[164/3852] aa20278c-8bc8-2c5b-9d18-016312e4463a-2 generated ready=True bytes=29103751
[165/3852] aa20278c-8bc8-2c5b-9d18-016312e4463a-3 generated ready=True bytes=29109381
too few visible objects, scene missalignment possible
[166/3852] aa20278c-8bc8-2c5b-9d18-016312e4463a-7 missing_output ready=False bytes=0
[167/3852] aa20278c-8bc8-2c5b-9d18-016312e4463a-4 generated ready=True bytes=22316051
[168/3852] 6a360523-fa53-2915-9506-4b95fa02cc56-1 generated ready=True bytes=16445354
[169/3852] 6a360523-fa53-2915-9506-4b95fa02cc56-2 generated ready=True bytes=16458098
[170/3852] aa20278c-8bc8-2c5b-9d18-016312e4463a-6 generated ready=True bytes=22313217
[171/3852] 6a360523-fa53-2915-9506-4b95fa02cc56-3 generated ready=True bytes=16450168
[172/3852] aa20278c-8bc8-2c5b-9d18-016312e4463a-5 generated ready=True bytes=36785379
[173/3852] 8f0f1437-55de-28ce-828e-dbf210a7f472-2 generated ready=True bytes=22005950
[174/3852] 8f0f1437-55de-28ce-828e-dbf210a7f472-1 generated ready=True bytes=36801938
[175/3852] 6bde60ec-9162-246f-8d34-324b01605c9c-1 generated ready=True bytes=36777224
[176/3852] 6bde60ec-9162-246f-8d34-324b01605c9c-3 generated ready=True bytes=36780611
[177/3852] 6bde60ec-9162-246f-8d34-324b01605c9c-2 generated ready=True bytes=16534011
[178/3852] 6bde60ec-9162-246f-8d34-324b01605c9c-6 generated ready=True bytes=36780364
[179/3852] 6bde60ec-9162-246f-8d34-324b01605c9c-5 generated ready=True bytes=36778401
[180/3852] 6bde60ec-9162-246f-8d34-324b01605c9c-4 generated ready=True bytes=36820354
[181/3852] 6bde60ec-9162-246f-8d34-324b01605c9c-7 generated ready=True bytes=29077259
[182/3852] 6bde60ec-9162-246f-8d34-324b01605c9c-9 generated ready=True bytes=11031735
[183/3852] 0cac7648-8d6f-2d13-8e30-76663c19baa4-1 generated ready=True bytes=36734952
[184/3852] 0cac7648-8d6f-2d13-8e30-76663c19baa4-3 generated ready=True bytes=36738336
[185/3852] b1d87fb0-e72e-2c8c-9f01-25dafeddf472-1 generated ready=True bytes=22254309
[186/3852] b1d87fb0-e72e-2c8c-9f01-25dafeddf472-2 generated ready=True bytes=29012655
[187/3852] b1d87fb0-e72e-2c8c-9f01-25dafeddf472-3 generated ready=True bytes=16007669
[188/3852] 0cac7648-8d6f-2d13-8e30-76663c19baa4-2 generated ready=True bytes=29050361
[189/3852] 6bde60ec-9162-246f-8d34-324b01605c9c-8 generated ready=True bytes=36773811
[190/3852] c7895f42-339c-2d13-814f-994062b318b0-3 generated ready=True bytes=10995232
[191/3852] c7895f42-339c-2d13-814f-994062b318b0-2 generated ready=True bytes=16458904
[192/3852] c92fb594-f771-2064-879b-cc598a9dabe5-1 generated ready=True bytes=36775728
[193/3852] c7895f42-339c-2d13-814f-994062b318b0-1 generated ready=True bytes=36733094
[194/3852] c92fb594-f771-2064-879b-cc598a9dabe5-3 generated ready=True bytes=22295353
[195/3852] 0cac7648-8d6f-2d13-8e30-76663c19baa4-4 generated ready=True bytes=29052988
[196/3852] c92fb594-f771-2064-879b-cc598a9dabe5-2 generated ready=True bytes=22351674
[197/3852] c92fb594-f771-2064-879b-cc598a9dabe5-4 generated ready=True bytes=22301060
[198/3852] 1dd7209f-2ba0-22d9-8b9e-b5e270b2580f-1 generated ready=True bytes=29053866
[199/3852] c92fb594-f771-2064-879b-cc598a9dabe5-5 generated ready=True bytes=28915653
[200/3852] ddc737af-765b-241a-9ea5-0a02dc0876f2-2 generated ready=True bytes=16170994
[201/3852] ddc737af-765b-241a-9ea5-0a02dc0876f2-1 generated ready=True bytes=22278707
[202/3852] 1dd7209f-2ba0-22d9-8b9e-b5e270b2580f-2 generated ready=True bytes=36752226
[203/3852] ad408cad-84db-2095-8be8-68c0f94d8d14-2 generated ready=True bytes=28887166
[204/3852] ad408cad-84db-2095-8be8-68c0f94d8d14-3 generated ready=True bytes=36724611
[205/3852] ad408cad-84db-2095-8be8-68c0f94d8d14-4 generated ready=True bytes=6920338
[206/3852] 1dd7209f-2ba0-22d9-8b9e-b5e270b2580f-3 generated ready=True bytes=28919220
[207/3852] ad408cad-84db-2095-8be8-68c0f94d8d14-1 generated ready=True bytes=29055512
[208/3852] 1c21154e-f201-2d25-8794-7746336ad397-2 generated ready=True bytes=28894330
[209/3852] 1c21154e-f201-2d25-8794-7746336ad397-1 generated ready=True bytes=36773642
[210/3852] 4fbad329-465b-2a5d-8401-a3f550ef3de5-1 generated ready=True bytes=37053967
[211/3852] 4fbad329-465b-2a5d-8401-a3f550ef3de5-2 generated ready=True bytes=37065506
[212/3852] 4fbad329-465b-2a5d-8401-a3f550ef3de5-5 generated ready=True bytes=22331169
[213/3852] 4fbad329-465b-2a5d-8401-a3f550ef3de5-6 generated ready=True bytes=11201245
[214/3852] 4fbad329-465b-2a5d-8401-a3f550ef3de5-4 generated ready=True bytes=37040415
[215/3852] 4fbad329-465b-2a5d-8401-a3f550ef3de5-3 generated ready=True bytes=37073207
[216/3852] 1d234004-e280-2b1a-8ec8-560046b9fc96-3 generated ready=True bytes=7229680
[217/3852] fcf66da4-622d-291c-8642-c11ea83a329c-1 generated ready=True bytes=22157202
[218/3852] 1d234004-e280-2b1a-8ec8-560046b9fc96-2 generated ready=True bytes=16489383
[219/3852] fcf66da4-622d-291c-8642-c11ea83a329c-3 generated ready=True bytes=36758214
[220/3852] fcf66da4-622d-291c-8642-c11ea83a329c-2 generated ready=True bytes=29097103
[221/3852] 1d234004-e280-2b1a-8ec8-560046b9fc96-1 generated ready=True bytes=29081277
[222/3852] fcf66da4-622d-291c-8642-c11ea83a329c-4 generated ready=True bytes=36784828
[223/3852] fcf66da4-622d-291c-8642-c11ea83a329c-6 generated ready=True bytes=28922038
[224/3852] fcf66dba-622d-291c-8537-1ab5313bc52a-1 generated ready=True bytes=28954512
[225/3852] fcf66da4-622d-291c-8642-c11ea83a329c-5 generated ready=True bytes=36840052
[226/3852] fcf66dba-622d-291c-8537-1ab5313bc52a-4 generated ready=True bytes=36805057
[227/3852] 185d7423-3698-223c-8879-80ad9339afce-1 generated ready=True bytes=28914880
[228/3852] fcf66dba-622d-291c-8537-1ab5313bc52a-2 generated ready=True bytes=29154728
[229/3852] fcf66dba-622d-291c-8537-1ab5313bc52a-5 generated ready=True bytes=29139880
[230/3852] 8e0f1c2f-9e28-2339-85ae-05fc50d1a3a7-1 generated ready=True bytes=11579704
[231/3852] 185d7423-3698-223c-8879-80ad9339afce-3 generated ready=True bytes=11469089
[232/3852] fcf66dba-622d-291c-8537-1ab5313bc52a-3 generated ready=True bytes=36861154
[233/3852] 185d7423-3698-223c-8879-80ad9339afce-2 generated ready=True bytes=29049392
[234/3852] 283ccfed-107c-24d5-8b72-5f6004ef4f94-1 generated ready=True bytes=36782318
[235/3852] 8e0f1c2f-9e28-2339-85ae-05fc50d1a3a7-2 generated ready=True bytes=22277869
[236/3852] 283ccfed-107c-24d5-8b72-5f6004ef4f94-2 generated ready=True bytes=16067619
[237/3852] 8e0f1c2f-9e28-2339-85ae-05fc50d1a3a7-4 generated ready=True bytes=29058669
[238/3852] 422885c7-192d-25fc-85f5-67ba0d80ade5-2 generated ready=True bytes=11571529
[239/3852] 422885c7-192d-25fc-85f5-67ba0d80ade5-4 generated ready=True bytes=11135006
[240/3852] 422885c7-192d-25fc-85f5-67ba0d80ade5-3 generated ready=True bytes=16302673
[241/3852] 8e0f1c2f-9e28-2339-85ae-05fc50d1a3a7-3 generated ready=True bytes=29048967
[242/3852] 422885c7-192d-25fc-85f5-67ba0d80ade5-1 generated ready=True bytes=16482827
[243/3852] ddc73793-765b-241a-9ecd-b0cebb7cf916-3 generated ready=True bytes=16468134
[244/3852] ddc73793-765b-241a-9ecd-b0cebb7cf916-1 generated ready=True bytes=29054257
too few visible objects, scene missalignment possible
[245/3852] ddc73793-765b-241a-9ecd-b0cebb7cf916-6 missing_output ready=False bytes=0
[246/3852] 09582254-e2c2-2de1-9434-162187eb819e-1 generated ready=True bytes=36767190
[247/3852] ddc73793-765b-241a-9ecd-b0cebb7cf916-5 generated ready=True bytes=16453769
[248/3852] ddc73793-765b-241a-9ecd-b0cebb7cf916-4 generated ready=True bytes=29039923
[249/3852] 09582254-e2c2-2de1-9434-162187eb819e-2 generated ready=True bytes=36794079
[250/3852] 8eabc426-5af7-2f32-87bb-a16609b099e3-1 generated ready=True bytes=36914235
[251/3852] ddc73793-765b-241a-9ecd-b0cebb7cf916-2 generated ready=True bytes=36746411
[252/3852] 8eabc426-5af7-2f32-87bb-a16609b099e3-2 generated ready=True bytes=36938005
[253/3852] 8eabc426-5af7-2f32-87bb-a16609b099e3-3 generated ready=True bytes=22442352
[254/3852] bcb0fe17-4f39-2c70-9d19-dafd03e967d8-2 generated ready=True bytes=7360253
[255/3852] 1c211546-f201-2d25-862b-6323518ec6e1-2 generated ready=True bytes=36754183
[256/3852] bcb0fe17-4f39-2c70-9d19-dafd03e967d8-1 generated ready=True bytes=36778309
[257/3852] 1c211546-f201-2d25-862b-6323518ec6e1-3 generated ready=True bytes=36745828
[258/3852] 8eabc426-5af7-2f32-87bb-a16609b099e3-4 generated ready=True bytes=29117246
[259/3852] 1c211546-f201-2d25-862b-6323518ec6e1-4 generated ready=True bytes=36737780
[260/3852] 1c211546-f201-2d25-862b-6323518ec6e1-1 generated ready=True bytes=36797649
[261/3852] 1c211546-f201-2d25-862b-6323518ec6e1-5 generated ready=True bytes=16326607
[262/3852] 7272e1a0-a01b-20f6-8b34-1fdc43d1f911-2 generated ready=True bytes=36779018
[263/3852] b1d87fb6-e72e-2c8c-9eb0-c7a40f6f4877-1 generated ready=True bytes=36770556
[264/3852] 7272e1a0-a01b-20f6-8b34-1fdc43d1f911-1 generated ready=True bytes=36848633
[265/3852] b1d87fb6-e72e-2c8c-9eb0-c7a40f6f4877-2 generated ready=True bytes=36773301
[266/3852] 0cac7574-8d6f-2d13-8db6-4304f437e6d5-3 generated ready=True bytes=36753313
[267/3852] 0cac7574-8d6f-2d13-8db6-4304f437e6d5-1 generated ready=True bytes=16498322
[268/3852] b1d87fb6-e72e-2c8c-9eb0-c7a40f6f4877-3 generated ready=True bytes=36819039
[269/3852] aa20278e-8bc8-2c5b-9cfe-01db71781ed4-1 generated ready=True bytes=36731924
[270/3852] 0cac7574-8d6f-2d13-8db6-4304f437e6d5-2 generated ready=True bytes=36770036
[271/3852] aa20278e-8bc8-2c5b-9cfe-01db71781ed4-3 generated ready=True bytes=7060051
[272/3852] aa20278e-8bc8-2c5b-9cfe-01db71781ed4-2 generated ready=True bytes=36729993
[273/3852] 0cac7574-8d6f-2d13-8db6-4304f437e6d5-4 generated ready=True bytes=29078071
[274/3852] b8837e38-57ec-29c6-88a0-58602a876ed0-1 generated ready=True bytes=22274406
[275/3852] 0cac7574-8d6f-2d13-8db6-4304f437e6d5-5 generated ready=True bytes=36752594
[276/3852] 09582242-e2c2-2de1-942f-d1001cbff56b-1 generated ready=True bytes=22007524
[277/3852] 4e858c89-fd93-2cb4-8459-7542184fd2ad-2 generated ready=True bytes=29032495
[278/3852] ad408caf-84db-2095-88ac-c955accacd31-1 generated ready=True bytes=16299942
[279/3852] 4e858c89-fd93-2cb4-8459-7542184fd2ad-3 generated ready=True bytes=22280600
[280/3852] 4e858c89-fd93-2cb4-8459-7542184fd2ad-4 generated ready=True bytes=22130750
[281/3852] 4e858c89-fd93-2cb4-8459-7542184fd2ad-1 generated ready=True bytes=22284206
[282/3852] ad408caf-84db-2095-88ac-c955accacd31-2 generated ready=True bytes=22115931
[283/3852] ad408caf-84db-2095-88ac-c955accacd31-3 generated ready=True bytes=22114815
[284/3852] c54c6eff-7124-2bf6-88ba-a46f4e2e76b1-1 generated ready=True bytes=29064571
[285/3852] bf9a3da0-45a5-2e80-8099-e46f3ec15e14-1 generated ready=True bytes=36750553
[286/3852] c54c6eff-7124-2bf6-88ba-a46f4e2e76b1-5 generated ready=True bytes=29077462
[287/3852] c54c6eff-7124-2bf6-88ba-a46f4e2e76b1-2 generated ready=True bytes=22075646
[288/3852] c54c6eff-7124-2bf6-88ba-a46f4e2e76b1-3 generated ready=True bytes=36829511
[289/3852] fcf66d88-622d-291c-871f-699b2d063630-1 generated ready=True bytes=29012822
[290/3852] c54c6eff-7124-2bf6-88ba-a46f4e2e76b1-7 generated ready=True bytes=29062360
[291/3852] c54c6eff-7124-2bf6-88ba-a46f4e2e76b1-4 generated ready=True bytes=36812856
[292/3852] c54c6eff-7124-2bf6-88ba-a46f4e2e76b1-6 generated ready=True bytes=29095437
[293/3852] 7272e182-a01b-20f6-89b8-3bdec0091c89-2 generated ready=True bytes=22294258
[294/3852] 7272e182-a01b-20f6-89b8-3bdec0091c89-1 generated ready=True bytes=36757921
[295/3852] 7272e182-a01b-20f6-89b8-3bdec0091c89-3 generated ready=True bytes=29055699
[296/3852] 754e884c-ea24-2175-8b34-cead19d4198d-1 generated ready=True bytes=28976577
[297/3852] 87e6cf71-9d1a-289f-8510-bddeda7aaad8-2 generated ready=True bytes=29035644
[298/3852] 754e884c-ea24-2175-8b34-cead19d4198d-3 generated ready=True bytes=29207215
[299/3852] 87e6cf71-9d1a-289f-8510-bddeda7aaad8-1 generated ready=True bytes=36731282
[300/3852] 754e884c-ea24-2175-8b34-cead19d4198d-2 generated ready=True bytes=36880835
[301/3852] 87e6cf71-9d1a-289f-8510-bddeda7aaad8-5 generated ready=True bytes=11001905
[302/3852] 87e6cf71-9d1a-289f-8510-bddeda7aaad8-4 generated ready=True bytes=22276196
[303/3852] 87e6cf71-9d1a-289f-8510-bddeda7aaad8-3 generated ready=True bytes=36740037
[304/3852] bf9a3de5-45a5-2e80-80ff-056b013f1064-1 generated ready=True bytes=36743877
[305/3852] bf9a3de5-45a5-2e80-80ff-056b013f1064-2 generated ready=True bytes=36743600
[306/3852] bf9a3de5-45a5-2e80-80ff-056b013f1064-3 generated ready=True bytes=29042213
[307/3852] bf9a3de5-45a5-2e80-80ff-056b013f1064-4 generated ready=True bytes=28907189
[308/3852] fcf66d7d-622d-291c-8542-f708b096b45f-1 generated ready=True bytes=36717493
[309/3852] bf9a3de5-45a5-2e80-80ff-056b013f1064-5 generated ready=True bytes=28904818
[310/3852] fcf66d7d-622d-291c-8542-f708b096b45f-4 generated ready=True bytes=10992392
[311/3852] fcf66d7d-622d-291c-8542-f708b096b45f-3 generated ready=True bytes=36725610
[312/3852] dbeb4d06-faf9-2324-9bca-4df3f194818e-1 generated ready=True bytes=36753852
[313/3852] fcf66d7d-622d-291c-8542-f708b096b45f-2 generated ready=True bytes=36736964
[314/3852] dbeb4d06-faf9-2324-9bca-4df3f194818e-2 generated ready=True bytes=29059245
[315/3852] 501ebf0d-a3bb-263f-8483-2f0bc7e44767-1 generated ready=True bytes=36775411
[316/3852] 501ebf0d-a3bb-263f-8483-2f0bc7e44767-3 generated ready=True bytes=36763600
[317/3852] 501ebf0d-a3bb-263f-8483-2f0bc7e44767-2 generated ready=True bytes=36772652
[318/3852] 8eabc422-5af7-2f32-860b-db7caac59e10-4 generated ready=True bytes=22055260
[319/3852] 8eabc422-5af7-2f32-860b-db7caac59e10-1 generated ready=True bytes=36871611
[320/3852] c7895f21-339c-2d13-8376-d703f09e7b3b-1 generated ready=True bytes=22268221
[321/3852] 8eabc422-5af7-2f32-860b-db7caac59e10-3 generated ready=True bytes=29150720
[322/3852] c7895f21-339c-2d13-8376-d703f09e7b3b-2 generated ready=True bytes=29028468
[323/3852] c7895f21-339c-2d13-8376-d703f09e7b3b-3 generated ready=True bytes=22273855
[324/3852] 8eabc422-5af7-2f32-860b-db7caac59e10-2 generated ready=True bytes=36868813
[325/3852] d63767c3-3205-226c-98c2-fdccc047d36e-2 generated ready=True bytes=16042425
[326/3852] 0cac7640-8d6f-2d13-8d50-e374f145f2b6-1 generated ready=True bytes=22271337
[327/3852] 0cac7640-8d6f-2d13-8d50-e374f145f2b6-2 generated ready=True bytes=36730528
[328/3852] d63767c3-3205-226c-98c2-fdccc047d36e-1 generated ready=True bytes=29067539
[329/3852] 0cac7640-8d6f-2d13-8d50-e374f145f2b6-3 generated ready=True bytes=36735526
[330/3852] b1d87fae-e72e-2c8c-9cf3-c927fdb7c685-1 generated ready=True bytes=36760075
[331/3852] d7d40d6c-7a5d-2b36-9674-c435fa58a2d1-3 generated ready=True bytes=29100191
[332/3852] d7d40d6c-7a5d-2b36-9674-c435fa58a2d1-2 generated ready=True bytes=29100536
[333/3852] d7d40d6c-7a5d-2b36-9674-c435fa58a2d1-1 generated ready=True bytes=29118200
[334/3852] b1d87fae-e72e-2c8c-9cf3-c927fdb7c685-3 generated ready=True bytes=28929025
[335/3852] b1d87fae-e72e-2c8c-9cf3-c927fdb7c685-2 generated ready=True bytes=36800415
[336/3852] 6bde6065-9162-246f-8d78-827bb6cbd6fe-1 generated ready=True bytes=16439720
[337/3852] 6bde6065-9162-246f-8d78-827bb6cbd6fe-2 generated ready=True bytes=29021216
[338/3852] 0958221b-e2c2-2de1-96b1-6233099811a0-1 generated ready=True bytes=22300422
[339/3852] 0958221b-e2c2-2de1-96b1-6233099811a0-2 generated ready=True bytes=22028319
too few visible objects, scene missalignment possible
[340/3852] bf9a3de3-45a5-2e80-82fc-a5d0db3138c6-1 missing_output ready=False bytes=0
[341/3852] bf9a3de3-45a5-2e80-82fc-a5d0db3138c6-2 generated ready=True bytes=29020923
[342/3852] 4a9a43e8-7736-2874-8519-29915757c372-2 generated ready=True bytes=36764936
[343/3852] bf9a3de3-45a5-2e80-82fc-a5d0db3138c6-4 generated ready=True bytes=36727739
[344/3852] bf9a3de3-45a5-2e80-82fc-a5d0db3138c6-3 generated ready=True bytes=28897397
[345/3852] 6bde60c0-9162-246f-8d1f-32543babecfb-1 generated ready=True bytes=29059754
[346/3852] 4a9a43e8-7736-2874-8519-29915757c372-3 generated ready=True bytes=22357500
[347/3852] 4a9a43e8-7736-2874-8519-29915757c372-1 generated ready=True bytes=28984091
[348/3852] 6bde60c0-9162-246f-8d1f-32543babecfb-2 generated ready=True bytes=29063508
[349/3852] 6bde60c0-9162-246f-8d1f-32543babecfb-3 generated ready=True bytes=29066284
[350/3852] 6bde60c0-9162-246f-8d1f-32543babecfb-5 generated ready=True bytes=16482573
[351/3852] 6bde60c0-9162-246f-8d1f-32543babecfb-4 generated ready=True bytes=22329188
[352/3852] 6bde6099-9162-246f-8d20-43caaaf32911-1 generated ready=True bytes=16160847
[353/3852] 6bde60c0-9162-246f-8d1f-32543babecfb-6 generated ready=True bytes=29060083
[354/3852] 6bde60c0-9162-246f-8d1f-32543babecfb-7 generated ready=True bytes=11314480
[355/3852] 20c99392-698f-29c5-8439-54bec948ecb1-2 generated ready=True bytes=7670610
[356/3852] 20c99392-698f-29c5-8439-54bec948ecb1-1 generated ready=True bytes=16479871
[357/3852] 20c99392-698f-29c5-8439-54bec948ecb1-3 generated ready=True bytes=22310585
[358/3852] 20c99392-698f-29c5-8439-54bec948ecb1-4 generated ready=True bytes=16499439
[359/3852] 20c99392-698f-29c5-8439-54bec948ecb1-5 generated ready=True bytes=16486037
[360/3852] 20c99392-698f-29c5-8439-54bec948ecb1-6 generated ready=True bytes=22303892
[361/3852] 10b17948-3938-2467-8bb9-fcd621974410-1 generated ready=True bytes=11578153
[362/3852] 10b17948-3938-2467-8bb9-fcd621974410-2 generated ready=True bytes=11579215
[363/3852] 10b17948-3938-2467-8bb9-fcd621974410-3 generated ready=True bytes=11569382
[364/3852] 20c99392-698f-29c5-8439-54bec948ecb1-8 generated ready=True bytes=29067061
[365/3852] 10b17948-3938-2467-8bb9-fcd621974410-5 generated ready=True bytes=36723892
[366/3852] 10b17948-3938-2467-8bb9-fcd621974410-6 generated ready=True bytes=22267618
[367/3852] 20c99392-698f-29c5-8439-54bec948ecb1-7 generated ready=True bytes=36773698
[368/3852] 10b17948-3938-2467-8bb9-fcd621974410-4 generated ready=True bytes=16463847
[369/3852] b8837e2e-57ec-29c6-8896-de41de986b5d-1 generated ready=True bytes=28900137
[370/3852] 0cac762d-8d6f-2d13-8c70-b523afdf6989-2 generated ready=True bytes=22261014
[371/3852] 0cac762d-8d6f-2d13-8c70-b523afdf6989-3 generated ready=True bytes=11570824
[372/3852] 0cac762d-8d6f-2d13-8c70-b523afdf6989-1 generated ready=True bytes=36729164
[373/3852] 0958220d-e2c2-2de1-9710-c37018da1883-1 generated ready=True bytes=36742025
[374/3852] 0958220d-e2c2-2de1-9710-c37018da1883-2 generated ready=True bytes=11025405
too few visible objects, scene missalignment possible
[375/3852] a644cb93-0ee5-2f66-9efb-b16adfb14eff-1 missing_output ready=False bytes=0
[376/3852] 422885bf-192d-25fc-8509-1fd7def9cc19-2 generated ready=True bytes=36746990
[377/3852] bf9a3dba-45a5-2e80-8282-0ee19d0447c7-1 generated ready=True bytes=28887263
[378/3852] bcb0fe19-4f39-2c70-9cb7-a6993671cc91-1 generated ready=True bytes=36785852
[379/3852] bf9a3dba-45a5-2e80-8282-0ee19d0447c7-2 generated ready=True bytes=36733963
[380/3852] 422885bf-192d-25fc-8509-1fd7def9cc19-1 generated ready=True bytes=29050325
[381/3852] bf9a3daa-45a5-2e80-8162-9bf768132559-3 generated ready=True bytes=11592543
[382/3852] bf9a3daa-45a5-2e80-8162-9bf768132559-4 generated ready=True bytes=7354738
[383/3852] bf9a3daa-45a5-2e80-8162-9bf768132559-1 generated ready=True bytes=29040096
[384/3852] 355465d6-d29b-29f9-957c-e9ebbb5751ec-1 generated ready=True bytes=11561627
[385/3852] bf9a3daa-45a5-2e80-8162-9bf768132559-2 generated ready=True bytes=36746810
[386/3852] 13124cbe-cec3-27a6-8745-6e02a03494d2-1 generated ready=True bytes=29068466
[387/3852] 752cc5a5-920c-26f5-8ef1-aac2937ab135-3 generated ready=True bytes=36768916
[388/3852] 752cc5a5-920c-26f5-8ef1-aac2937ab135-2 generated ready=True bytes=36768677
[389/3852] 752cc5a5-920c-26f5-8ef1-aac2937ab135-1 generated ready=True bytes=36815185
[390/3852] 752cc5a5-920c-26f5-8ef1-aac2937ab135-5 generated ready=True bytes=29097169
[391/3852] 752cc5a5-920c-26f5-8ef1-aac2937ab135-6 generated ready=True bytes=28956528
[392/3852] 1c211556-f201-2d25-87f8-b0ac6ffb74fe-1 generated ready=True bytes=29057562
[393/3852] 752cc5a5-920c-26f5-8ef1-aac2937ab135-4 generated ready=True bytes=36813478
[394/3852] 1c211556-f201-2d25-87f8-b0ac6ffb74fe-4 generated ready=True bytes=7652056
[395/3852] c92fb590-f771-2064-8665-19d71d08c0ef-1 generated ready=True bytes=7631198
[396/3852] 1c211556-f201-2d25-87f8-b0ac6ffb74fe-2 generated ready=True bytes=29042785
[397/3852] c92fb590-f771-2064-8665-19d71d08c0ef-2 generated ready=True bytes=16443231
[398/3852] 751a5588-fe61-2c3b-8f6d-1e454269dd55-2 generated ready=True bytes=36737137
[399/3852] 80b8588f-4a8d-222f-8712-eaa02a5450a9-1 generated ready=True bytes=11567138
[400/3852] 80b8588f-4a8d-222f-8712-eaa02a5450a9-2 generated ready=True bytes=16307969
[401/3852] 1c211556-f201-2d25-87f8-b0ac6ffb74fe-3 generated ready=True bytes=16343187
[402/3852] 751a5588-fe61-2c3b-8f6d-1e454269dd55-1 generated ready=True bytes=29041690
[403/3852] 1c211556-f201-2d25-87f8-b0ac6ffb74fe-5 generated ready=True bytes=22298454
[404/3852] dbeb4cee-faf9-2324-991e-79c1f7e0b908-2 generated ready=True bytes=16484631
[405/3852] dbeb4cee-faf9-2324-991e-79c1f7e0b908-4 generated ready=True bytes=29055507
[406/3852] dbeb4cee-faf9-2324-991e-79c1f7e0b908-3 generated ready=True bytes=36767226
[407/3852] dbeb4cee-faf9-2324-991e-79c1f7e0b908-5 generated ready=True bytes=16068123
[408/3852] 09582237-e2c2-2de1-9758-862dc7a3d009-1 generated ready=True bytes=22013106
[409/3852] 4d3d82a6-8cf4-2e04-828b-ceb5235b58a8-1 generated ready=True bytes=29037671
[410/3852] dbeb4cee-faf9-2324-991e-79c1f7e0b908-1 generated ready=True bytes=36805891
[411/3852] 5104a9c7-adc4-2a85-9026-45557dcf9a87-1 generated ready=True bytes=36804746
[412/3852] 634d11d5-6833-255d-8d0a-c0da83387d01-2 generated ready=True bytes=11321413
[413/3852] c12890dc-d3df-2d0d-87b5-90e9596c3de4-1 generated ready=True bytes=37005714
[414/3852] 5104a9c7-adc4-2a85-9026-45557dcf9a87-4 generated ready=True bytes=36865428
[415/3852] 5104a9c7-adc4-2a85-9026-45557dcf9a87-3 generated ready=True bytes=36839004
[416/3852] 5104a9c7-adc4-2a85-9026-45557dcf9a87-2 generated ready=True bytes=29142029
[417/3852] 634d11d5-6833-255d-8d0a-c0da83387d01-1 generated ready=True bytes=36779325
[418/3852] 5104a9c7-adc4-2a85-9026-45557dcf9a87-5 generated ready=True bytes=36856110
[419/3852] 80b85893-4a8d-222f-8519-a9d06c205653-2 generated ready=True bytes=29115605
[420/3852] 20c993a5-698f-29c5-8565-40e064af0fc4-1 generated ready=True bytes=11563664
[421/3852] 80b85893-4a8d-222f-8519-a9d06c205653-1 generated ready=True bytes=36826609
[422/3852] 80b85893-4a8d-222f-8519-a9d06c205653-4 generated ready=True bytes=16095905
[423/3852] 09582225-e2c2-2de1-9564-f6681ef5e511-1 generated ready=True bytes=22186484
[424/3852] 80b85893-4a8d-222f-8519-a9d06c205653-3 generated ready=True bytes=36807745
[425/3852] 20c993a5-698f-29c5-8565-40e064af0fc4-3 generated ready=True bytes=16308824
[426/3852] 20c993a5-698f-29c5-8565-40e064af0fc4-2 generated ready=True bytes=16443101
[427/3852] 10b17938-3938-2467-8a37-21820ba7efc8-3 generated ready=True bytes=16455777
[428/3852] 4acaebc0-6c10-2a2a-852e-0226d6539299-1 generated ready=True bytes=28973301
[429/3852] 4acaebc0-6c10-2a2a-852e-0226d6539299-3 generated ready=True bytes=29062777
[430/3852] 10b17938-3938-2467-8a37-21820ba7efc8-1 generated ready=True bytes=22290399
too few visible objects, scene missalignment possible
[431/3852] baf6739f-8e94-22f8-82fd-b0cc4f4da8ae-1 missing_output ready=False bytes=0
[432/3852] 4acaebc0-6c10-2a2a-852e-0226d6539299-2 generated ready=True bytes=29102551
[433/3852] 10b17938-3938-2467-8a37-21820ba7efc8-2 generated ready=True bytes=28905638
[434/3852] 5555108f-36f1-29c0-8b75-21a0bb8b1833-3 generated ready=True bytes=16182866
[435/3852] 09582207-e2c2-2de1-972c-225d968c2ab4-1 generated ready=True bytes=16496055
[436/3852] 137a8156-1db5-2cc0-80ff-73ceef09cc7c-1 generated ready=True bytes=16447535
[437/3852] 5555108f-36f1-29c0-8b75-21a0bb8b1833-1 generated ready=True bytes=22305351
[438/3852] 5555108f-36f1-29c0-8b75-21a0bb8b1833-2 generated ready=True bytes=28934137
[439/3852] 09582207-e2c2-2de1-972c-225d968c2ab4-2 generated ready=True bytes=16080446
[440/3852] 137a8156-1db5-2cc0-80ff-73ceef09cc7c-2 generated ready=True bytes=22300068
[441/3852] 5341b7e1-8a66-2cdd-87a3-02aad508ff86-3 generated ready=True bytes=21981097
[442/3852] 5341b7e1-8a66-2cdd-87a3-02aad508ff86-2 generated ready=True bytes=29021907
[443/3852] 5341b7e1-8a66-2cdd-87a3-02aad508ff86-1 generated ready=True bytes=36732472
[444/3852] 7747a523-9431-24e8-86ca-377091c35f6e-4 generated ready=True bytes=36749802
[445/3852] 7747a523-9431-24e8-86ca-377091c35f6e-1 generated ready=True bytes=36796376
[446/3852] 7747a523-9431-24e8-86ca-377091c35f6e-5 generated ready=True bytes=36769793
[447/3852] 7747a523-9431-24e8-86ca-377091c35f6e-3 generated ready=True bytes=29073991
[448/3852] 7747a523-9431-24e8-86ca-377091c35f6e-2 generated ready=True bytes=36800105
[449/3852] 4fbad32b-465b-2a5d-8499-85100e88f454-1 generated ready=True bytes=29349705
[450/3852] 4fbad32b-465b-2a5d-8499-85100e88f454-3 generated ready=True bytes=37005715
[451/3852] 4fbad32b-465b-2a5d-8499-85100e88f454-4 generated ready=True bytes=29131667
[452/3852] 4fbad32b-465b-2a5d-8499-85100e88f454-5 generated ready=True bytes=7074346
[453/3852] 210cdba9-9e8d-2832-862b-b37293fcc0e1-1 generated ready=True bytes=36823183
[454/3852] 210cdba9-9e8d-2832-862b-b37293fcc0e1-3 generated ready=True bytes=36810973
[455/3852] 210cdba9-9e8d-2832-862b-b37293fcc0e1-2 generated ready=True bytes=36814639
[456/3852] 210cdba9-9e8d-2832-862b-b37293fcc0e1-4 generated ready=True bytes=29196140
[457/3852] 4fbad32b-465b-2a5d-8499-85100e88f454-2 generated ready=True bytes=37356006
[458/3852] ba6fdaa8-a4c1-2dca-814b-4dd6cf0ed226-1 generated ready=True bytes=16460904
[459/3852] 3b7b33a9-1b11-283e-9b02-e8f35f6ba24c-2 generated ready=True bytes=36823063
[460/3852] 3b7b33a9-1b11-283e-9b02-e8f35f6ba24c-1 generated ready=True bytes=29136710
[461/3852] ba6fdaa8-a4c1-2dca-814b-4dd6cf0ed226-2 generated ready=True bytes=29067261
[462/3852] ba6fdaa8-a4c1-2dca-814b-4dd6cf0ed226-3 generated ready=True bytes=22288669
[463/3852] 752cc5a3-920c-26f5-8ff3-49518eff94c6-1 generated ready=True bytes=29007881
[464/3852] 752cc5a3-920c-26f5-8ff3-49518eff94c6-2 generated ready=True bytes=29165444
[465/3852] 752cc5a3-920c-26f5-8ff3-49518eff94c6-4 generated ready=True bytes=29105716
[466/3852] 752cc5a3-920c-26f5-8ff3-49518eff94c6-6 generated ready=True bytes=36777438
[467/3852] 752cc5a3-920c-26f5-8ff3-49518eff94c6-3 generated ready=True bytes=36797426
[468/3852] c92fb582-f771-2064-86b3-52c04298e4e6-2 generated ready=True bytes=29018814
[469/3852] 752cc5a3-920c-26f5-8ff3-49518eff94c6-5 generated ready=True bytes=36830522
[470/3852] 5341b7d3-8a66-2cdd-8633-0a3da632befa-1 generated ready=True bytes=22268053
[471/3852] 5341b7d3-8a66-2cdd-8633-0a3da632befa-2 generated ready=True bytes=36727284
[472/3852] 5341b7d3-8a66-2cdd-8633-0a3da632befa-3 generated ready=True bytes=29035146
[473/3852] 5341b7d3-8a66-2cdd-8633-0a3da632befa-4 generated ready=True bytes=22273589
[474/3852] 5341b7d3-8a66-2cdd-8633-0a3da632befa-5 generated ready=True bytes=16459175
[475/3852] 5341b7d3-8a66-2cdd-8633-0a3da632befa-6 generated ready=True bytes=29031960
[476/3852] 5341b7d3-8a66-2cdd-8633-0a3da632befa-7 generated ready=True bytes=16456352
[477/3852] 5341b7d3-8a66-2cdd-8633-0a3da632befa-9 generated ready=True bytes=11143566
[478/3852] c92fb582-f771-2064-86b3-52c04298e4e6-1 generated ready=True bytes=28920016
[479/3852] 5341b7d3-8a66-2cdd-8633-0a3da632befa-8 generated ready=True bytes=36735601
[480/3852] bf9a3dcb-45a5-2e80-83df-181fa8da160f-4 generated ready=True bytes=7077673
[481/3852] bf9a3dcb-45a5-2e80-83df-181fa8da160f-2 generated ready=True bytes=28913590
[482/3852] bf9a3dcb-45a5-2e80-83df-181fa8da160f-3 generated ready=True bytes=22295585
[483/3852] ad408c8b-84db-2095-8b87-5c3079e807fe-2 generated ready=True bytes=28884541
too few visible objects, scene missalignment possible
[484/3852] ad408c8b-84db-2095-8b87-5c3079e807fe-4 missing_output ready=False bytes=0
[485/3852] 5341b7dd-8a66-2cdd-8789-886081e65f53-1 generated ready=True bytes=36731649
[486/3852] ad408c8b-84db-2095-8b87-5c3079e807fe-1 generated ready=True bytes=36750726
[487/3852] 5341b7dd-8a66-2cdd-8789-886081e65f53-3 generated ready=True bytes=36719348
[488/3852] ad408c8b-84db-2095-8b87-5c3079e807fe-3 generated ready=True bytes=16466972
[489/3852] bf9a3dcb-45a5-2e80-83df-181fa8da160f-1 generated ready=True bytes=36768262
[490/3852] 20c993c1-698f-29c5-86b8-50a2a0907e2b-1 generated ready=True bytes=29028873
[491/3852] 5341b7dd-8a66-2cdd-8789-886081e65f53-2 generated ready=True bytes=29046921
[492/3852] 20c993c1-698f-29c5-86b8-50a2a0907e2b-2 generated ready=True bytes=29054511
[493/3852] f62fd5ff-9a3f-2f44-894c-462b3997d695-1 generated ready=True bytes=36750269
[494/3852] 20c993c1-698f-29c5-86b8-50a2a0907e2b-4 generated ready=True bytes=22013064
[495/3852] 20c993c1-698f-29c5-86b8-50a2a0907e2b-3 generated ready=True bytes=16518524
[496/3852] f62fd5ff-9a3f-2f44-894c-462b3997d695-2 generated ready=True bytes=36744120
[497/3852] f62fd5ff-9a3f-2f44-894c-462b3997d695-3 generated ready=True bytes=36767888
[498/3852] f62fd5ff-9a3f-2f44-894c-462b3997d695-4 generated ready=True bytes=29054250
[499/3852] 0ad2d3a3-79e2-2212-9a51-9094be707ec2-1 generated ready=True bytes=36729937
[500/3852] 0cac75ee-8d6f-2d13-8f1f-5f13d3b59ce3-1 generated ready=True bytes=16458278
[501/3852] 0ad2d3a3-79e2-2212-9a51-9094be707ec2-2 generated ready=True bytes=29019253
[502/3852] f62fd5ff-9a3f-2f44-894c-462b3997d695-5 generated ready=True bytes=36740819
[503/3852] 0cac75ee-8d6f-2d13-8f1f-5f13d3b59ce3-3 generated ready=True bytes=29024643
[504/3852] 0cac75ee-8d6f-2d13-8f1f-5f13d3b59ce3-2 generated ready=True bytes=22278654
[505/3852] 0ad2d389-79e2-2212-9b0a-5f0e6f4982b5-2 generated ready=True bytes=22143596
[506/3852] 0ad2d389-79e2-2212-9b0a-5f0e6f4982b5-1 generated ready=True bytes=36769289
[507/3852] 634d11d3-6833-255d-8cb0-12c4fb3ea031-1 generated ready=True bytes=36751383
[508/3852] 634d11d3-6833-255d-8cb0-12c4fb3ea031-5 generated ready=True bytes=7052262
[509/3852] 634d11d3-6833-255d-8cb0-12c4fb3ea031-4 generated ready=True bytes=29017070
[510/3852] 4731977c-f9f7-2a1a-976c-34c48a84405c-1 generated ready=True bytes=36826736
[511/3852] 634d11d3-6833-255d-8cb0-12c4fb3ea031-3 generated ready=True bytes=29088198
[512/3852] 0cac7599-8d6f-2d13-8e7f-4217750a64cc-2 generated ready=True bytes=22272760
[513/3852] 0cac7599-8d6f-2d13-8e7f-4217750a64cc-1 generated ready=True bytes=29047352
[514/3852] 4731977c-f9f7-2a1a-976c-34c48a84405c-2 generated ready=True bytes=36794956
[515/3852] 634d11d3-6833-255d-8cb0-12c4fb3ea031-2 generated ready=True bytes=29034618
[516/3852] 0cac7599-8d6f-2d13-8e7f-4217750a64cc-3 generated ready=True bytes=11601636
[517/3852] 0cac7599-8d6f-2d13-8e7f-4217750a64cc-4 generated ready=True bytes=29041575
[518/3852] 752cc583-920c-26f5-8fcc-02c767693c60-3 generated ready=True bytes=36834700
[519/3852] 752cc583-920c-26f5-8fcc-02c767693c60-2 generated ready=True bytes=36850693
[520/3852] 752cc583-920c-26f5-8fcc-02c767693c60-4 generated ready=True bytes=29142104
[521/3852] baf67389-8e94-22f8-8055-1d869ecfede9-1 generated ready=True bytes=29037863
[522/3852] 752cc583-920c-26f5-8fcc-02c767693c60-1 generated ready=True bytes=36879662
[523/3852] 6bde60c4-9162-246f-8c1e-b0c518544104-1 generated ready=True bytes=7645123
[524/3852] baf67389-8e94-22f8-8055-1d869ecfede9-2 generated ready=True bytes=22017205
[525/3852] 6bde60bc-9162-246f-8e50-ca5054c79322-1 generated ready=True bytes=36736551
[526/3852] 6bde60c4-9162-246f-8c1e-b0c518544104-2 generated ready=True bytes=16457976
[527/3852] 6bde60c4-9162-246f-8c1e-b0c518544104-3 generated ready=True bytes=16456063
[528/3852] 6bde60c4-9162-246f-8c1e-b0c518544104-4 generated ready=True bytes=16456909
[529/3852] 1d233ff6-e280-2b1a-8ed5-3eec62f9bb3f-1 generated ready=True bytes=16465380
[530/3852] 1d233ff6-e280-2b1a-8ed5-3eec62f9bb3f-3 generated ready=True bytes=29029150
[531/3852] 1d233ff6-e280-2b1a-8ed5-3eec62f9bb3f-2 generated ready=True bytes=36732396
[532/3852] 1d233ff6-e280-2b1a-8ed5-3eec62f9bb3f-4 generated ready=True bytes=22270032
[533/3852] 752cc585-920c-26f5-8e40-9e37e31cc861-4 generated ready=True bytes=22343852
[534/3852] 18d4d922-7eb5-280e-87bb-af3229fb1f13-1 generated ready=True bytes=29012588
[535/3852] 18d4d922-7eb5-280e-87bb-af3229fb1f13-2 generated ready=True bytes=16445592
[536/3852] 752cc585-920c-26f5-8e40-9e37e31cc861-2 generated ready=True bytes=29123710
[537/3852] 752cc585-920c-26f5-8e40-9e37e31cc861-1 generated ready=True bytes=36874637
[538/3852] 752cc585-920c-26f5-8e40-9e37e31cc861-3 generated ready=True bytes=36833956
[539/3852] ddc737b3-765b-241a-9c35-6b7662c04fc9-2 generated ready=True bytes=16458053
[540/3852] ddc737b3-765b-241a-9c35-6b7662c04fc9-1 generated ready=True bytes=36756756
[541/3852] 185d741d-3698-223c-8837-9dafd682c7f0-2 generated ready=True bytes=29099003
too few visible objects, scene missalignment possible
[542/3852] ddc737b3-765b-241a-9c35-6b7662c04fc9-5 missing_output ready=False bytes=0
[543/3852] ddc737b3-765b-241a-9c35-6b7662c04fc9-3 generated ready=True bytes=16461717
[544/3852] ddc737b3-765b-241a-9c35-6b7662c04fc9-4 generated ready=True bytes=16455101
[545/3852] 4d3d82a8-8cf4-2e04-8025-48aca980e0be-1 generated ready=True bytes=22288720
[546/3852] 5341b79d-8a66-2cdd-85e0-e95b96563cd3-1 generated ready=True bytes=11577154
[547/3852] 6a36052f-fa53-2915-9400-831b60c63077-2 generated ready=True bytes=11137210
[548/3852] 6a36052f-fa53-2915-9400-831b60c63077-1 generated ready=True bytes=16442485
[549/3852] 5341b79d-8a66-2cdd-85e0-e95b96563cd3-3 generated ready=True bytes=7639648
[550/3852] 0cac7602-8d6f-2d13-8ca7-c26866c2e42f-1 generated ready=True bytes=36723603
[551/3852] 5341b79d-8a66-2cdd-85e0-e95b96563cd3-2 generated ready=True bytes=22263301
[552/3852] 0cac7602-8d6f-2d13-8ca7-c26866c2e42f-2 generated ready=True bytes=29017394
[553/3852] 185d741d-3698-223c-8837-9dafd682c7f0-1 generated ready=True bytes=36813137
[554/3852] f4f315fe-8408-2255-974c-e485355f9f9d-1 generated ready=True bytes=29072444
[555/3852] f4f315fe-8408-2255-974c-e485355f9f9d-3 generated ready=True bytes=36759159
[556/3852] bcb0fe2b-4f39-2c70-9d6b-5e92d634ac35-1 generated ready=True bytes=22255006
[557/3852] bcb0fe2b-4f39-2c70-9d6b-5e92d634ac35-2 generated ready=True bytes=29012665
[558/3852] bcb0fe2b-4f39-2c70-9d6b-5e92d634ac35-3 generated ready=True bytes=10988510
[559/3852] 0cac7602-8d6f-2d13-8ca7-c26866c2e42f-3 generated ready=True bytes=29027429
[560/3852] f4f315fe-8408-2255-974c-e485355f9f9d-4 generated ready=True bytes=22313535
[561/3852] ddc737a7-765b-241a-9f27-0958b929deb5-1 generated ready=True bytes=16455067
[562/3852] ddc737a7-765b-241a-9f27-0958b929deb5-2 generated ready=True bytes=22278507
[563/3852] 77361fce-d054-2a22-8bb2-a870ab051854-1 generated ready=True bytes=16023722
[564/3852] 55551079-36f1-29c0-8bcf-aa3b2450b9c5-1 generated ready=True bytes=22258143
too few visible objects, scene missalignment possible
[565/3852] 55551079-36f1-29c0-8bcf-aa3b2450b9c5-2 missing_output ready=False bytes=0
[566/3852] ddc737a7-765b-241a-9f27-0958b929deb5-3 generated ready=True bytes=16455826
[567/3852] ddc737a7-765b-241a-9f27-0958b929deb5-4 generated ready=True bytes=22270720
[568/3852] f3d7fa58-2835-2805-83bc-d2c583045bb4-2 generated ready=True bytes=22167305
[569/3852] f3d7fa58-2835-2805-83bc-d2c583045bb4-3 generated ready=True bytes=29075965
[570/3852] f4f315fe-8408-2255-974c-e485355f9f9d-2 generated ready=True bytes=36849622
[571/3852] f3d7fa58-2835-2805-83bc-d2c583045bb4-1 generated ready=True bytes=36882315
[572/3852] a0905ff2-66f7-2272-9ec9-303aefe3713c-1 generated ready=True bytes=36741505
[573/3852] 54b263a3-0199-2df4-87db-40539528902d-1 generated ready=True bytes=36798330
[574/3852] a0905ff2-66f7-2272-9ec9-303aefe3713c-3 generated ready=True bytes=16457245
[575/3852] a0905ff2-66f7-2272-9ec9-303aefe3713c-2 generated ready=True bytes=22276092
[576/3852] e83fe657-2171-26c8-8c64-199f0871f98d-1 generated ready=True bytes=22258017
[577/3852] a0905ff2-66f7-2272-9ec9-303aefe3713c-4 generated ready=True bytes=16464649
[578/3852] e83fe657-2171-26c8-8c64-199f0871f98d-3 generated ready=True bytes=11427983
[579/3852] c92fb58a-f771-2064-8432-02b46f2b3e49-1 generated ready=True bytes=29021324
[580/3852] c92fb58a-f771-2064-8432-02b46f2b3e49-2 generated ready=True bytes=10988049
[581/3852] a0905ff2-66f7-2272-9ec9-303aefe3713c-5 generated ready=True bytes=22275233
[582/3852] e83fe657-2171-26c8-8c64-199f0871f98d-2 generated ready=True bytes=22273803
[583/3852] 54b263a3-0199-2df4-87db-40539528902d-2 generated ready=True bytes=36838579
[584/3852] 48699c02-d4a2-2f10-81c3-552d06ffcbb8-1 generated ready=True bytes=36740396
[585/3852] 48699c02-d4a2-2f10-81c3-552d06ffcbb8-3 generated ready=True bytes=22285572
[586/3852] 6bde6049-9162-246f-8c0e-25e1e80c0a45-2 generated ready=True bytes=7683783
too few visible objects, scene missalignment possible
[587/3852] 43b8caf1-6678-2e38-9ab4-0bdde7337aac-1 missing_output ready=False bytes=0
[588/3852] 48699c02-d4a2-2f10-81c3-552d06ffcbb8-4 generated ready=True bytes=29044303
[589/3852] 48699c02-d4a2-2f10-81c3-552d06ffcbb8-2 generated ready=True bytes=36768171
[590/3852] 6bde6049-9162-246f-8c0e-25e1e80c0a45-1 generated ready=True bytes=22331557
[591/3852] baf673a6-8e94-22f8-8047-575f7de04f21-1 generated ready=True bytes=29070013
[592/3852] 77941460-cfdf-29cb-86c7-1f60e2ecd07a-2 generated ready=True bytes=16033037
[593/3852] 77941460-cfdf-29cb-86c7-1f60e2ecd07a-1 generated ready=True bytes=36751382
[594/3852] ab835f9d-54c6-29a1-9aa1-f481b67b4a6d-1 generated ready=True bytes=29047015
[595/3852] ab835f9d-54c6-29a1-9aa1-f481b67b4a6d-2 generated ready=True bytes=29047800
[596/3852] ab835f9d-54c6-29a1-9aa1-f481b67b4a6d-3 generated ready=True bytes=22158777
[597/3852] 82def5da-25ba-20f9-8810-71be905b83db-1 generated ready=True bytes=29124792
[598/3852] a0905ffa-66f7-2272-9ca9-24c7ec00f34f-1 generated ready=True bytes=36757933
[599/3852] 82def5da-25ba-20f9-8810-71be905b83db-2 generated ready=True bytes=29112405
[600/3852] a0905ffa-66f7-2272-9ca9-24c7ec00f34f-4 generated ready=True bytes=7512182
[601/3852] a0905ffa-66f7-2272-9ca9-24c7ec00f34f-3 generated ready=True bytes=29051331
[602/3852] 752cc59d-920c-26f5-8d45-d78b49fe63f3-1 generated ready=True bytes=22188200
[603/3852] 752cc59d-920c-26f5-8d45-d78b49fe63f3-3 generated ready=True bytes=29111558
[604/3852] a0905ffa-66f7-2272-9ca9-24c7ec00f34f-2 generated ready=True bytes=36786204
[605/3852] 752cc59d-920c-26f5-8d45-d78b49fe63f3-2 generated ready=True bytes=29145048
[606/3852] 6a360543-fa53-2915-95a7-697af24d1d25-1 generated ready=True bytes=11429583
too few visible objects, scene missalignment possible
[607/3852] 6a360543-fa53-2915-95a7-697af24d1d25-4 missing_output ready=False bytes=0
[608/3852] 6a360543-fa53-2915-95a7-697af24d1d25-2 generated ready=True bytes=22276077
[609/3852] 6a360543-fa53-2915-95a7-697af24d1d25-3 generated ready=True bytes=11580897
[610/3852] 752cc59d-920c-26f5-8d45-d78b49fe63f3-4 generated ready=True bytes=29003945
[611/3852] d7d40d40-7a5d-2b36-977c-4e35fdd5f03a-1 generated ready=True bytes=29037462
[612/3852] 8eabc428-5af7-2f32-8659-97a21d90a06b-1 generated ready=True bytes=36813236
[613/3852] 8eabc428-5af7-2f32-8659-97a21d90a06b-3 generated ready=True bytes=36805315
[614/3852] 8eabc428-5af7-2f32-8659-97a21d90a06b-2 generated ready=True bytes=36803635
[615/3852] 1c21154a-f201-2d25-8573-d3e22ddfe900-3 generated ready=True bytes=29051132
[616/3852] 1c21154a-f201-2d25-8573-d3e22ddfe900-2 generated ready=True bytes=36739431
[617/3852] 1c21154a-f201-2d25-8573-d3e22ddfe900-4 generated ready=True bytes=16489093
[618/3852] 1c21154a-f201-2d25-8573-d3e22ddfe900-1 generated ready=True bytes=36772287
[619/3852] 1c21154a-f201-2d25-8573-d3e22ddfe900-5 generated ready=True bytes=29056959
[620/3852] 4731977a-f9f7-2a1a-97ae-97ad06041da5-2 generated ready=True bytes=22274194
[621/3852] 10b1792c-3938-2467-8b57-bc0b18bc6b13-2 generated ready=True bytes=22304356
[622/3852] 10b1792c-3938-2467-8b57-bc0b18bc6b13-1 generated ready=True bytes=29060623
[623/3852] 4731977a-f9f7-2a1a-97ae-97ad06041da5-1 generated ready=True bytes=29043233
[624/3852] cdcaf5bb-ddd8-2ed6-9714-55394577db57-1 generated ready=True bytes=36778778
[625/3852] 10b1792c-3938-2467-8b57-bc0b18bc6b13-4 generated ready=True bytes=22305805
[626/3852] 10b1792c-3938-2467-8b57-bc0b18bc6b13-5 generated ready=True bytes=22025257
[627/3852] 10b1792c-3938-2467-8b57-bc0b18bc6b13-3 generated ready=True bytes=29090685
[628/3852] cdcaf5bb-ddd8-2ed6-9714-55394577db57-5 generated ready=True bytes=16034029
[629/3852] cdcaf5bb-ddd8-2ed6-9714-55394577db57-3 generated ready=True bytes=29074929
[630/3852] 2451c046-fae8-24f6-91fb-c25185c51c7b-2 generated ready=True bytes=11149847
[631/3852] cdcaf5bb-ddd8-2ed6-9714-55394577db57-4 generated ready=True bytes=29060227
[632/3852] 18d4d924-7eb5-280e-8764-f9654f215144-1 generated ready=True bytes=36746696
[633/3852] cdcaf5bb-ddd8-2ed6-9714-55394577db57-2 generated ready=True bytes=36799980
[634/3852] 2451c046-fae8-24f6-91fb-c25185c51c7b-1 generated ready=True bytes=29100561
[635/3852] 18d4d924-7eb5-280e-8764-f9654f215144-2 generated ready=True bytes=28888813
[636/3852] 754e884e-ea24-2175-88bf-5fd89d996e36-1 generated ready=True bytes=36858265
[637/3852] 754e884e-ea24-2175-88bf-5fd89d996e36-3 generated ready=True bytes=22359646
[638/3852] 754e884e-ea24-2175-88bf-5fd89d996e36-4 generated ready=True bytes=36839214
[639/3852] 754e884e-ea24-2175-88bf-5fd89d996e36-6 generated ready=True bytes=29160015
[640/3852] 754e884e-ea24-2175-88bf-5fd89d996e36-2 generated ready=True bytes=36986108
[641/3852] 754e884e-ea24-2175-88bf-5fd89d996e36-7 generated ready=True bytes=28996718
[642/3852] 7747a502-9431-24e8-8456-5c6bc3e2eea3-1 generated ready=True bytes=36789562
[643/3852] 7747a502-9431-24e8-8456-5c6bc3e2eea3-3 generated ready=True bytes=29131942
[644/3852] 754e884e-ea24-2175-88bf-5fd89d996e36-5 generated ready=True bytes=36878643
[645/3852] 7747a502-9431-24e8-8456-5c6bc3e2eea3-2 generated ready=True bytes=36805071
[646/3852] 7747a502-9431-24e8-8456-5c6bc3e2eea3-5 generated ready=True bytes=7266335
[647/3852] 0cac768c-8d6f-2d13-8cc8-7ace156fc3e7-1 generated ready=True bytes=7053381
[648/3852] 74ef8474-9dce-2d66-82e5-309429937089-3 generated ready=True bytes=7644842
[649/3852] 7747a502-9431-24e8-8456-5c6bc3e2eea3-4 generated ready=True bytes=29141009
[650/3852] 74ef8474-9dce-2d66-82e5-309429937089-1 generated ready=True bytes=29025316
[651/3852] 74ef8474-9dce-2d66-82e5-309429937089-4 generated ready=True bytes=11427914
[652/3852] 74ef8474-9dce-2d66-82e5-309429937089-2 generated ready=True bytes=29028751
[653/3852] 7f30f368-42f9-27ed-852b-e6cfc067acea-2 generated ready=True bytes=28918260
[654/3852] 7f30f368-42f9-27ed-852b-e6cfc067acea-1 generated ready=True bytes=29098065
[655/3852] 7f30f368-42f9-27ed-852b-e6cfc067acea-4 generated ready=True bytes=28927845
[656/3852] 6a360545-fa53-2915-9484-a3de8990a423-1 generated ready=True bytes=16485608
[657/3852] 7f30f368-42f9-27ed-852b-e6cfc067acea-7 generated ready=True bytes=16499951
[658/3852] 7f30f368-42f9-27ed-852b-e6cfc067acea-8 generated ready=True bytes=7247290
[659/3852] 7f30f368-42f9-27ed-852b-e6cfc067acea-6 generated ready=True bytes=36770502
[660/3852] 7f30f368-42f9-27ed-852b-e6cfc067acea-3 generated ready=True bytes=29175084
[661/3852] 7f30f368-42f9-27ed-852b-e6cfc067acea-5 generated ready=True bytes=36794635
[662/3852] d7d40d5c-7a5d-2b36-9433-ee98b893988d-3 generated ready=True bytes=29052880
[663/3852] d7d40d5c-7a5d-2b36-9433-ee98b893988d-2 generated ready=True bytes=29049077
[664/3852] d7d40d5c-7a5d-2b36-9433-ee98b893988d-1 generated ready=True bytes=28935289
[665/3852] 6bde60e6-9162-246f-8d7f-823d12b5e358-2 generated ready=True bytes=36765140
[666/3852] d7d40d5c-7a5d-2b36-9433-ee98b893988d-4 generated ready=True bytes=22332666
[667/3852] 6bde60e6-9162-246f-8d7f-823d12b5e358-1 generated ready=True bytes=29092297
[668/3852] 6bde60e6-9162-246f-8d7f-823d12b5e358-3 generated ready=True bytes=22314822
[669/3852] 6bde60e6-9162-246f-8d7f-823d12b5e358-5 generated ready=True bytes=36771479
[670/3852] 6bde60e6-9162-246f-8d7f-823d12b5e358-4 generated ready=True bytes=36784164
[671/3852] 6bde60e6-9162-246f-8d7f-823d12b5e358-6 generated ready=True bytes=36768554
[672/3852] 6bde60e6-9162-246f-8d7f-823d12b5e358-7 generated ready=True bytes=36789811
too few visible objects, scene missalignment possible
[673/3852] 0cac75d0-8d6f-2d13-8c26-d771a31c3f50-2 missing_output ready=False bytes=0
[674/3852] 6bde60e6-9162-246f-8d7f-823d12b5e358-8 generated ready=True bytes=36769349
[675/3852] 0cac75d0-8d6f-2d13-8c26-d771a31c3f50-3 generated ready=True bytes=11591365
[676/3852] 0cac75d0-8d6f-2d13-8c26-d771a31c3f50-1 generated ready=True bytes=16470657
[677/3852] 0cac75d0-8d6f-2d13-8c26-d771a31c3f50-4 generated ready=True bytes=16476445
[678/3852] 0cac75d0-8d6f-2d13-8c26-d771a31c3f50-5 generated ready=True bytes=11162259
[679/3852] 4e858c95-fd93-2cb4-853e-1233ae90402a-4 generated ready=True bytes=7381690
[680/3852] 4e858c95-fd93-2cb4-853e-1233ae90402a-2 generated ready=True bytes=11603946
[681/3852] 5341b7c3-8a66-2cdd-8651-225a7489523a-1 generated ready=True bytes=22261675
[682/3852] 5341b7c3-8a66-2cdd-8651-225a7489523a-3 generated ready=True bytes=16448631
[683/3852] 5341b7c3-8a66-2cdd-8651-225a7489523a-2 generated ready=True bytes=36715009
[684/3852] 4e858c95-fd93-2cb4-853e-1233ae90402a-3 generated ready=True bytes=11603101
[685/3852] 4e858c95-fd93-2cb4-853e-1233ae90402a-1 generated ready=True bytes=29054625
[686/3852] 422885d4-192d-25fc-862e-b0cc5a8c13e1-2 generated ready=True bytes=36810642
[687/3852] 422885d4-192d-25fc-862e-b0cc5a8c13e1-3 generated ready=True bytes=36832831
[688/3852] 422885d4-192d-25fc-862e-b0cc5a8c13e1-1 generated ready=True bytes=22235317
[689/3852] 422885d4-192d-25fc-862e-b0cc5a8c13e1-4 generated ready=True bytes=36844910
[690/3852] 422885d4-192d-25fc-862e-b0cc5a8c13e1-6 generated ready=True bytes=36796944
[691/3852] 422885d4-192d-25fc-862e-b0cc5a8c13e1-5 generated ready=True bytes=36842104
[692/3852] 1776ad7c-4db7-2333-88b3-edb7a9803f6f-1 generated ready=True bytes=16463725
[693/3852] 1776ad7c-4db7-2333-88b3-edb7a9803f6f-3 generated ready=True bytes=7351935
[694/3852] 1776ad7c-4db7-2333-88b3-edb7a9803f6f-2 generated ready=True bytes=16450703
[695/3852] c92fb5a9-f771-2064-86fc-ae25bdd558c4-2 generated ready=True bytes=11146665
[696/3852] ffa41872-6f78-2040-8600-7b90c9a0fa89-1 generated ready=True bytes=36720193
[697/3852] ffa41872-6f78-2040-8600-7b90c9a0fa89-3 generated ready=True bytes=29019470
[698/3852] 422885d4-192d-25fc-862e-b0cc5a8c13e1-7 generated ready=True bytes=36858662
[699/3852] ffa41872-6f78-2040-8600-7b90c9a0fa89-2 generated ready=True bytes=29033746
[700/3852] 352e9c48-69fb-27a7-8a35-3dbf699637c8-1 generated ready=True bytes=16299979
[701/3852] 5341b7e9-8a66-2cdd-86a9-62cf7da55c0a-3 generated ready=True bytes=11001781
[702/3852] 5341b7e9-8a66-2cdd-86a9-62cf7da55c0a-2 generated ready=True bytes=16461396
[703/3852] 5104a9c9-adc4-2a85-917e-92cb27d635fb-1 generated ready=True bytes=28977014
[704/3852] c92fb5a9-f771-2064-86fc-ae25bdd558c4-1 generated ready=True bytes=36769443
[705/3852] 5104a9c9-adc4-2a85-917e-92cb27d635fb-2 generated ready=True bytes=36896708
[706/3852] 5341b7e9-8a66-2cdd-86a9-62cf7da55c0a-1 generated ready=True bytes=29047921
too few visible objects, scene missalignment possible
[707/3852] 0cac753c-8d6f-2d13-8e27-e0664fc33bb9-1 missing_output ready=False bytes=0
[708/3852] 5104a9c9-adc4-2a85-917e-92cb27d635fb-3 generated ready=True bytes=36863382
[709/3852] 5104a9c9-adc4-2a85-917e-92cb27d635fb-4 generated ready=True bytes=36854918
[710/3852] 0cac753c-8d6f-2d13-8e27-e0664fc33bb9-2 generated ready=True bytes=11564454
[711/3852] b8837e3c-57ec-29c6-881d-aa1c1c08679e-1 generated ready=True bytes=36730943
[712/3852] 5104a9c9-adc4-2a85-917e-92cb27d635fb-5 generated ready=True bytes=37010856
[713/3852] baf6739d-8e94-22f8-8147-feefe48f828b-1 generated ready=True bytes=22326992
[714/3852] baf6739d-8e94-22f8-8147-feefe48f828b-2 generated ready=True bytes=36753745
[715/3852] 8eabc405-5af7-2f32-86d2-d757fa7b019d-3 generated ready=True bytes=16457393
[716/3852] 8eabc405-5af7-2f32-86d2-d757fa7b019d-2 generated ready=True bytes=29032104
[717/3852] 0cac765e-8d6f-2d13-8d01-8f28e99c016c-1 generated ready=True bytes=36726200
[718/3852] 8eabc405-5af7-2f32-86d2-d757fa7b019d-4 generated ready=True bytes=22274482
[719/3852] 8eabc405-5af7-2f32-86d2-d757fa7b019d-1 generated ready=True bytes=22141443
[720/3852] 0cac765e-8d6f-2d13-8d01-8f28e99c016c-2 generated ready=True bytes=11581397
[721/3852] 0cac765e-8d6f-2d13-8d01-8f28e99c016c-3 generated ready=True bytes=16443042
[722/3852] 283ccfef-107c-24d5-8aa6-c570e923c134-2 generated ready=True bytes=16479342
[723/3852] 283ccfef-107c-24d5-8aa6-c570e923c134-3 generated ready=True bytes=7102299
[724/3852] b1f23305-d255-2761-95c6-9d89279ef29e-2 generated ready=True bytes=11004660
[725/3852] b1f23305-d255-2761-95c6-9d89279ef29e-1 generated ready=True bytes=29027754
[726/3852] 4d3d82bc-8cf4-2e04-8007-e2f7fe679737-3 generated ready=True bytes=16063528
[727/3852] 283ccfef-107c-24d5-8aa6-c570e923c134-1 generated ready=True bytes=29098088
[728/3852] 4d3d82bc-8cf4-2e04-8007-e2f7fe679737-1 generated ready=True bytes=22343494
[729/3852] a38a57e0-8a91-2e91-9349-9a2e62dbda62-2 generated ready=True bytes=16458882
[730/3852] a38a57e0-8a91-2e91-9349-9a2e62dbda62-1 generated ready=True bytes=16466719
[731/3852] 4d3d82bc-8cf4-2e04-8007-e2f7fe679737-2 generated ready=True bytes=36836527
[732/3852] bcb0fe29-4f39-2c70-9f18-79507a4e9a30-1 generated ready=True bytes=29018335
[733/3852] bcb0fe29-4f39-2c70-9f18-79507a4e9a30-2 generated ready=True bytes=11132062
[734/3852] bf9a3dbc-45a5-2e80-80d0-6dc2f6a6f1e9-1 generated ready=True bytes=11566136
[735/3852] bf9a3dbc-45a5-2e80-80d0-6dc2f6a6f1e9-2 generated ready=True bytes=22115875
[736/3852] 82def5dc-25ba-20f9-8ba3-3bb706799abd-1 generated ready=True bytes=16495639
[737/3852] 82def5dc-25ba-20f9-8ba3-3bb706799abd-2 generated ready=True bytes=16350063
[738/3852] a38a57e0-8a91-2e91-9349-9a2e62dbda62-3 generated ready=True bytes=36747393
[739/3852] 0cac7660-8d6f-2d13-8ecb-3e29d78a7718-1 generated ready=True bytes=22258462
[740/3852] 0cac7660-8d6f-2d13-8ecb-3e29d78a7718-2 generated ready=True bytes=11567960
too few visible objects, scene missalignment possible
[741/3852] 0cac7660-8d6f-2d13-8ecb-3e29d78a7718-3 missing_output ready=False bytes=0
[742/3852] 77361fc4-d054-2a22-899f-58d6462c9d6a-3 generated ready=True bytes=7075315
[743/3852] 0cac7595-8d6f-2d13-8cad-f51af4c9aba2-1 generated ready=True bytes=16460337
[744/3852] 0cac7595-8d6f-2d13-8cad-f51af4c9aba2-3 generated ready=True bytes=7646145
[745/3852] 68bae766-3567-2f7c-825a-f0522da62564-1 generated ready=True bytes=36716984
[746/3852] 0cac7595-8d6f-2d13-8cad-f51af4c9aba2-2 generated ready=True bytes=29031246
[747/3852] 751a558a-fe61-2c3b-8f24-9c288e5fca94-1 generated ready=True bytes=28896222
[748/3852] 77361fc4-d054-2a22-899f-58d6462c9d6a-2 generated ready=True bytes=16476252
[749/3852] 68bae766-3567-2f7c-825a-f0522da62564-2 generated ready=True bytes=29031651
[750/3852] 751a558a-fe61-2c3b-8f24-9c288e5fca94-4 generated ready=True bytes=36748431
[751/3852] 751a558a-fe61-2c3b-8f24-9c288e5fca94-3 generated ready=True bytes=36754639
[752/3852] 751a558a-fe61-2c3b-8f24-9c288e5fca94-2 generated ready=True bytes=36767887
[753/3852] 77361fc4-d054-2a22-899f-58d6462c9d6a-1 generated ready=True bytes=36746144
[754/3852] 352e9c3a-69fb-27a7-897c-83e7341b28eb-3 generated ready=True bytes=29038252
[755/3852] 352e9c3a-69fb-27a7-897c-83e7341b28eb-2 generated ready=True bytes=22301193
[756/3852] 68bae76a-3567-2f7c-8143-f70365deb0f7-1 generated ready=True bytes=22262424
[757/3852] 352e9c3a-69fb-27a7-897c-83e7341b28eb-4 generated ready=True bytes=36728321
[758/3852] 352e9c3a-69fb-27a7-897c-83e7341b28eb-5 generated ready=True bytes=7501375
[759/3852] 352e9c3a-69fb-27a7-897c-83e7341b28eb-1 generated ready=True bytes=22306767
[760/3852] 68bae76a-3567-2f7c-8143-f70365deb0f7-2 generated ready=True bytes=29038865
[761/3852] bf9a3df1-45a5-2e80-8198-0652e415e289-1 generated ready=True bytes=28890487
[762/3852] bf9a3df1-45a5-2e80-8198-0652e415e289-2 generated ready=True bytes=36729242
[763/3852] 3544f968-0327-249b-909d-83e3fb0f7bfc-1 generated ready=True bytes=36866028
[764/3852] bf9a3df1-45a5-2e80-8198-0652e415e289-4 generated ready=True bytes=11141312
[765/3852] c12890de-d3df-2d0d-85bf-b248e7c3431d-1 generated ready=True bytes=29191307
[766/3852] ad408c8f-84db-2095-8a45-03100fbc4f86-2 generated ready=True bytes=36723690
[767/3852] ad408c8f-84db-2095-8a45-03100fbc4f86-3 generated ready=True bytes=16304134
[768/3852] ad408c8f-84db-2095-8a45-03100fbc4f86-1 generated ready=True bytes=22267989
[769/3852] c7895f5d-339c-2d13-8003-0763dfb1b23c-1 generated ready=True bytes=16444163
[770/3852] c7895f5d-339c-2d13-8003-0763dfb1b23c-2 generated ready=True bytes=16444583
[771/3852] bf9a3df1-45a5-2e80-8198-0652e415e289-3 generated ready=True bytes=29064839
[772/3852] ad408c8f-84db-2095-8a45-03100fbc4f86-4 generated ready=True bytes=16502061
[773/3852] c7895f5d-339c-2d13-8003-0763dfb1b23c-3 generated ready=True bytes=11570986
[774/3852] 4731976a-f9f7-2a1a-9737-305b709ca37f-1 generated ready=True bytes=36750018
[775/3852] 4731976a-f9f7-2a1a-9737-305b709ca37f-2 generated ready=True bytes=36768526
[776/3852] 4731976a-f9f7-2a1a-9737-305b709ca37f-4 generated ready=True bytes=36759410
[777/3852] 4731976a-f9f7-2a1a-9737-305b709ca37f-5 generated ready=True bytes=22007877
[778/3852] 3544f968-0327-249b-909d-83e3fb0f7bfc-2 generated ready=True bytes=36926769
[779/3852] 185d741b-3698-223c-8ba0-48db6ecbe220-2 generated ready=True bytes=16460328
[780/3852] 185d741b-3698-223c-8ba0-48db6ecbe220-1 generated ready=True bytes=29077135
[781/3852] 185d741b-3698-223c-8ba0-48db6ecbe220-3 generated ready=True bytes=16179150
too few visible objects, scene missalignment possible
[782/3852] 6bde604d-9162-246f-8d7d-631c1e992162-1 missing_output ready=False bytes=0
[783/3852] 4731976a-f9f7-2a1a-9737-305b709ca37f-3 generated ready=True bytes=29114226
[784/3852] 0ad2d384-79e2-2212-9b18-72b44eb5463f-3 generated ready=True bytes=11575259
[785/3852] 0ad2d384-79e2-2212-9b18-72b44eb5463f-2 generated ready=True bytes=16462635
[786/3852] 0ad2d384-79e2-2212-9b18-72b44eb5463f-1 generated ready=True bytes=16457009
[787/3852] 5630cfe9-12bf-2860-840b-7363340dd0c4-1 generated ready=True bytes=36797254
[788/3852] 0ad2d39d-79e2-2212-99aa-1e95c5b94289-2 generated ready=True bytes=22289666
[789/3852] 0ad2d39d-79e2-2212-99aa-1e95c5b94289-1 generated ready=True bytes=16494724
too few visible objects, scene missalignment possible
[790/3852] 8eabc409-5af7-2f32-85b1-54d9794543c9-2 missing_output ready=False bytes=0
[791/3852] 0ad2d384-79e2-2212-9b18-72b44eb5463f-4 generated ready=True bytes=29037846
[792/3852] 8eabc409-5af7-2f32-85b1-54d9794543c9-1 generated ready=True bytes=16312886
[793/3852] 8eabc409-5af7-2f32-85b1-54d9794543c9-5 generated ready=True bytes=11293399
too few visible objects, scene missalignment possible
[794/3852] 355465d4-d29b-29f9-9550-e366a10d6924-1 missing_output ready=False bytes=0
[795/3852] 0ad2d39d-79e2-2212-99aa-1e95c5b94289-3 generated ready=True bytes=36747445
[796/3852] 8eabc409-5af7-2f32-85b1-54d9794543c9-4 generated ready=True bytes=29036401
[797/3852] 8eabc409-5af7-2f32-85b1-54d9794543c9-3 generated ready=True bytes=16464642
[798/3852] 4e858c83-fd93-2cb4-864f-f127e87e0783-3 generated ready=True bytes=16466312
[799/3852] ad408c8d-84db-2095-8963-4570e5546cbd-1 generated ready=True bytes=22129502
[800/3852] ad408c8d-84db-2095-8963-4570e5546cbd-2 generated ready=True bytes=36727018
[801/3852] 4e858c83-fd93-2cb4-864f-f127e87e0783-4 generated ready=True bytes=7514712
[802/3852] 4e858c83-fd93-2cb4-864f-f127e87e0783-1 generated ready=True bytes=29032622
[803/3852] ad408c8d-84db-2095-8963-4570e5546cbd-4 generated ready=True bytes=22264044
[804/3852] 8f0f1434-55de-28ce-80ee-1f84b796e1cc-2 generated ready=True bytes=22000713
[805/3852] 8f0f1434-55de-28ce-80ee-1f84b796e1cc-1 generated ready=True bytes=29091455
[806/3852] ad408c8d-84db-2095-8963-4570e5546cbd-3 generated ready=True bytes=22280458
[807/3852] 4e858c83-fd93-2cb4-864f-f127e87e0783-2 generated ready=True bytes=36745858
[808/3852] 73315a2b-185c-2c8a-8772-fe23ddd2f531-1 generated ready=True bytes=28932005
[809/3852] 73315a2b-185c-2c8a-8772-fe23ddd2f531-4 generated ready=True bytes=36781157
[810/3852] 73315a2b-185c-2c8a-8772-fe23ddd2f531-2 generated ready=True bytes=36804369
[811/3852] 8f0f1455-55de-28ce-832d-d58f1c6c398d-1 generated ready=True bytes=36733085
[812/3852] 73315a2b-185c-2c8a-8772-fe23ddd2f531-3 generated ready=True bytes=36802265
[813/3852] 73315a2b-185c-2c8a-8772-fe23ddd2f531-5 generated ready=True bytes=11628938
[814/3852] fa79392f-7766-2d5c-869a-f5d6cfb62fc6-2 generated ready=True bytes=7528244
[815/3852] 0cac754d-8d6f-2d13-8c81-d134a19b0045-1 generated ready=True bytes=36731308
[816/3852] fa79392f-7766-2d5c-869a-f5d6cfb62fc6-1 generated ready=True bytes=16536934
[817/3852] 0cac754d-8d6f-2d13-8c81-d134a19b0045-2 generated ready=True bytes=22332361
[818/3852] fa79392f-7766-2d5c-869a-f5d6cfb62fc6-5 generated ready=True bytes=22341464
[819/3852] fa79392f-7766-2d5c-869a-f5d6cfb62fc6-7 generated ready=True bytes=7677214
too few visible objects, scene missalignment possible
[820/3852] fcf66dbc-622d-291c-8481-6e8761c93e21-1 missing_output ready=False bytes=0
[821/3852] fa79392f-7766-2d5c-869a-f5d6cfb62fc6-6 generated ready=True bytes=22319528
[822/3852] fa79392f-7766-2d5c-869a-f5d6cfb62fc6-4 generated ready=True bytes=29165296
[823/3852] fcf66dbc-622d-291c-8481-6e8761c93e21-3 generated ready=True bytes=16447948
[824/3852] ddc737a5-765b-241a-9cd2-c6e7a89aa43d-1 generated ready=True bytes=7654127
[825/3852] fcf66dbc-622d-291c-8481-6e8761c93e21-2 generated ready=True bytes=16482969
[826/3852] fa79392f-7766-2d5c-869a-f5d6cfb62fc6-3 generated ready=True bytes=22359324
[827/3852] ddc737a5-765b-241a-9cd2-c6e7a89aa43d-3 generated ready=True bytes=16471105
[828/3852] ddc737a5-765b-241a-9cd2-c6e7a89aa43d-4 generated ready=True bytes=7215071
[829/3852] ddc737a5-765b-241a-9cd2-c6e7a89aa43d-2 generated ready=True bytes=16489199
[830/3852] 0cac760f-8d6f-2d13-8d9d-2d8df8f8cb6e-4 generated ready=True bytes=7352877
[831/3852] 0cac760f-8d6f-2d13-8d9d-2d8df8f8cb6e-1 generated ready=True bytes=16464367
[832/3852] 0cac760f-8d6f-2d13-8d9d-2d8df8f8cb6e-3 generated ready=True bytes=16455823
[833/3852] 0cac760f-8d6f-2d13-8d9d-2d8df8f8cb6e-2 generated ready=True bytes=29037756
[834/3852] c12890e0-d3df-2d0d-87f7-9b8b04f663a5-4 generated ready=True bytes=22164501
[835/3852] c12890e0-d3df-2d0d-87f7-9b8b04f663a5-1 generated ready=True bytes=36984515
[836/3852] c12890e0-d3df-2d0d-87f7-9b8b04f663a5-2 generated ready=True bytes=37006320
[837/3852] c12890e0-d3df-2d0d-87f7-9b8b04f663a5-3 generated ready=True bytes=37036426
[838/3852] d7d40d66-7a5d-2b36-941c-8c8d61e4e0ab-1 generated ready=True bytes=36785000
[839/3852] c12890e0-d3df-2d0d-87f7-9b8b04f663a5-5 generated ready=True bytes=22262378
[840/3852] fcf66db4-622d-291c-8720-d0a6bbd17846-1 generated ready=True bytes=22260085
[841/3852] d7d40d66-7a5d-2b36-941c-8c8d61e4e0ab-4 generated ready=True bytes=22009258
[842/3852] fcf66db4-622d-291c-8720-d0a6bbd17846-2 generated ready=True bytes=7649742
too few visible objects, scene missalignment possible
[843/3852] fcf66db4-622d-291c-8720-d0a6bbd17846-4 missing_output ready=False bytes=0
[844/3852] d7d40d66-7a5d-2b36-941c-8c8d61e4e0ab-3 generated ready=True bytes=29070973
[845/3852] d7d40d66-7a5d-2b36-941c-8c8d61e4e0ab-2 generated ready=True bytes=36767291
[846/3852] 569d8f1c-72aa-2f24-89bb-0df7a0653c26-3 generated ready=True bytes=7057702
[847/3852] fcf66d9e-622d-291c-84c2-bb23dfe31327-1 generated ready=True bytes=22262000
[848/3852] fcf66d9e-622d-291c-84c2-bb23dfe31327-2 generated ready=True bytes=36721867
[849/3852] fcf66d9e-622d-291c-84c2-bb23dfe31327-3 generated ready=True bytes=11134131
[850/3852] ebc4204c-82a4-2113-85cb-529a884b1629-1 generated ready=True bytes=29019502
[851/3852] ebc4204c-82a4-2113-85cb-529a884b1629-2 generated ready=True bytes=21975022
[852/3852] fcf66db4-622d-291c-8720-d0a6bbd17846-3 generated ready=True bytes=22286092
[853/3852] 569d8f1c-72aa-2f24-89bb-0df7a0653c26-2 generated ready=True bytes=29019896
[854/3852] 569d8f1c-72aa-2f24-89bb-0df7a0653c26-1 generated ready=True bytes=11578242
too few visible objects, scene missalignment possible
[855/3852] 5341b7b5-8a66-2cdd-841d-805bfa2c44b5-4 missing_output ready=False bytes=0
[856/3852] 5341b7b5-8a66-2cdd-841d-805bfa2c44b5-1 generated ready=True bytes=16475035
[857/3852] 5341b7b5-8a66-2cdd-841d-805bfa2c44b5-2 generated ready=True bytes=22285493
[858/3852] 5341b7b5-8a66-2cdd-841d-805bfa2c44b5-3 generated ready=True bytes=11609453
[859/3852] 5341b7b5-8a66-2cdd-841d-805bfa2c44b5-5 generated ready=True bytes=11456588
[860/3852] c92fb57c-f771-2064-8536-7d7f40cfdf51-2 generated ready=True bytes=28926182
[861/3852] c92fb57c-f771-2064-8536-7d7f40cfdf51-1 generated ready=True bytes=29078275
[862/3852] a0905ff4-66f7-2272-9e2c-823789eb613a-1 generated ready=True bytes=36720689
[863/3852] a0905ff4-66f7-2272-9e2c-823789eb613a-2 generated ready=True bytes=11587879
[864/3852] a0905ff4-66f7-2272-9e2c-823789eb613a-3 generated ready=True bytes=22276159
[865/3852] dbeb4d1f-faf9-2324-98d1-605c3c0c0658-1 generated ready=True bytes=29057078
[866/3852] c12890cc-d3df-2d0d-85cd-eebc3e1c4b62-2 generated ready=True bytes=36806400
[867/3852] 47319772-f9f7-2a1a-9768-108df4f37ab9-1 generated ready=True bytes=36769932
[868/3852] c12890cc-d3df-2d0d-85cd-eebc3e1c4b62-1 generated ready=True bytes=36841447
[869/3852] 47319772-f9f7-2a1a-9768-108df4f37ab9-2 generated ready=True bytes=22192473
[870/3852] c12890cc-d3df-2d0d-85cd-eebc3e1c4b62-4 generated ready=True bytes=11035589
[871/3852] 352e9c36-69fb-27a7-889f-69b450a22b74-1 generated ready=True bytes=16474601
[872/3852] c12890cc-d3df-2d0d-85cd-eebc3e1c4b62-3 generated ready=True bytes=36833663
[873/3852] 352e9c36-69fb-27a7-889f-69b450a22b74-3 generated ready=True bytes=16466248
too few visible objects, scene missalignment possible
[874/3852] 352e9c36-69fb-27a7-889f-69b450a22b74-6 missing_output ready=False bytes=0
[875/3852] 352e9c36-69fb-27a7-889f-69b450a22b74-2 generated ready=True bytes=22275688
[876/3852] 352e9c36-69fb-27a7-889f-69b450a22b74-7 generated ready=True bytes=11584154
[877/3852] 352e9c36-69fb-27a7-889f-69b450a22b74-5 generated ready=True bytes=22284192
[878/3852] 352e9c36-69fb-27a7-889f-69b450a22b74-4 generated ready=True bytes=36736223
[879/3852] 4e858c81-fd93-2cb4-8469-d9226116b5de-1 generated ready=True bytes=16462581
[880/3852] 4e858c81-fd93-2cb4-8469-d9226116b5de-2 generated ready=True bytes=29047537
[881/3852] cdcaf5c1-ddd8-2ed6-9553-bcaa06ad43da-1 generated ready=True bytes=36865468
[882/3852] 4e858c81-fd93-2cb4-8469-d9226116b5de-4 generated ready=True bytes=16466731
[883/3852] cdcaf5c1-ddd8-2ed6-9553-bcaa06ad43da-2 generated ready=True bytes=36910864
[884/3852] 4e858c81-fd93-2cb4-8469-d9226116b5de-3 generated ready=True bytes=29047312
[885/3852] 1d233ffc-e280-2b1a-8c3a-af74ca2b0cea-1 generated ready=True bytes=11588491
[886/3852] 1d233ffc-e280-2b1a-8c3a-af74ca2b0cea-5 generated ready=True bytes=16323164
[887/3852] 1d233ffc-e280-2b1a-8c3a-af74ca2b0cea-3 generated ready=True bytes=11589882
[888/3852] 55551099-36f1-29c0-88f9-114729f2705a-2 generated ready=True bytes=29020445
[889/3852] 1d233ffc-e280-2b1a-8c3a-af74ca2b0cea-2 generated ready=True bytes=22284008
[890/3852] 55551099-36f1-29c0-88f9-114729f2705a-1 generated ready=True bytes=16456642
[891/3852] 1d23401e-e280-2b1a-8cef-f28df9df2618-3 generated ready=True bytes=11282745
[892/3852] 1d233ffc-e280-2b1a-8c3a-af74ca2b0cea-4 generated ready=True bytes=29044200
[893/3852] 1d23401e-e280-2b1a-8cef-f28df9df2618-1 generated ready=True bytes=36734893
[894/3852] 1d23401e-e280-2b1a-8cef-f28df9df2618-2 generated ready=True bytes=22266860
[895/3852] 55551077-36f1-29c0-89ec-2e7690991cb2-1 generated ready=True bytes=36739208
[896/3852] 6bde6057-9162-246f-8d07-dfba45622e09-1 generated ready=True bytes=11166641
[897/3852] 13124cc8-cec3-27a6-87e6-11de5c4a40dd-2 generated ready=True bytes=29040242
[898/3852] 13124cc8-cec3-27a6-87e6-11de5c4a40dd-3 generated ready=True bytes=29048426
too few visible objects, scene missalignment possible
[899/3852] 4e858c9d-fd93-2cb4-859e-c508af1e5449-1 missing_output ready=False bytes=0
[900/3852] 4e858c9d-fd93-2cb4-859e-c508af1e5449-3 generated ready=True bytes=7069423
[901/3852] 13124cc8-cec3-27a6-87e6-11de5c4a40dd-1 generated ready=True bytes=36753394
[902/3852] 20c993cb-698f-29c5-86fd-1a409a569219-1 generated ready=True bytes=11578220
[903/3852] 20c993cb-698f-29c5-86fd-1a409a569219-2 generated ready=True bytes=11573459
[904/3852] 13124cc8-cec3-27a6-87e6-11de5c4a40dd-4 generated ready=True bytes=29093620
too few visible objects, scene missalignment possible
[905/3852] 20c993cb-698f-29c5-86fd-1a409a569219-5 missing_output ready=False bytes=0
too few visible objects, scene missalignment possible
[906/3852] 20c993cb-698f-29c5-86fd-1a409a569219-6 missing_output ready=False bytes=0
[907/3852] 20c993cb-698f-29c5-86fd-1a409a569219-3 generated ready=True bytes=7637301
[908/3852] 4e858c9d-fd93-2cb4-859e-c508af1e5449-2 generated ready=True bytes=36741603
[909/3852] 20c993cb-698f-29c5-86fd-1a409a569219-4 generated ready=True bytes=11577001
[910/3852] 0ad2d38f-79e2-2212-98d2-9b5060e5e9b5-2 generated ready=True bytes=22303893
[911/3852] 77361fc8-d054-2a22-8868-c3de4283fff7-1 generated ready=True bytes=22270913
[912/3852] 0ad2d38f-79e2-2212-98d2-9b5060e5e9b5-1 generated ready=True bytes=29075896
[913/3852] 0ad2d38f-79e2-2212-98d2-9b5060e5e9b5-3 generated ready=True bytes=28986987
[914/3852] 4e858c99-fd93-2cb4-8781-d0e7fc86003a-3 generated ready=True bytes=16486645
[915/3852] 4e858c99-fd93-2cb4-8781-d0e7fc86003a-1 generated ready=True bytes=22299556
[916/3852] 0cac75b1-8d6f-2d13-8c17-9099db8915bc-1 generated ready=True bytes=22314325
[917/3852] 4e858c99-fd93-2cb4-8781-d0e7fc86003a-5 generated ready=True bytes=11179756
[918/3852] 0cac75b1-8d6f-2d13-8c17-9099db8915bc-3 generated ready=True bytes=29060625
[919/3852] 4e858c99-fd93-2cb4-8781-d0e7fc86003a-2 generated ready=True bytes=36771977
[920/3852] 0cac75b1-8d6f-2d13-8c17-9099db8915bc-2 generated ready=True bytes=36783052
[921/3852] 0cac75b1-8d6f-2d13-8c17-9099db8915bc-4 generated ready=True bytes=36767580
[922/3852] 0cac75b1-8d6f-2d13-8c17-9099db8915bc-5 generated ready=True bytes=29073945
[923/3852] 4e858c99-fd93-2cb4-8781-d0e7fc86003a-4 generated ready=True bytes=22376280
[924/3852] 0cac75b1-8d6f-2d13-8c17-9099db8915bc-6 generated ready=True bytes=29057174
[925/3852] 0cac75b1-8d6f-2d13-8c17-9099db8915bc-8 generated ready=True bytes=22299092
[926/3852] 0cac75b1-8d6f-2d13-8c17-9099db8915bc-7 generated ready=True bytes=29068670
[927/3852] 0cac75b1-8d6f-2d13-8c17-9099db8915bc-a generated ready=True bytes=22157969
[928/3852] 1d233fea-e280-2b1a-8f15-cd60d12ae197-1 generated ready=True bytes=29041121
[929/3852] 0cac75b1-8d6f-2d13-8c17-9099db8915bc-9 generated ready=True bytes=29073033
[930/3852] 0cac753a-8d6f-2d13-8f04-2073b87af440-2 generated ready=True bytes=11564248
[931/3852] 1d233fea-e280-2b1a-8f15-cd60d12ae197-2 generated ready=True bytes=36746675
[932/3852] 1d233fea-e280-2b1a-8f15-cd60d12ae197-3 generated ready=True bytes=36744211
[933/3852] 210cdbc5-9e8d-2832-853e-137542cf1a9b-2 generated ready=True bytes=22329690
[934/3852] 0cac753a-8d6f-2d13-8f04-2073b87af440-1 generated ready=True bytes=22266265
[935/3852] c8b34d04-5ea0-2d69-9284-486dc8fab63f-1 generated ready=True bytes=36759274
[936/3852] 210cdbc5-9e8d-2832-853e-137542cf1a9b-3 generated ready=True bytes=22341340
[937/3852] c8b34d04-5ea0-2d69-9284-486dc8fab63f-3 generated ready=True bytes=7082302
[938/3852] 210cdbc5-9e8d-2832-853e-137542cf1a9b-1 generated ready=True bytes=36817964
[939/3852] 8eabc403-5af7-2f32-84aa-ecb06ef26b8b-2 generated ready=True bytes=29026095
[940/3852] 210cdbc5-9e8d-2832-853e-137542cf1a9b-4 generated ready=True bytes=22394285
[941/3852] 0ad2d3a1-79e2-2212-9b99-a96495d9f7fe-1 generated ready=True bytes=16462317
[942/3852] c8b34d04-5ea0-2d69-9284-486dc8fab63f-2 generated ready=True bytes=36813928
[943/3852] 8eabc403-5af7-2f32-84aa-ecb06ef26b8b-3 generated ready=True bytes=28886608
[944/3852] 0ad2d3a1-79e2-2212-9b99-a96495d9f7fe-2 generated ready=True bytes=29046421
[945/3852] 8eabc443-5af7-2f32-866f-bd64e5df6196-1 generated ready=True bytes=29024293
[946/3852] 4138583f-a238-2435-8304-d0ccada0d1c6-1 generated ready=True bytes=11570084
[947/3852] 8eabc403-5af7-2f32-84aa-ecb06ef26b8b-1 generated ready=True bytes=29069392
[948/3852] 4138583f-a238-2435-8304-d0ccada0d1c6-3 generated ready=True bytes=7201314
[949/3852] 8eabc443-5af7-2f32-866f-bd64e5df6196-3 generated ready=True bytes=16442605
[950/3852] 634b2181-f5d0-2fb7-8547-fd27b0795137-1 generated ready=True bytes=36747905
[951/3852] 634b2181-f5d0-2fb7-8547-fd27b0795137-3 generated ready=True bytes=11148517
[952/3852] 8eabc443-5af7-2f32-866f-bd64e5df6196-2 generated ready=True bytes=22265967
[953/3852] 4138583f-a238-2435-8304-d0ccada0d1c6-2 generated ready=True bytes=29032364
[954/3852] 634b2181-f5d0-2fb7-8547-fd27b0795137-2 generated ready=True bytes=36761535
[955/3852] 752cc57a-920c-26f5-8ce3-828413bc3cd4-1 generated ready=True bytes=36817008
[956/3852] 752cc57a-920c-26f5-8ce3-828413bc3cd4-2 generated ready=True bytes=29106274
[957/3852] 752cc57a-920c-26f5-8ce3-828413bc3cd4-4 generated ready=True bytes=22363761
[958/3852] 752cc57a-920c-26f5-8ce3-828413bc3cd4-5 generated ready=True bytes=11659682
[959/3852] c92fb592-f771-2064-8446-c2605c0202e9-1 generated ready=True bytes=36759291
[960/3852] c92fb592-f771-2064-8446-c2605c0202e9-2 generated ready=True bytes=36758930
too few visible objects, scene missalignment possible
[961/3852] c92fb592-f771-2064-8446-c2605c0202e9-4 missing_output ready=False bytes=0
[962/3852] 752cc57a-920c-26f5-8ce3-828413bc3cd4-6 generated ready=True bytes=29118989
[963/3852] 8eabc469-5af7-2f32-840f-c1be88e46c62-1 generated ready=True bytes=7630786
[964/3852] 5630cfd5-12bf-2860-857e-914ddf3d09f5-1 generated ready=True bytes=36740162
[965/3852] 5630cfd5-12bf-2860-857e-914ddf3d09f5-2 generated ready=True bytes=16443642
[966/3852] c92fb592-f771-2064-8446-c2605c0202e9-3 generated ready=True bytes=36753293
[967/3852] 752cc57a-920c-26f5-8ce3-828413bc3cd4-3 generated ready=True bytes=36867756
[968/3852] 8eabc469-5af7-2f32-840f-c1be88e46c62-2 generated ready=True bytes=11276663
[969/3852] 0cac761d-8d6f-2d13-8f35-2364ee20f2a9-1 generated ready=True bytes=22281489
[970/3852] 0cac761d-8d6f-2d13-8f35-2364ee20f2a9-2 generated ready=True bytes=22273014
[971/3852] 0cac761d-8d6f-2d13-8f35-2364ee20f2a9-3 generated ready=True bytes=22273742
[972/3852] 6bde6091-9162-246f-8ea8-fdfd6c0a7f77-2 generated ready=True bytes=22127405
[973/3852] d63767be-3205-226c-9a89-3a27969053a7-1 generated ready=True bytes=36774330
[974/3852] 20c9939f-698f-29c5-86fa-653fe33ff6fc-3 generated ready=True bytes=11427170
[975/3852] 20c9939f-698f-29c5-86fa-653fe33ff6fc-2 generated ready=True bytes=29042209
[976/3852] 20c9939f-698f-29c5-86fa-653fe33ff6fc-1 generated ready=True bytes=29034509
[977/3852] 6bde6091-9162-246f-8ea8-fdfd6c0a7f77-1 generated ready=True bytes=29061398
[978/3852] 8eabc453-5af7-2f32-859d-405eb6a2e0d0-1 generated ready=True bytes=22261256
[979/3852] 8eabc453-5af7-2f32-859d-405eb6a2e0d0-2 generated ready=True bytes=11560358
[980/3852] bf9a3db4-45a5-2e80-80d9-a1842899ef45-2 generated ready=True bytes=29027609
[981/3852] bf9a3db4-45a5-2e80-80d9-a1842899ef45-3 generated ready=True bytes=11570236
[982/3852] bf9a3db4-45a5-2e80-80d9-a1842899ef45-1 generated ready=True bytes=22277306
[983/3852] c7895f3e-339c-2d13-832a-b3636f113063-2 generated ready=True bytes=22282970
[984/3852] c7895f3e-339c-2d13-832a-b3636f113063-3 generated ready=True bytes=16460428
[985/3852] c7895f3e-339c-2d13-832a-b3636f113063-4 generated ready=True bytes=7644766
[986/3852] c7895f3e-339c-2d13-832a-b3636f113063-5 generated ready=True bytes=7356799
[987/3852] 422885b7-192d-25fc-86da-e1beaae7c8ba-3 generated ready=True bytes=16298705
[988/3852] 422885b7-192d-25fc-86da-e1beaae7c8ba-2 generated ready=True bytes=36732020
[989/3852] c7895f3e-339c-2d13-832a-b3636f113063-1 generated ready=True bytes=29050311
[990/3852] 422885b7-192d-25fc-86da-e1beaae7c8ba-1 generated ready=True bytes=36731008
[991/3852] c6707946-2ecb-2de2-8381-d5eae12243ee-1 generated ready=True bytes=29042192
[992/3852] c6707946-2ecb-2de2-8381-d5eae12243ee-2 generated ready=True bytes=22305262
[993/3852] c6707946-2ecb-2de2-8381-d5eae12243ee-5 generated ready=True bytes=29051632
[994/3852] c6707946-2ecb-2de2-8381-d5eae12243ee-6 generated ready=True bytes=22310002
[995/3852] c6707946-2ecb-2de2-8381-d5eae12243ee-3 generated ready=True bytes=36754446
[996/3852] 0cac7629-8d6f-2d13-8e5a-9f17681451c8-1 generated ready=True bytes=16448230
[997/3852] 0cac7629-8d6f-2d13-8e5a-9f17681451c8-2 generated ready=True bytes=16301173
[998/3852] fcf66d79-622d-291c-84dd-a88fa9c4e664-1 generated ready=True bytes=22277565
[999/3852] fcf66d79-622d-291c-84dd-a88fa9c4e664-2 generated ready=True bytes=36735976
[1000/3852] baf673a8-8e94-22f8-837d-d39420725d90-1 generated ready=True bytes=22279768
[1001/3852] c6707946-2ecb-2de2-8381-d5eae12243ee-4 generated ready=True bytes=29102050
[1002/3852] d7d40d75-7a5d-2b36-9746-3e807d3e7558-2 generated ready=True bytes=36725386
[1003/3852] d7d40d75-7a5d-2b36-9746-3e807d3e7558-3 generated ready=True bytes=29023952
[1004/3852] d7d40d75-7a5d-2b36-9746-3e807d3e7558-1 generated ready=True bytes=29039328
[1005/3852] d7d40d75-7a5d-2b36-9746-3e807d3e7558-5 generated ready=True bytes=22274042
[1006/3852] d7d40d75-7a5d-2b36-9746-3e807d3e7558-6 generated ready=True bytes=29044206
[1007/3852] d7d40d75-7a5d-2b36-9746-3e807d3e7558-4 generated ready=True bytes=29049238
[1008/3852] 752cc578-920c-26f5-8d8d-8a4239658074-1 generated ready=True bytes=36806398
[1009/3852] 752cc578-920c-26f5-8d8d-8a4239658074-2 generated ready=True bytes=36825577
[1010/3852] 752cc578-920c-26f5-8d8d-8a4239658074-4 generated ready=True bytes=22347990
[1011/3852] 752cc578-920c-26f5-8d8d-8a4239658074-5 generated ready=True bytes=16532612
[1012/3852] 2e369523-e133-204c-91f9-6f3deaa8e11e-2 generated ready=True bytes=7105139
[1013/3852] 752cc578-920c-26f5-8d8d-8a4239658074-6 generated ready=True bytes=16102588
[1014/3852] 2e369523-e133-204c-91f9-6f3deaa8e11e-1 generated ready=True bytes=22306199
[1015/3852] aa20278a-8bc8-2c5b-9c90-fec1272e21f7-3 generated ready=True bytes=36736412
[1016/3852] aa20278a-8bc8-2c5b-9c90-fec1272e21f7-2 generated ready=True bytes=36744497
[1017/3852] 752cc578-920c-26f5-8d8d-8a4239658074-3 generated ready=True bytes=29151066
[1018/3852] aa20278a-8bc8-2c5b-9c90-fec1272e21f7-1 generated ready=True bytes=36767128
[1019/3852] 6bde60dc-9162-246f-8c8c-9403300d2636-2 generated ready=True bytes=11180000
[1020/3852] 55551081-36f1-29c0-88ad-9518e9fd2f4f-1 generated ready=True bytes=22154495
[1021/3852] 55551081-36f1-29c0-88ad-9518e9fd2f4f-2 generated ready=True bytes=29041734
[1022/3852] 6bde60dc-9162-246f-8c8c-9403300d2636-1 generated ready=True bytes=29061543
[1023/3852] 1c211554-f201-2d25-8680-513a91547c2f-2 generated ready=True bytes=7510298
[1024/3852] 55551081-36f1-29c0-88ad-9518e9fd2f4f-3 generated ready=True bytes=29049270
[1025/3852] 1c211554-f201-2d25-8680-513a91547c2f-3 generated ready=True bytes=11587232
[1026/3852] 1c211554-f201-2d25-8680-513a91547c2f-1 generated ready=True bytes=29045799
[1027/3852] 1c211554-f201-2d25-8680-513a91547c2f-5 generated ready=True bytes=29038491
[1028/3852] 1c211554-f201-2d25-8680-513a91547c2f-4 generated ready=True bytes=22281194
[1029/3852] c7895f33-339c-2d13-83d1-720cfdc0c4b1-1 generated ready=True bytes=29035112
[1030/3852] fcf66da8-622d-291c-8565-c44cf20e39b9-1 generated ready=True bytes=11588029
[1031/3852] 1c211554-f201-2d25-8680-513a91547c2f-6 generated ready=True bytes=16080702
[1032/3852] fcf66da8-622d-291c-8565-c44cf20e39b9-3 generated ready=True bytes=36731798
[1033/3852] fcf66da8-622d-291c-8565-c44cf20e39b9-4 generated ready=True bytes=28900592
[1034/3852] c7895f33-339c-2d13-83d1-720cfdc0c4b1-2 generated ready=True bytes=29031595
[1035/3852] fcf66da8-622d-291c-8565-c44cf20e39b9-5 generated ready=True bytes=22147010
[1036/3852] fcf66da8-622d-291c-8565-c44cf20e39b9-2 generated ready=True bytes=29045294
[1037/3852] c7895f0f-339c-2d13-807d-cb2e7fe646fd-3 generated ready=True bytes=16457690
[1038/3852] c7895f0f-339c-2d13-807d-cb2e7fe646fd-2 generated ready=True bytes=36749349
[1039/3852] c7895f0f-339c-2d13-807d-cb2e7fe646fd-1 generated ready=True bytes=29096737
[1040/3852] c7895f0f-339c-2d13-807d-cb2e7fe646fd-5 generated ready=True bytes=22284606
[1041/3852] 3b7b33af-1b11-283e-9abd-170c6329c0e6-3 generated ready=True bytes=36751939
[1042/3852] 3b7b33af-1b11-283e-9abd-170c6329c0e6-4 generated ready=True bytes=11028166
[1043/3852] 0cac7627-8d6f-2d13-8eac-41764b5f2c5b-1 generated ready=True bytes=22258774
[1044/3852] c7895f0f-339c-2d13-807d-cb2e7fe646fd-4 generated ready=True bytes=36763776
[1045/3852] 3b7b33af-1b11-283e-9abd-170c6329c0e6-2 generated ready=True bytes=28948645
[1046/3852] 3b7b33af-1b11-283e-9abd-170c6329c0e6-1 generated ready=True bytes=36778080
[1047/3852] 198aaa76-0ba3-26f6-84de-6c13263a60bc-2 generated ready=True bytes=36898507
[1048/3852] 198aaa76-0ba3-26f6-84de-6c13263a60bc-1 generated ready=True bytes=37004591
[1049/3852] 198aaa76-0ba3-26f6-84de-6c13263a60bc-3 generated ready=True bytes=36944087
[1050/3852] 198aaa76-0ba3-26f6-84de-6c13263a60bc-5 generated ready=True bytes=36913556
[1051/3852] b05fdd5a-fca0-2d4f-89fd-d54bd26a115b-2 generated ready=True bytes=16451527
too few visible objects, scene missalignment possible
[1052/3852] b05fdd5a-fca0-2d4f-89fd-d54bd26a115b-4 missing_output ready=False bytes=0
[1053/3852] b05fdd5a-fca0-2d4f-89fd-d54bd26a115b-1 generated ready=True bytes=29032348
[1054/3852] 198aaa76-0ba3-26f6-84de-6c13263a60bc-4 generated ready=True bytes=36971464
[1055/3852] 43b8caeb-6678-2e38-9933-b351784e8750-1 generated ready=True bytes=29030892
[1056/3852] b05fdd5a-fca0-2d4f-89fd-d54bd26a115b-3 generated ready=True bytes=22282747
[1057/3852] 95be45db-a558-22da-9eac-5cea5debfcd8-3 generated ready=True bytes=29039425
[1058/3852] 43b8caeb-6678-2e38-9933-b351784e8750-2 generated ready=True bytes=16301819
too few visible objects, scene missalignment possible
[1059/3852] 1d234002-e280-2b1a-8c8d-6aafb5b35a24-1 missing_output ready=False bytes=0
[1060/3852] fcf66d96-622d-291c-842c-836d61a13779-1 generated ready=True bytes=11566008
[1061/3852] fcf66d96-622d-291c-842c-836d61a13779-2 generated ready=True bytes=16463328
[1062/3852] 95be45db-a558-22da-9eac-5cea5debfcd8-4 generated ready=True bytes=22275752
[1063/3852] 95be45db-a558-22da-9eac-5cea5debfcd8-2 generated ready=True bytes=29040894
[1064/3852] fcf66d96-622d-291c-842c-836d61a13779-3 generated ready=True bytes=22132209
[1065/3852] 6bde6070-9162-246f-8ea9-c8bbe5d7133a-2 generated ready=True bytes=22289003
[1066/3852] 95be45db-a558-22da-9eac-5cea5debfcd8-1 generated ready=True bytes=29059140
[1067/3852] 6bde6070-9162-246f-8ea9-c8bbe5d7133a-3 generated ready=True bytes=36767291
[1068/3852] 6bde6070-9162-246f-8ea9-c8bbe5d7133a-1 generated ready=True bytes=36764054
[1069/3852] fcf66d82-622d-291c-87be-78d421381146-1 generated ready=True bytes=29056899
[1070/3852] 1c21154c-f201-2d25-875c-01ab18e03231-2 generated ready=True bytes=36804021
[1071/3852] fcf66d82-622d-291c-87be-78d421381146-3 generated ready=True bytes=16473810
[1072/3852] 6a36055f-fa53-2915-9432-786820630ea7-2 generated ready=True bytes=22261816
[1073/3852] 1c21154c-f201-2d25-875c-01ab18e03231-1 generated ready=True bytes=36806900
[1074/3852] 6a36055f-fa53-2915-9432-786820630ea7-3 generated ready=True bytes=16307437
[1075/3852] 6a36055f-fa53-2915-9432-786820630ea7-1 generated ready=True bytes=29022855
[1076/3852] fcf66d82-622d-291c-87be-78d421381146-2 generated ready=True bytes=29055877
[1077/3852] 6bde60e8-9162-246f-8f82-83326a675ee0-2 generated ready=True bytes=36749901
[1078/3852] 6bde60e8-9162-246f-8f82-83326a675ee0-3 generated ready=True bytes=29073787
[1079/3852] 6bde60e8-9162-246f-8f82-83326a675ee0-4 generated ready=True bytes=29066837
[1080/3852] 6bde60e8-9162-246f-8f82-83326a675ee0-1 generated ready=True bytes=29090177
[1081/3852] 6bde60e8-9162-246f-8f82-83326a675ee0-5 generated ready=True bytes=36768501
[1082/3852] 6bde60e8-9162-246f-8f82-83326a675ee0-8 generated ready=True bytes=7519086
[1083/3852] 6bde60e8-9162-246f-8f82-83326a675ee0-7 generated ready=True bytes=29048581
[1084/3852] 6bde60e8-9162-246f-8f82-83326a675ee0-6 generated ready=True bytes=16475959
[1085/3852] ba6fdab4-a4c1-2dca-83e2-f5878fdf688a-2 generated ready=True bytes=22306067
[1086/3852] ba6fdab4-a4c1-2dca-83e2-f5878fdf688a-1 generated ready=True bytes=29061272
[1087/3852] f6f1d5ae-a401-23c0-89ad-8ddea9ae5a6c-1 generated ready=True bytes=36853945
[1088/3852] f6f1d5ae-a401-23c0-89ad-8ddea9ae5a6c-2 generated ready=True bytes=36881766
[1089/3852] f6f1d5ae-a401-23c0-89ad-8ddea9ae5a6c-5 generated ready=True bytes=11068266
[1090/3852] 569d8f01-72aa-2f24-88fe-19788529b4a4-1 generated ready=True bytes=36716341
[1091/3852] 569d8f01-72aa-2f24-88fe-19788529b4a4-3 generated ready=True bytes=22114226
[1092/3852] 569d8f01-72aa-2f24-88fe-19788529b4a4-2 generated ready=True bytes=16454454
[1093/3852] f6f1d5ae-a401-23c0-89ad-8ddea9ae5a6c-3 generated ready=True bytes=36861171
[1094/3852] f38169c7-378c-2a65-8543-3c7481e856fe-1 generated ready=True bytes=36790462
[1095/3852] f6f1d5ae-a401-23c0-89ad-8ddea9ae5a6c-4 generated ready=True bytes=29164638
[1096/3852] d7d40d3e-7a5d-2b36-97b3-dd11abc0e876-1 generated ready=True bytes=36733341
[1097/3852] f38169c7-378c-2a65-8543-3c7481e856fe-3 generated ready=True bytes=22173773
[1098/3852] 0cac75ab-8d6f-2d13-8fea-b1eb7e9bf6e7-1 generated ready=True bytes=7642982
[1099/3852] f38169c7-378c-2a65-8543-3c7481e856fe-2 generated ready=True bytes=36805655
[1100/3852] 0cac75ab-8d6f-2d13-8fea-b1eb7e9bf6e7-3 generated ready=True bytes=11585122
[1101/3852] 0cac75ab-8d6f-2d13-8fea-b1eb7e9bf6e7-2 generated ready=True bytes=22278304
[1102/3852] f38169c7-378c-2a65-8543-3c7481e856fe-4 generated ready=True bytes=36794743
[1103/3852] 0cac75ab-8d6f-2d13-8fea-b1eb7e9bf6e7-4 generated ready=True bytes=21999234
[1104/3852] ab835f9f-54c6-29a1-9bd1-878814fe22f7-1 generated ready=True bytes=36904406
[1105/3852] feefd90b-9d00-2ce5-8119-b936443cc39b-1 generated ready=True bytes=29036161
[1106/3852] ab835f9f-54c6-29a1-9bd1-878814fe22f7-2 generated ready=True bytes=29187729
[1107/3852] feefd90b-9d00-2ce5-8119-b936443cc39b-2 generated ready=True bytes=29060027
[1108/3852] feefd90b-9d00-2ce5-8119-b936443cc39b-4 generated ready=True bytes=36742312
[1109/3852] ab835f9f-54c6-29a1-9bd1-878814fe22f7-4 generated ready=True bytes=29048199
[1110/3852] feefd90b-9d00-2ce5-8119-b936443cc39b-6 generated ready=True bytes=7067792
[1111/3852] feefd90b-9d00-2ce5-8119-b936443cc39b-3 generated ready=True bytes=36775103
[1112/3852] feefd90b-9d00-2ce5-8119-b936443cc39b-5 generated ready=True bytes=29061579
[1113/3852] ab835f9f-54c6-29a1-9bd1-878814fe22f7-3 generated ready=True bytes=36931914
[1114/3852] 6bde60c2-9162-246f-8e01-7b0b9b12cca4-2 generated ready=True bytes=16464433
[1115/3852] 6bde60c2-9162-246f-8e01-7b0b9b12cca4-5 generated ready=True bytes=7653172
[1116/3852] 6bde60c2-9162-246f-8e01-7b0b9b12cca4-1 generated ready=True bytes=29045648
[1117/3852] 6bde60c2-9162-246f-8e01-7b0b9b12cca4-3 generated ready=True bytes=22287819
[1118/3852] c7895f8f-339c-2d13-81a3-84bc18b475b5-3 generated ready=True bytes=11569074
[1119/3852] 6bde60c2-9162-246f-8e01-7b0b9b12cca4-4 generated ready=True bytes=36743825
[1120/3852] fcf66d8a-622d-291c-8429-0e1109c6bb26-2 generated ready=True bytes=16050156
[1121/3852] c7895f8f-339c-2d13-81a3-84bc18b475b5-1 generated ready=True bytes=22275149
[1122/3852] c7895f8f-339c-2d13-81a3-84bc18b475b5-2 generated ready=True bytes=16447033
[1123/3852] 43b8caf3-6678-2e38-99da-2aeb70cf8e95-1 generated ready=True bytes=11276127
[1124/3852] 6bde6077-9162-246f-8c20-c85ea2964342-2 generated ready=True bytes=16306989
[1125/3852] fcf66d8a-622d-291c-8429-0e1109c6bb26-1 generated ready=True bytes=22389396
[1126/3852] 6a360521-fa53-2915-94f6-8c3b9d084ee7-1 generated ready=True bytes=11570958
[1127/3852] 6bde6077-9162-246f-8c20-c85ea2964342-1 generated ready=True bytes=29050484
[1128/3852] 6a360521-fa53-2915-94f6-8c3b9d084ee7-2 generated ready=True bytes=11570720
[1129/3852] 6a360521-fa53-2915-94f6-8c3b9d084ee7-4 generated ready=True bytes=16445864
[1130/3852] 6a360521-fa53-2915-94f6-8c3b9d084ee7-3 generated ready=True bytes=16445107
[1131/3852] b3d355dd-7f5b-2091-86d0-b81f777eb9c1-2 generated ready=True bytes=36754058
[1132/3852] b3d355dd-7f5b-2091-86d0-b81f777eb9c1-3 generated ready=True bytes=36760973
[1133/3852] b3d355dd-7f5b-2091-86d0-b81f777eb9c1-1 generated ready=True bytes=29113473
[1134/3852] b3d355dd-7f5b-2091-86d0-b81f777eb9c1-5 generated ready=True bytes=29068270
[1135/3852] b3d355dd-7f5b-2091-86d0-b81f777eb9c1-6 generated ready=True bytes=36762276
[1136/3852] b3d355dd-7f5b-2091-86d0-b81f777eb9c1-8 generated ready=True bytes=16359492
[1137/3852] e2847ff5-a506-2b60-8767-25c70c889de3-2 generated ready=True bytes=22293254
[1138/3852] e2847ff5-a506-2b60-8767-25c70c889de3-3 generated ready=True bytes=28920362
[1139/3852] b3d355dd-7f5b-2091-86d0-b81f777eb9c1-7 generated ready=True bytes=36772683
[1140/3852] aa202790-8bc8-2c5b-9d03-129b42efee05-1 generated ready=True bytes=29027069
[1141/3852] aa202790-8bc8-2c5b-9d03-129b42efee05-2 generated ready=True bytes=29017157
[1142/3852] e2847ff5-a506-2b60-8767-25c70c889de3-1 generated ready=True bytes=28957829
[1143/3852] aa202790-8bc8-2c5b-9d03-129b42efee05-3 generated ready=True bytes=21971952
[1144/3852] bcb0fe2d-4f39-2c70-9d1a-49a4a6868d7d-1 generated ready=True bytes=16443303
too few visible objects, scene missalignment possible
[1145/3852] bcb0fe2d-4f39-2c70-9d1a-49a4a6868d7d-3 missing_output ready=False bytes=0
too few visible objects, scene missalignment possible
[1146/3852] b8837e1f-57ec-29c6-88ad-4c19a5afbf36-1 missing_output ready=False bytes=0
[1147/3852] b3d355dd-7f5b-2091-86d0-b81f777eb9c1-4 generated ready=True bytes=29152126
[1148/3852] bcb0fe2d-4f39-2c70-9d1a-49a4a6868d7d-2 generated ready=True bytes=22260266
[1149/3852] 1776ad86-4db7-2333-8935-240e44ccb16d-1 generated ready=True bytes=29046468
[1150/3852] 0cac7652-8d6f-2d13-8f0e-a1dd07a8a847-2 generated ready=True bytes=16457516
[1151/3852] 0cac7652-8d6f-2d13-8f0e-a1dd07a8a847-4 generated ready=True bytes=7642542
[1152/3852] 0cac7652-8d6f-2d13-8f0e-a1dd07a8a847-1 generated ready=True bytes=22274558
[1153/3852] 0cac7652-8d6f-2d13-8f0e-a1dd07a8a847-3 generated ready=True bytes=16463910
[1154/3852] 5341b7c7-8a66-2cdd-86f4-c9dadf37c419-3 generated ready=True bytes=16466184
[1155/3852] 0cac764a-8d6f-2d13-8fbd-2966f09c65d0-2 generated ready=True bytes=11585330
[1156/3852] 5341b7c7-8a66-2cdd-86f4-c9dadf37c419-1 generated ready=True bytes=22287336
[1157/3852] 0cac764a-8d6f-2d13-8fbd-2966f09c65d0-1 generated ready=True bytes=29045132
[1158/3852] 5341b7c7-8a66-2cdd-86f4-c9dadf37c419-2 generated ready=True bytes=29057310
[1159/3852] 0cac764a-8d6f-2d13-8fbd-2966f09c65d0-3 generated ready=True bytes=29041764
[1160/3852] 0ad2d386-79e2-2212-9b40-43d081db442a-2 generated ready=True bytes=11283964
[1161/3852] 0cac764a-8d6f-2d13-8fbd-2966f09c65d0-4 generated ready=True bytes=16467090
[1162/3852] 0ad2d386-79e2-2212-9b40-43d081db442a-1 generated ready=True bytes=28907435
[1163/3852] 752cc589-920c-26f5-8ffe-8166547078c1-4 generated ready=True bytes=29119331
[1164/3852] 752cc589-920c-26f5-8ffe-8166547078c1-1 generated ready=True bytes=29205593
[1165/3852] 752cc589-920c-26f5-8ffe-8166547078c1-3 generated ready=True bytes=36836943
[1166/3852] 0ad2d3a7-79e2-2212-9a1b-8737842a24e2-2 generated ready=True bytes=22133483
[1167/3852] 0ad2d3a7-79e2-2212-9a1b-8737842a24e2-1 generated ready=True bytes=29042111
[1168/3852] 0f2f271b-b736-2f71-8f3a-e9265463abcb-1 generated ready=True bytes=29054099
[1169/3852] 0f2f271b-b736-2f71-8f3a-e9265463abcb-3 generated ready=True bytes=16458258
[1170/3852] 752cc589-920c-26f5-8ffe-8166547078c1-2 generated ready=True bytes=36886349
[1171/3852] 0f2f271b-b736-2f71-8f3a-e9265463abcb-5 generated ready=True bytes=29037424
[1172/3852] 0f2f271b-b736-2f71-8f3a-e9265463abcb-2 generated ready=True bytes=16364758
[1173/3852] 0f2f271b-b736-2f71-8f3a-e9265463abcb-4 generated ready=True bytes=29044713
[1174/3852] 9c27de4d-6184-2cda-80c6-174eddb07154-2 generated ready=True bytes=22269909
too few visible objects, scene missalignment possible
[1175/3852] 0cac768a-8d6f-2d13-8dd3-3cbb7d916641-1 missing_output ready=False bytes=0
[1176/3852] 9c27de4d-6184-2cda-80c6-174eddb07154-3 generated ready=True bytes=11296697
[1177/3852] 9c27de4d-6184-2cda-80c6-174eddb07154-1 generated ready=True bytes=36733840
[1178/3852] 13124cb4-cec3-27a6-848c-7599f34ef5a8-2 generated ready=True bytes=29053782
[1179/3852] 0f2f271b-b736-2f71-8f3a-e9265463abcb-6 generated ready=True bytes=22147151
[1180/3852] d9725be1-7513-2d91-8723-770169ff5b75-1 generated ready=True bytes=36734506
[1181/3852] 0cac7611-8d6f-2d13-8f47-8ec4a6375ac3-1 generated ready=True bytes=7628172
[1182/3852] d9725be1-7513-2d91-8723-770169ff5b75-2 generated ready=True bytes=29025794
[1183/3852] 13124cb4-cec3-27a6-848c-7599f34ef5a8-1 generated ready=True bytes=36767216
[1184/3852] 13124cb4-cec3-27a6-848c-7599f34ef5a8-3 generated ready=True bytes=22003963
[1185/3852] 4e858c91-fd93-2cb4-85e4-02c198efe788-2 generated ready=True bytes=16160414
[1186/3852] 4e858c91-fd93-2cb4-85e4-02c198efe788-1 generated ready=True bytes=29019340
[1187/3852] 0cac7611-8d6f-2d13-8f47-8ec4a6375ac3-2 generated ready=True bytes=16451599
[1188/3852] 43b8cae9-6678-2e38-9bc2-8c31ab832242-3 generated ready=True bytes=29058507
[1189/3852] 6bde6043-9162-246f-8e11-613aba0df55c-1 generated ready=True bytes=28913082
[1190/3852] 43b8cae9-6678-2e38-9bc2-8c31ab832242-2 generated ready=True bytes=22305672
[1191/3852] 43b8cae9-6678-2e38-9bc2-8c31ab832242-1 generated ready=True bytes=29077875
[1192/3852] c670793a-2ecb-2de2-8276-7d00f11b8f69-1 generated ready=True bytes=11598000
[1193/3852] c670793a-2ecb-2de2-8276-7d00f11b8f69-5 generated ready=True bytes=11161875
[1194/3852] c670793a-2ecb-2de2-8276-7d00f11b8f69-4 generated ready=True bytes=29040551
[1195/3852] c670793a-2ecb-2de2-8276-7d00f11b8f69-2 generated ready=True bytes=36767488
[1196/3852] c670793a-2ecb-2de2-8276-7d00f11b8f69-3 generated ready=True bytes=22300259
[1197/3852] f62fd5f8-9a3f-2f44-8b1e-1289a3a61e26-2 generated ready=True bytes=36777590
[1198/3852] f62fd5f8-9a3f-2f44-8b1e-1289a3a61e26-3 generated ready=True bytes=22320738
[1199/3852] c92fb588-f771-2064-840a-17748e8c20ad-1 generated ready=True bytes=28890298
[1200/3852] c92fb588-f771-2064-840a-17748e8c20ad-2 generated ready=True bytes=36723660
[1201/3852] c92fb588-f771-2064-840a-17748e8c20ad-3 generated ready=True bytes=11289113
[1202/3852] bcb0fe23-4f39-2c70-9d69-698c5ff4435c-1 generated ready=True bytes=7632555
[1203/3852] f62fd5f8-9a3f-2f44-8b1e-1289a3a61e26-5 generated ready=True bytes=16197550
[1204/3852] bcb0fe23-4f39-2c70-9d69-698c5ff4435c-2 generated ready=True bytes=11422803
[1205/3852] c7895f4c-339c-2d13-8383-527f405b18c3-2 generated ready=True bytes=16443501
[1206/3852] f62fd5f8-9a3f-2f44-8b1e-1289a3a61e26-1 generated ready=True bytes=22359771
[1207/3852] f62fd5f8-9a3f-2f44-8b1e-1289a3a61e26-4 generated ready=True bytes=29097185
[1208/3852] c7895f4c-339c-2d13-8383-527f405b18c3-1 generated ready=True bytes=22270566
[1209/3852] 20c9939d-698f-29c5-85c6-3c618e00061f-2 generated ready=True bytes=29048792
[1210/3852] 20c9939d-698f-29c5-85c6-3c618e00061f-1 generated ready=True bytes=22281685
[1211/3852] bf9a3dc9-45a5-2e80-80cc-29579f2928e6-1 generated ready=True bytes=22294722
[1212/3852] bf9a3dc9-45a5-2e80-80cc-29579f2928e6-2 generated ready=True bytes=22302636
[1213/3852] bf9a3dc9-45a5-2e80-80cc-29579f2928e6-3 generated ready=True bytes=7387877
[1214/3852] baf0a8f4-26d4-2033-896f-27e7fa6a3c6d-1 generated ready=True bytes=16479187
[1215/3852] baf0a8f4-26d4-2033-896f-27e7fa6a3c6d-2 generated ready=True bytes=29061023
[1216/3852] baf0a8f4-26d4-2033-896f-27e7fa6a3c6d-3 generated ready=True bytes=22273305
[1217/3852] 20c9939d-698f-29c5-85c6-3c618e00061f-3 generated ready=True bytes=29081864
[1218/3852] 20c9939d-698f-29c5-85c6-3c618e00061f-4 generated ready=True bytes=36762337
[1219/3852] c7895f40-339c-2d13-82c7-8a2810cdf02e-1 generated ready=True bytes=22275059
[1220/3852] c7895f40-339c-2d13-82c7-8a2810cdf02e-3 generated ready=True bytes=11291132
[1221/3852] c7895f40-339c-2d13-82c7-8a2810cdf02e-2 generated ready=True bytes=22283665
[1222/3852] d7d40d60-7a5d-2b36-9573-5d5fe8bae949-2 generated ready=True bytes=22297172
[1223/3852] d7d40d60-7a5d-2b36-9573-5d5fe8bae949-3 generated ready=True bytes=22300667
[1224/3852] d7d40d60-7a5d-2b36-9573-5d5fe8bae949-1 generated ready=True bytes=28938128
[1225/3852] d7d40d60-7a5d-2b36-9573-5d5fe8bae949-5 generated ready=True bytes=16483865
[1226/3852] d7d40d60-7a5d-2b36-9573-5d5fe8bae949-6 generated ready=True bytes=22313333
[1227/3852] d7d40d60-7a5d-2b36-9573-5d5fe8bae949-4 generated ready=True bytes=22350167
[1228/3852] 4d3d82a0-8cf4-2e04-800f-97deb20e860b-1 generated ready=True bytes=36824987
[1229/3852] d7d40d60-7a5d-2b36-9573-5d5fe8bae949-7 generated ready=True bytes=29079877
[1230/3852] 4d3d82a0-8cf4-2e04-800f-97deb20e860b-2 generated ready=True bytes=36821534
[1231/3852] 4d3d82a0-8cf4-2e04-800f-97deb20e860b-3 generated ready=True bytes=36792863
[1232/3852] 6bde60b7-9162-246f-8e93-2738e71ccafd-1 generated ready=True bytes=36733567
[1233/3852] c9fb7aa5-2a5b-2cf7-902e-42a0339c7242-1 generated ready=True bytes=29060649
[1234/3852] 4a9a43e4-7736-2874-8479-0e81135ccdb0-1 generated ready=True bytes=16401458
[1235/3852] 4a9a43e4-7736-2874-8479-0e81135ccdb0-2 generated ready=True bytes=36770604
[1236/3852] 4a9a43e4-7736-2874-8479-0e81135ccdb0-4 generated ready=True bytes=7119461
[1237/3852] 0cac7672-8d6f-2d13-8d84-a0418e452bb7-1 generated ready=True bytes=11587770
[1238/3852] 4a9a43e4-7736-2874-8479-0e81135ccdb0-3 generated ready=True bytes=29074434
[1239/3852] 0cac7672-8d6f-2d13-8d84-a0418e452bb7-2 generated ready=True bytes=22275132
too few visible objects, scene missalignment possible
[1240/3852] ad408ca9-84db-2095-8afa-cc17150ea346-2 missing_output ready=False bytes=0
[1241/3852] 0cac7672-8d6f-2d13-8d84-a0418e452bb7-3 generated ready=True bytes=22273968
[1242/3852] ad408ca9-84db-2095-8afa-cc17150ea346-1 generated ready=True bytes=36734818
[1243/3852] 6bde60e0-9162-246f-8df9-b07dc8fa8ddf-1 generated ready=True bytes=22281053
[1244/3852] 0cac7672-8d6f-2d13-8d84-a0418e452bb7-4 generated ready=True bytes=28891892
[1245/3852] 6bde60e0-9162-246f-8df9-b07dc8fa8ddf-4 generated ready=True bytes=11014482
[1246/3852] 6bde60e0-9162-246f-8df9-b07dc8fa8ddf-2 generated ready=True bytes=36763824
[1247/3852] 0cac7654-8d6f-2d13-8e68-ddd1767454ad-1 generated ready=True bytes=29031468
[1248/3852] 6bde60e0-9162-246f-8df9-b07dc8fa8ddf-3 generated ready=True bytes=22292014
[1249/3852] 0cac755e-8d6f-2d13-8c6a-c0979ca34a4f-1 generated ready=True bytes=11098264
[1250/3852] 0cac7654-8d6f-2d13-8e68-ddd1767454ad-4 generated ready=True bytes=16453182
[1251/3852] 0cac7654-8d6f-2d13-8e68-ddd1767454ad-3 generated ready=True bytes=22278046
[1252/3852] c92fb57e-f771-2064-86e4-5f4c7c77a8c7-2 generated ready=True bytes=22280885
[1253/3852] c92fb57e-f771-2064-86e4-5f4c7c77a8c7-1 generated ready=True bytes=29083568
[1254/3852] 20c993af-698f-29c5-84b2-972451f94cfb-1 generated ready=True bytes=22299614
[1255/3852] 0cac7654-8d6f-2d13-8e68-ddd1767454ad-2 generated ready=True bytes=36740885
[1256/3852] 20c993af-698f-29c5-84b2-972451f94cfb-4 generated ready=True bytes=7665776
[1257/3852] 20c993af-698f-29c5-84b2-972451f94cfb-2 generated ready=True bytes=22297516
[1258/3852] 20c993af-698f-29c5-84b2-972451f94cfb-5 generated ready=True bytes=11596236
[1259/3852] 20c993af-698f-29c5-84b2-972451f94cfb-3 generated ready=True bytes=16480699
[1260/3852] 20c993af-698f-29c5-84b2-972451f94cfb-8 generated ready=True bytes=16478320
[1261/3852] 20c993af-698f-29c5-84b2-972451f94cfb-7 generated ready=True bytes=11601867
[1262/3852] 20c993af-698f-29c5-84b2-972451f94cfb-b generated ready=True bytes=7086647
[1263/3852] 9c27de56-6184-2cda-8196-591957b6387d-1 generated ready=True bytes=29015195
[1264/3852] 9c27de56-6184-2cda-8196-591957b6387d-2 generated ready=True bytes=22262965
[1265/3852] 9c27de56-6184-2cda-8196-591957b6387d-3 generated ready=True bytes=11565232
[1266/3852] 9c27de56-6184-2cda-8196-591957b6387d-4 generated ready=True bytes=16436315
[1267/3852] 20c993af-698f-29c5-84b2-972451f94cfb-9 generated ready=True bytes=36745570
[1268/3852] 20c993af-698f-29c5-84b2-972451f94cfb-a generated ready=True bytes=11603549
[1269/3852] 20c993af-698f-29c5-84b2-972451f94cfb-6 generated ready=True bytes=16499493
[1270/3852] 8eabc42a-5af7-2f32-855e-f114989e7025-1 generated ready=True bytes=36813823
[1271/3852] 0cac75b3-8d6f-2d13-8f4b-3d74070429df-1 generated ready=True bytes=11568058
[1272/3852] 8eabc42a-5af7-2f32-855e-f114989e7025-2 generated ready=True bytes=36804802
[1273/3852] 0cac75b3-8d6f-2d13-8f4b-3d74070429df-2 generated ready=True bytes=7640520
[1274/3852] 0cac75b3-8d6f-2d13-8f4b-3d74070429df-5 generated ready=True bytes=7345541
[1275/3852] 0cac75b3-8d6f-2d13-8f4b-3d74070429df-3 generated ready=True bytes=11570453
[1276/3852] 0cac75b3-8d6f-2d13-8f4b-3d74070429df-4 generated ready=True bytes=7646032
[1277/3852] 8eabc42a-5af7-2f32-855e-f114989e7025-3 generated ready=True bytes=36848543
[1278/3852] 6993478e-1286-2e5b-82d0-eb36d75214de-1 generated ready=True bytes=29055427
[1279/3852] 1c211552-f201-2d25-87ce-81e360c07b4a-2 generated ready=True bytes=16091284
[1280/3852] 6993478e-1286-2e5b-82d0-eb36d75214de-2 generated ready=True bytes=36745352
[1281/3852] 1c211552-f201-2d25-87ce-81e360c07b4a-1 generated ready=True bytes=36781230
[1282/3852] 6993478e-1286-2e5b-82d0-eb36d75214de-5 generated ready=True bytes=16037443
[1283/3852] 6993478e-1286-2e5b-82d0-eb36d75214de-4 generated ready=True bytes=36760240
[1284/3852] d7d40d6e-7a5d-2b36-9548-8c19e9b50063-1 generated ready=True bytes=29067483
[1285/3852] 6993478e-1286-2e5b-82d0-eb36d75214de-3 generated ready=True bytes=36768784
[1286/3852] d7d40d6e-7a5d-2b36-9548-8c19e9b50063-3 generated ready=True bytes=36785016
[1287/3852] 5341b797-8a66-2cdd-8456-9d0e8ec333ec-1 generated ready=True bytes=29067663
[1288/3852] 5341b797-8a66-2cdd-8456-9d0e8ec333ec-2 generated ready=True bytes=29053353
[1289/3852] 5341b797-8a66-2cdd-8456-9d0e8ec333ec-3 generated ready=True bytes=11020422
[1290/3852] 18d4d91f-7eb5-280e-8757-1eb6f43ecfd2-3 generated ready=True bytes=22286519
[1291/3852] d7d40d6e-7a5d-2b36-9548-8c19e9b50063-2 generated ready=True bytes=22426240
[1292/3852] 18d4d91f-7eb5-280e-8757-1eb6f43ecfd2-1 generated ready=True bytes=29058457
[1293/3852] 18d4d91f-7eb5-280e-8757-1eb6f43ecfd2-4 generated ready=True bytes=16473525
[1294/3852] 18d4d91f-7eb5-280e-8757-1eb6f43ecfd2-2 generated ready=True bytes=36759982
[1295/3852] 4a9a43e6-7736-2874-8723-08ae98eccd16-1 generated ready=True bytes=36761163
[1296/3852] 4a9a43e6-7736-2874-8723-08ae98eccd16-4 generated ready=True bytes=11050992
[1297/3852] 41385851-a238-2435-8056-b7d662a97c93-1 generated ready=True bytes=36746155
[1298/3852] 4a9a43e6-7736-2874-8723-08ae98eccd16-3 generated ready=True bytes=29077284
[1299/3852] 4a9a43e6-7736-2874-8723-08ae98eccd16-2 generated ready=True bytes=28937932
[1300/3852] 6bde6061-9162-246f-8d02-8c10ae9f10aa-1 generated ready=True bytes=16450849
[1301/3852] 41385851-a238-2435-8056-b7d662a97c93-2 generated ready=True bytes=29063138
[1302/3852] 6bde6061-9162-246f-8d02-8c10ae9f10aa-2 generated ready=True bytes=22263628
[1303/3852] 41385851-a238-2435-8056-b7d662a97c93-3 generated ready=True bytes=36752883
[1304/3852] 41385851-a238-2435-8056-b7d662a97c93-4 generated ready=True bytes=28915793
[1305/3852] 8e0f1c24-9e28-2339-840c-7e135addd26b-1 generated ready=True bytes=22276707
[1306/3852] 422885ad-192d-25fc-8631-c3a978a9d3d4-1 generated ready=True bytes=29067574
[1307/3852] 422885ad-192d-25fc-8631-c3a978a9d3d4-2 generated ready=True bytes=22292694
[1308/3852] 8e0f1c24-9e28-2339-840c-7e135addd26b-2 generated ready=True bytes=29027510
[1309/3852] 8e0f1c24-9e28-2339-840c-7e135addd26b-4 generated ready=True bytes=22272025
[1310/3852] 8e0f1c24-9e28-2339-840c-7e135addd26b-5 generated ready=True bytes=7507367
[1311/3852] dbeb4d67-faf9-2324-9960-d9db614caeff-3 generated ready=True bytes=22131774
[1312/3852] 1d23400a-e280-2b1a-8e83-f7344ba74475-1 generated ready=True bytes=16442670
[1313/3852] dbeb4d67-faf9-2324-9960-d9db614caeff-1 generated ready=True bytes=29051271
[1314/3852] 1d23400a-e280-2b1a-8e83-f7344ba74475-3 generated ready=True bytes=7052584
[1315/3852] 8e0f1c24-9e28-2339-840c-7e135addd26b-3 generated ready=True bytes=36747206
[1316/3852] 1d23400a-e280-2b1a-8e83-f7344ba74475-2 generated ready=True bytes=16439651
[1317/3852] dbeb4d67-faf9-2324-9960-d9db614caeff-2 generated ready=True bytes=29063862
[1318/3852] dc42b37a-8d5c-2d2a-84dd-83aff10e0abe-1 generated ready=True bytes=36808116
[1319/3852] dc42b37a-8d5c-2d2a-84dd-83aff10e0abe-2 generated ready=True bytes=36810834
[1320/3852] dc42b37a-8d5c-2d2a-84dd-83aff10e0abe-6 generated ready=True bytes=16066553
[1321/3852] dc42b37a-8d5c-2d2a-84dd-83aff10e0abe-3 generated ready=True bytes=29070769
[1322/3852] ad408cb3-84db-2095-8930-d8244e349008-2 generated ready=True bytes=22269996
too few visible objects, scene missalignment possible
[1323/3852] ad408cb3-84db-2095-8930-d8244e349008-3 missing_output ready=False bytes=0
[1324/3852] ad408cb3-84db-2095-8930-d8244e349008-1 generated ready=True bytes=21983211
[1325/3852] dc42b37a-8d5c-2d2a-84dd-83aff10e0abe-4 generated ready=True bytes=36787301
[1326/3852] 422885c1-192d-25fc-8798-e8a7aab48121-2 generated ready=True bytes=7673567
[1327/3852] ad408cb3-84db-2095-8930-d8244e349008-4 generated ready=True bytes=7349376
[1328/3852] 7747a504-9431-24e8-8587-7e4443481e6c-1 generated ready=True bytes=36778040
[1329/3852] 7747a504-9431-24e8-8587-7e4443481e6c-2 generated ready=True bytes=36814983
[1330/3852] 422885c1-192d-25fc-8798-e8a7aab48121-1 generated ready=True bytes=29121557
[1331/3852] dc42b37a-8d5c-2d2a-84dd-83aff10e0abe-5 generated ready=True bytes=22324979
[1332/3852] 7747a504-9431-24e8-8587-7e4443481e6c-5 generated ready=True bytes=16077852
[1333/3852] 4e858c8f-fd93-2cb4-8676-36cea7ef23cc-2 generated ready=True bytes=7492034
[1334/3852] 7747a504-9431-24e8-8587-7e4443481e6c-3 generated ready=True bytes=29080960
[1335/3852] 4e858c8f-fd93-2cb4-8676-36cea7ef23cc-1 generated ready=True bytes=29040625
[1336/3852] b05fddd1-fca0-2d4f-8ab9-ecffab72e046-1 generated ready=True bytes=36743929
[1337/3852] 7747a504-9431-24e8-8587-7e4443481e6c-4 generated ready=True bytes=29115120
[1338/3852] b05fddd1-fca0-2d4f-8ab9-ecffab72e046-2 generated ready=True bytes=29056628
[1339/3852] b05fddd1-fca0-2d4f-8ab9-ecffab72e046-3 generated ready=True bytes=29039363
[1340/3852] 7ab2a9c3-ebc6-2056-8965-ecbce808b905-3 generated ready=True bytes=16445500
[1341/3852] 7ab2a9c3-ebc6-2056-8965-ecbce808b905-4 generated ready=True bytes=7347096
[1342/3852] 7ab2a9c3-ebc6-2056-8965-ecbce808b905-2 generated ready=True bytes=22271454
[1343/3852] b05fddd1-fca0-2d4f-8ab9-ecffab72e046-4 generated ready=True bytes=29065107
[1344/3852] baf673aa-8e94-22f8-815f-0a3f3d250071-2 generated ready=True bytes=7062254
[1345/3852] 77361fd0-d054-2a22-8b5a-9d2acada2031-1 generated ready=True bytes=11434550
[1346/3852] 7ab2a9c3-ebc6-2056-8965-ecbce808b905-1 generated ready=True bytes=16317436
[1347/3852] cdcaf5bf-ddd8-2ed6-971c-d8e07f06e98f-3 generated ready=True bytes=11022133
[1348/3852] cdcaf5bf-ddd8-2ed6-971c-d8e07f06e98f-1 generated ready=True bytes=36802244
[1349/3852] baf673aa-8e94-22f8-815f-0a3f3d250071-1 generated ready=True bytes=29027942
[1350/3852] 422885e9-192d-25fc-87a9-7013fe4114f2-1 generated ready=True bytes=22281151
[1351/3852] 422885e9-192d-25fc-87a9-7013fe4114f2-2 generated ready=True bytes=36996801
[1352/3852] cdcaf5bf-ddd8-2ed6-971c-d8e07f06e98f-2 generated ready=True bytes=36868747
[1353/3852] 422885e9-192d-25fc-87a9-7013fe4114f2-3 generated ready=True bytes=37001716
[1354/3852] 422885e9-192d-25fc-87a9-7013fe4114f2-4 generated ready=True bytes=36968921
[1355/3852] 422885e9-192d-25fc-87a9-7013fe4114f2-5 generated ready=True bytes=36976811
[1356/3852] 0cac7637-8d6f-2d13-8e6f-f79dce250314-1 generated ready=True bytes=29049954
[1357/3852] 422885e9-192d-25fc-87a9-7013fe4114f2-6 generated ready=True bytes=36965114
[1358/3852] 0cac7637-8d6f-2d13-8e6f-f79dce250314-3 generated ready=True bytes=16463365
[1359/3852] 422885e9-192d-25fc-87a9-7013fe4114f2-7 generated ready=True bytes=29218628
[1360/3852] 0cac7637-8d6f-2d13-8e6f-f79dce250314-4 generated ready=True bytes=29033138
[1361/3852] 0cac7637-8d6f-2d13-8e6f-f79dce250314-2 generated ready=True bytes=29044715
[1362/3852] c12890c7-d3df-2d0d-8541-a72f5bc6a668-3 generated ready=True bytes=36816961
[1363/3852] c12890c7-d3df-2d0d-8541-a72f5bc6a668-4 generated ready=True bytes=36805430
[1364/3852] c12890c7-d3df-2d0d-8541-a72f5bc6a668-1 generated ready=True bytes=28963572
[1365/3852] c12890c7-d3df-2d0d-8541-a72f5bc6a668-5 generated ready=True bytes=36771024
[1366/3852] c12890c7-d3df-2d0d-8541-a72f5bc6a668-2 generated ready=True bytes=36824255
[1367/3852] c12890c7-d3df-2d0d-8541-a72f5bc6a668-6 generated ready=True bytes=22023687
[1368/3852] 2e369549-e133-204c-91af-a19767a23bf2-1 generated ready=True bytes=16319322
[1369/3852] 6bde609d-9162-246f-8e6e-a3f462f77042-3 generated ready=True bytes=7099267
too few visible objects, scene missalignment possible
[1370/3852] 8eabc447-5af7-2f32-8712-301083e291b3-2 missing_output ready=False bytes=0
too few visible objects, scene missalignment possible
[1371/3852] 8eabc447-5af7-2f32-8712-301083e291b3-3 missing_output ready=False bytes=0
[1372/3852] 8eabc447-5af7-2f32-8712-301083e291b3-1 generated ready=True bytes=11578665
[1373/3852] 8eabc447-5af7-2f32-8712-301083e291b3-4 generated ready=True bytes=22273553
[1374/3852] 6bde609d-9162-246f-8e6e-a3f462f77042-2 generated ready=True bytes=36766950
[1375/3852] 6bde609d-9162-246f-8e6e-a3f462f77042-1 generated ready=True bytes=29063838
[1376/3852] 10b1794c-3938-2467-8b2b-4e5c91cc5cc3-3 generated ready=True bytes=29034037
[1377/3852] 10b1794c-3938-2467-8b2b-4e5c91cc5cc3-4 generated ready=True bytes=11438004
[1378/3852] bf9a3deb-45a5-2e80-8291-f0039d671ea1-1 generated ready=True bytes=11432956
[1379/3852] bf9a3deb-45a5-2e80-8291-f0039d671ea1-2 generated ready=True bytes=36736111
[1380/3852] bf9a3deb-45a5-2e80-8291-f0039d671ea1-3 generated ready=True bytes=29027960
[1381/3852] bf9a3deb-45a5-2e80-8291-f0039d671ea1-4 generated ready=True bytes=16166739
[1382/3852] 10b1794c-3938-2467-8b2b-4e5c91cc5cc3-2 generated ready=True bytes=36755987
[1383/3852] 10b1794c-3938-2467-8b2b-4e5c91cc5cc3-5 generated ready=True bytes=36741115
too few visible objects, scene missalignment possible
[1384/3852] 0cac75cc-8d6f-2d13-8ddf-7b3c05e8709c-3 missing_output ready=False bytes=0
[1385/3852] 0cac75cc-8d6f-2d13-8ddf-7b3c05e8709c-2 generated ready=True bytes=7647445
[1386/3852] 0cac75f8-8d6f-2d13-8f8a-30d9464cad6e-1 generated ready=True bytes=29032091
[1387/3852] 0cac75cc-8d6f-2d13-8ddf-7b3c05e8709c-1 generated ready=True bytes=29030133
[1388/3852] 10b1794c-3938-2467-8b2b-4e5c91cc5cc3-1 generated ready=True bytes=36767715
[1389/3852] 0cac75f8-8d6f-2d13-8f8a-30d9464cad6e-3 generated ready=True bytes=16457739
[1390/3852] 6bde605d-9162-246f-8c75-fb2f7781bc40-2 generated ready=True bytes=16453343
[1391/3852] 6bde605d-9162-246f-8c75-fb2f7781bc40-1 generated ready=True bytes=22275902
[1392/3852] 0cac7625-8d6f-2d13-8f72-9672f2345ef9-1 generated ready=True bytes=22260898
[1393/3852] b8837e26-57ec-29c6-8912-0cf70aa80f98-1 generated ready=True bytes=36855235
[1394/3852] 0cac7625-8d6f-2d13-8f72-9672f2345ef9-2 generated ready=True bytes=16446973
[1395/3852] 0cac75f8-8d6f-2d13-8f8a-30d9464cad6e-2 generated ready=True bytes=36740278
[1396/3852] ad408cb1-84db-2095-8a03-942866890a31-3 generated ready=True bytes=16158876
[1397/3852] ad408cb1-84db-2095-8a03-942866890a31-2 generated ready=True bytes=36730385
[1398/3852] ad408cb1-84db-2095-8a03-942866890a31-1 generated ready=True bytes=22122855
[1399/3852] 8f0f1469-55de-28ce-81e1-3777a48d711e-1 generated ready=True bytes=22327017
[1400/3852] 05c6ede7-2e69-23b1-8b27-c1cb868f1938-1 generated ready=True bytes=22274595
[1401/3852] 05c6ede7-2e69-23b1-8b27-c1cb868f1938-3 generated ready=True bytes=36738358
[1402/3852] 3b7b33b1-1b11-283e-9ac0-8843e072d7d5-1 generated ready=True bytes=29028124
[1403/3852] b8837e1a-57ec-29c6-8a01-dec1dcb87460-1 generated ready=True bytes=16044825
[1404/3852] bcb0fe27-4f39-2c70-9dae-5c8625b3553d-1 generated ready=True bytes=36724155
[1405/3852] bcb0fe27-4f39-2c70-9dae-5c8625b3553d-2 generated ready=True bytes=22257396
[1406/3852] 05c6ede7-2e69-23b1-8b27-c1cb868f1938-2 generated ready=True bytes=36736799
[1407/3852] 05c6ede7-2e69-23b1-8b27-c1cb868f1938-4 generated ready=True bytes=22147397
[1408/3852] 3b7b33b1-1b11-283e-9ac0-8843e072d7d5-2 generated ready=True bytes=22141611
[1409/3852] c6707941-2ecb-2de2-8236-13d2d850cf65-2 generated ready=True bytes=16500717
[1410/3852] ba6fda98-a4c1-2dca-8230-bce60f5a0f85-1 generated ready=True bytes=16158614
[1411/3852] c6707941-2ecb-2de2-8236-13d2d850cf65-1 generated ready=True bytes=22332175
[1412/3852] b05fdd92-fca0-2d4f-89dd-723db1a8d78c-2 generated ready=True bytes=29026374
[1413/3852] b05fdd92-fca0-2d4f-89dd-723db1a8d78c-1 generated ready=True bytes=22279424
[1414/3852] c6707941-2ecb-2de2-8236-13d2d850cf65-4 generated ready=True bytes=22187446
[1415/3852] 0cac767c-8d6f-2d13-8e22-50ba98af68e6-2 generated ready=True bytes=29035673
[1416/3852] 0cac767c-8d6f-2d13-8e22-50ba98af68e6-4 generated ready=True bytes=28876794
[1417/3852] 0958222a-e2c2-2de1-9474-35e601b3682a-1 generated ready=True bytes=16232725
[1418/3852] 19f1a892-a988-2bf8-8c91-0705cf396888-1 generated ready=True bytes=29037472
[1419/3852] 0cac767c-8d6f-2d13-8e22-50ba98af68e6-3 generated ready=True bytes=29030687
[1420/3852] 19f1a892-a988-2bf8-8c91-0705cf396888-2 generated ready=True bytes=36747069
[1421/3852] 19f1a892-a988-2bf8-8c91-0705cf396888-4 generated ready=True bytes=36737358
[1422/3852] 0cac767c-8d6f-2d13-8e22-50ba98af68e6-1 generated ready=True bytes=36729978
[1423/3852] bcb0fe2f-4f39-2c70-9eaf-a074d1b3e47b-1 generated ready=True bytes=16438080
[1424/3852] bcb0fe2f-4f39-2c70-9eaf-a074d1b3e47b-2 generated ready=True bytes=7049183
[1425/3852] 19f1a892-a988-2bf8-8c91-0705cf396888-5 generated ready=True bytes=29030927
[1426/3852] c6707941-2ecb-2de2-8236-13d2d850cf65-3 generated ready=True bytes=29096248
[1427/3852] 8e0f1c42-9e28-2339-861e-2d29caae3f9a-1 generated ready=True bytes=11571459
[1428/3852] 8e0f1c42-9e28-2339-861e-2d29caae3f9a-3 generated ready=True bytes=11138627
[1429/3852] 8eabc430-5af7-2f32-84da-1b01b293f2d3-1 generated ready=True bytes=28892522
[1430/3852] 19f1a892-a988-2bf8-8c91-0705cf396888-3 generated ready=True bytes=36763721
[1431/3852] 8eabc430-5af7-2f32-84da-1b01b293f2d3-2 generated ready=True bytes=36748719
too few visible objects, scene missalignment possible
[1432/3852] 8eabc430-5af7-2f32-84da-1b01b293f2d3-4 missing_output ready=False bytes=0
[1433/3852] 8e0f1c42-9e28-2339-861e-2d29caae3f9a-2 generated ready=True bytes=29028510
[1434/3852] 8f0f145e-55de-28ce-8203-45b4e2bb36d9-1 generated ready=True bytes=36845226
[1435/3852] 8eabc430-5af7-2f32-84da-1b01b293f2d3-3 generated ready=True bytes=36787677
[1436/3852] 0cac7564-8d6f-2d13-8cb2-8b01c0a1b3d5-1 generated ready=True bytes=36832494
[1437/3852] d7d40d62-7a5d-2b36-955e-86a394caeabb-3 generated ready=True bytes=16473678
[1438/3852] d7d40d62-7a5d-2b36-955e-86a394caeabb-1 generated ready=True bytes=22321071
[1439/3852] d7d40d62-7a5d-2b36-955e-86a394caeabb-4 generated ready=True bytes=11468093
[1440/3852] d7d40d62-7a5d-2b36-955e-86a394caeabb-2 generated ready=True bytes=29062353
[1441/3852] d7d40d62-7a5d-2b36-955e-86a394caeabb-6 generated ready=True bytes=29050345
[1442/3852] d7d40d62-7a5d-2b36-955e-86a394caeabb-8 generated ready=True bytes=16480778
[1443/3852] d7d40d62-7a5d-2b36-955e-86a394caeabb-7 generated ready=True bytes=22290932
[1444/3852] 752cc59b-920c-26f5-8cbc-2b014d7b351c-1 generated ready=True bytes=22164810
[1445/3852] 752cc59b-920c-26f5-8cbc-2b014d7b351c-4 generated ready=True bytes=22039259
[1446/3852] 752cc59b-920c-26f5-8cbc-2b014d7b351c-3 generated ready=True bytes=36793202
[1447/3852] fcf66daa-622d-291c-8548-a1163ee299b4-1 generated ready=True bytes=22269722
[1448/3852] fcf66daa-622d-291c-8548-a1163ee299b4-2 generated ready=True bytes=11573147
[1449/3852] 752cc59b-920c-26f5-8cbc-2b014d7b351c-2 generated ready=True bytes=36817079
[1450/3852] fcf66daa-622d-291c-8548-a1163ee299b4-3 generated ready=True bytes=16462320
[1451/3852] fcf66daa-622d-291c-8548-a1163ee299b4-4 generated ready=True bytes=36725334
[1452/3852] 0cac7578-8d6f-2d13-8c2d-bfa7a04f8af3-1 generated ready=True bytes=36741726
[1453/3852] d7d40d62-7a5d-2b36-955e-86a394caeabb-5 generated ready=True bytes=29113452
[1454/3852] 7ab2a9cf-ebc6-2056-88d4-865e66cc1940-2 generated ready=True bytes=16348387
[1455/3852] 0cac7578-8d6f-2d13-8c2d-bfa7a04f8af3-2 generated ready=True bytes=16474325
[1456/3852] 0cac7578-8d6f-2d13-8c2d-bfa7a04f8af3-4 generated ready=True bytes=22288930
[1457/3852] 0cac7578-8d6f-2d13-8c2d-bfa7a04f8af3-5 generated ready=True bytes=22282681
[1458/3852] 7ab2a9cf-ebc6-2056-88d4-865e66cc1940-1 generated ready=True bytes=29079945
[1459/3852] 0cac7578-8d6f-2d13-8c2d-bfa7a04f8af3-6 generated ready=True bytes=16324725
[1460/3852] 0cac7578-8d6f-2d13-8c2d-bfa7a04f8af3-3 generated ready=True bytes=36765128
[1461/3852] 0f2f2721-b736-2f71-8cd7-8f86d4bd0437-1 generated ready=True bytes=29053254
[1462/3852] 0f2f2721-b736-2f71-8cd7-8f86d4bd0437-3 generated ready=True bytes=16482366
[1463/3852] 0f2f2721-b736-2f71-8cd7-8f86d4bd0437-4 generated ready=True bytes=29041122
[1464/3852] 0f2f2721-b736-2f71-8cd7-8f86d4bd0437-2 generated ready=True bytes=16339270
[1465/3852] c92fb596-f771-2064-86ba-d429f869e52f-1 generated ready=True bytes=36754924
[1466/3852] 0f2f2721-b736-2f71-8cd7-8f86d4bd0437-5 generated ready=True bytes=22308643
too few visible objects, scene missalignment possible
[1467/3852] c92fb596-f771-2064-86ba-d429f869e52f-5 missing_output ready=False bytes=0
too few visible objects, scene missalignment possible
[1468/3852] 0cac75af-8d6f-2d13-8f9e-ed3f62665aed-1 missing_output ready=False bytes=0
[1469/3852] c92fb596-f771-2064-86ba-d429f869e52f-3 generated ready=True bytes=29074482
[1470/3852] c92fb596-f771-2064-86ba-d429f869e52f-2 generated ready=True bytes=36777587
[1471/3852] c92fb596-f771-2064-86ba-d429f869e52f-4 generated ready=True bytes=29064827
[1472/3852] 0f2f271d-b736-2f71-8d77-dfc428e30c1e-1 generated ready=True bytes=22298405
[1473/3852] 0f2f271d-b736-2f71-8d77-dfc428e30c1e-2 generated ready=True bytes=22289951
[1474/3852] 0f2f271d-b736-2f71-8d77-dfc428e30c1e-3 generated ready=True bytes=16472458
[1475/3852] 0f2f271d-b736-2f71-8d77-dfc428e30c1e-5 generated ready=True bytes=11440860
[1476/3852] c12890da-d3df-2d0d-862f-db6f9df19711-2 generated ready=True bytes=11117367
[1477/3852] 0f2f271d-b736-2f71-8d77-dfc428e30c1e-4 generated ready=True bytes=16320292
[1478/3852] c12890da-d3df-2d0d-862f-db6f9df19711-1 generated ready=True bytes=36931891
[1479/3852] 6ed38506-7db9-2d45-826e-645bbd9614e6-1 generated ready=True bytes=36782160
[1480/3852] 6ed38506-7db9-2d45-826e-645bbd9614e6-3 generated ready=True bytes=22321458
[1481/3852] 751a55a5-fe61-2c3b-8d49-350e8169e05e-1 generated ready=True bytes=36751968
[1482/3852] 751a55a5-fe61-2c3b-8d49-350e8169e05e-3 generated ready=True bytes=29050820
[1483/3852] 6ed38506-7db9-2d45-826e-645bbd9614e6-2 generated ready=True bytes=36784505
[1484/3852] 751a55a5-fe61-2c3b-8d49-350e8169e05e-2 generated ready=True bytes=22294071
[1485/3852] 6ed38506-7db9-2d45-826e-645bbd9614e6-4 generated ready=True bytes=36764842
[1486/3852] 09582209-e2c2-2de1-9610-08baed932919-2 generated ready=True bytes=11063057
[1487/3852] 09582209-e2c2-2de1-9610-08baed932919-1 generated ready=True bytes=22314819
too few visible objects, scene missalignment possible
[1488/3852] 4e858c93-fd93-2cb4-86d6-12f652012a40-3 missing_output ready=False bytes=0
[1489/3852] 0cac7597-8d6f-2d13-8c9c-6f8542021d5c-1 generated ready=True bytes=16473545
[1490/3852] 0cac7597-8d6f-2d13-8c9c-6f8542021d5c-2 generated ready=True bytes=16469231
[1491/3852] 4e858c93-fd93-2cb4-86d6-12f652012a40-4 generated ready=True bytes=11601604
[1492/3852] 0cac7597-8d6f-2d13-8c9c-6f8542021d5c-3 generated ready=True bytes=29053643
[1493/3852] 0cac7597-8d6f-2d13-8c9c-6f8542021d5c-4 generated ready=True bytes=16481371
[1494/3852] 4e858c93-fd93-2cb4-86d6-12f652012a40-2 generated ready=True bytes=16491533
[1495/3852] 0cac7597-8d6f-2d13-8c9c-6f8542021d5c-5 generated ready=True bytes=16476946
[1496/3852] 4e858c93-fd93-2cb4-86d6-12f652012a40-1 generated ready=True bytes=22313588
[1497/3852] ab835f94-54c6-29a1-9872-210a98f12c12-2 generated ready=True bytes=16080818
[1498/3852] ab835f94-54c6-29a1-9872-210a98f12c12-1 generated ready=True bytes=36787000
[1499/3852] 47319768-f9f7-2a1a-97ba-25a4f441e010-1 generated ready=True bytes=36800320
[1500/3852] 47319768-f9f7-2a1a-97ba-25a4f441e010-4 generated ready=True bytes=36766406
[1501/3852] 47319768-f9f7-2a1a-97ba-25a4f441e010-5 generated ready=True bytes=16070620
[1502/3852] c12890cf-d3df-2d0d-876d-f774cb9d9861-1 generated ready=True bytes=36806965
[1503/3852] 47319768-f9f7-2a1a-97ba-25a4f441e010-2 generated ready=True bytes=36858358
[1504/3852] c12890cf-d3df-2d0d-876d-f774cb9d9861-2 generated ready=True bytes=36821705
[1505/3852] c12890cf-d3df-2d0d-876d-f774cb9d9861-3 generated ready=True bytes=36881123
[1506/3852] 1c211544-f201-2d25-85bb-7569eac370e9-1 generated ready=True bytes=29062863
[1507/3852] 47319768-f9f7-2a1a-97ba-25a4f441e010-3 generated ready=True bytes=36892383
too few visible objects, scene missalignment possible
[1508/3852] 13124cc6-cec3-27a6-86dc-7f23b894c85c-1 missing_output ready=False bytes=0
[1509/3852] 5630cfda-12bf-2860-8511-9baf30eec4ad-2 generated ready=True bytes=7065379
too few visible objects, scene missalignment possible
[1510/3852] 13124cc6-cec3-27a6-86dc-7f23b894c85c-3 missing_output ready=False bytes=0
[1511/3852] 1c211544-f201-2d25-85bb-7569eac370e9-2 generated ready=True bytes=22318672
[1512/3852] 13124cc6-cec3-27a6-86dc-7f23b894c85c-2 generated ready=True bytes=7633808
[1513/3852] 5630cfda-12bf-2860-8511-9baf30eec4ad-1 generated ready=True bytes=29057575
[1514/3852] b05fdda6-fca0-2d4f-8973-9f8a5cdac3ad-3 generated ready=True bytes=16180785
[1515/3852] d7d40d39-7a5d-2b36-972e-a7c800ca7bbf-1 generated ready=True bytes=22265093
[1516/3852] d7d40d39-7a5d-2b36-972e-a7c800ca7bbf-3 generated ready=True bytes=11009629
[1517/3852] d7d40d39-7a5d-2b36-972e-a7c800ca7bbf-2 generated ready=True bytes=36737483
[1518/3852] b05fdda6-fca0-2d4f-8973-9f8a5cdac3ad-2 generated ready=True bytes=36785518
[1519/3852] b05fdda6-fca0-2d4f-8973-9f8a5cdac3ad-1 generated ready=True bytes=36787362
[1520/3852] 10b17936-3938-2467-88ba-ba5fe2debf14-3 generated ready=True bytes=29057289
[1521/3852] 10b17936-3938-2467-88ba-ba5fe2debf14-2 generated ready=True bytes=16489562
[1522/3852] 10b17936-3938-2467-88ba-ba5fe2debf14-4 generated ready=True bytes=21996251
[1523/3852] 8eabc44f-5af7-2f32-87af-ff14de136a7c-2 generated ready=True bytes=16449408
[1524/3852] 8eabc44f-5af7-2f32-87af-ff14de136a7c-3 generated ready=True bytes=22277523
[1525/3852] 8eabc44f-5af7-2f32-87af-ff14de136a7c-4 generated ready=True bytes=11281886
[1526/3852] 8eabc44f-5af7-2f32-87af-ff14de136a7c-1 generated ready=True bytes=36729565
[1527/3852] 10b17936-3938-2467-88ba-ba5fe2debf14-1 generated ready=True bytes=22157462
[1528/3852] c670793d-2ecb-2de2-81fe-76776e342133-4 generated ready=True bytes=36757037
[1529/3852] c670793d-2ecb-2de2-81fe-76776e342133-1 generated ready=True bytes=36815017
[1530/3852] ad408ca7-84db-2095-898d-5a3449578bb2-1 generated ready=True bytes=16445908
[1531/3852] c670793d-2ecb-2de2-81fe-76776e342133-5 generated ready=True bytes=16046771
[1532/3852] ad408ca7-84db-2095-898d-5a3449578bb2-2 generated ready=True bytes=11136741
[1533/3852] 95be45d9-a558-22da-9d6f-3d380c02f40e-1 generated ready=True bytes=16442579
[1534/3852] c670793d-2ecb-2de2-81fe-76776e342133-3 generated ready=True bytes=36809095
[1535/3852] 95be45d9-a558-22da-9d6f-3d380c02f40e-3 generated ready=True bytes=22125901
[1536/3852] c670793d-2ecb-2de2-81fe-76776e342133-2 generated ready=True bytes=36766214
[1537/3852] 95be45d9-a558-22da-9d6f-3d380c02f40e-2 generated ready=True bytes=36725248
[1538/3852] d7d40d79-7a5d-2b36-9740-15f8e687b25c-1 generated ready=True bytes=36752727
[1539/3852] ab835f98-54c6-29a1-9b55-b33723227477-3 generated ready=True bytes=16328781
[1540/3852] ab835f98-54c6-29a1-9b55-b33723227477-1 generated ready=True bytes=29077071
[1541/3852] d7d40d79-7a5d-2b36-9740-15f8e687b25c-2 generated ready=True bytes=36776323
[1542/3852] ab835f98-54c6-29a1-9b55-b33723227477-2 generated ready=True bytes=29080778
[1543/3852] 751a558e-fe61-2c3b-8d62-3b2ddfeb7758-1 generated ready=True bytes=36738772
[1544/3852] 751a558e-fe61-2c3b-8d62-3b2ddfeb7758-2 generated ready=True bytes=36742459
[1545/3852] d7d40d79-7a5d-2b36-9740-15f8e687b25c-5 generated ready=True bytes=22278160
[1546/3852] d7d40d79-7a5d-2b36-9740-15f8e687b25c-4 generated ready=True bytes=36742784
[1547/3852] d7d40d79-7a5d-2b36-9740-15f8e687b25c-3 generated ready=True bytes=29088955
[1548/3852] 751a558e-fe61-2c3b-8d62-3b2ddfeb7758-3 generated ready=True bytes=36736674
[1549/3852] 0cf75f4b-564d-23f5-899f-ff97701d3f3b-2 generated ready=True bytes=36758795
too few visible objects, scene missalignment possible
[1550/3852] 77941464-cfdf-29cb-87f4-0465d3b9ab00-1 missing_output ready=False bytes=0
[1551/3852] 0cf75f4b-564d-23f5-899f-ff97701d3f3b-1 generated ready=True bytes=29114688
[1552/3852] 0cf75f4b-564d-23f5-899f-ff97701d3f3b-4 generated ready=True bytes=29041350
[1553/3852] 0cf75f4b-564d-23f5-899f-ff97701d3f3b-3 generated ready=True bytes=36749142
[1554/3852] 09582214-e2c2-2de1-956a-64d8da4ba7cc-1 generated ready=True bytes=22305577
[1555/3852] 569d8f0b-72aa-2f24-8bfb-8159cfb5e7f4-3 generated ready=True bytes=11440857
[1556/3852] 569d8f0b-72aa-2f24-8bfb-8159cfb5e7f4-2 generated ready=True bytes=16460029
[1557/3852] 2451c053-fae8-24f6-91f0-6bebca1fe741-1 generated ready=True bytes=29056051
[1558/3852] 2451c053-fae8-24f6-91f0-6bebca1fe741-2 generated ready=True bytes=22330118
[1559/3852] ddc737a9-765b-241a-9dd7-bf14079f4804-2 generated ready=True bytes=11575972
[1560/3852] ddc737a9-765b-241a-9dd7-bf14079f4804-1 generated ready=True bytes=36730064
[1561/3852] ddc737a9-765b-241a-9dd7-bf14079f4804-3 generated ready=True bytes=16307731
[1562/3852] 752cc57f-920c-26f5-8e8d-1f9d567cffd7-2 generated ready=True bytes=36873374
[1563/3852] 752cc57f-920c-26f5-8e8d-1f9d567cffd7-1 generated ready=True bytes=36885631
[1564/3852] 1d233ffa-e280-2b1a-8e92-2540f61e5501-1 generated ready=True bytes=16454116
[1565/3852] 569d8f0b-72aa-2f24-8bfb-8159cfb5e7f4-1 generated ready=True bytes=28921171
[1566/3852] 1d233ffa-e280-2b1a-8e92-2540f61e5501-3 generated ready=True bytes=29032644
[1567/3852] 752cc57f-920c-26f5-8e8d-1f9d567cffd7-3 generated ready=True bytes=36895359
[1568/3852] 1d233ffa-e280-2b1a-8e92-2540f61e5501-2 generated ready=True bytes=36736816
[1569/3852] 1d233ffa-e280-2b1a-8e92-2540f61e5501-4 generated ready=True bytes=22273483
[1570/3852] 1d233ffa-e280-2b1a-8e92-2540f61e5501-5 generated ready=True bytes=7079271
[1571/3852] 752cc57f-920c-26f5-8e8d-1f9d567cffd7-4 generated ready=True bytes=36938572
[1572/3852] 7747a50a-9431-24e8-85c6-3488c128ac26-2 generated ready=True bytes=29099027
[1573/3852] 7747a50a-9431-24e8-85c6-3488c128ac26-1 generated ready=True bytes=29156582
[1574/3852] 7747a50a-9431-24e8-85c6-3488c128ac26-3 generated ready=True bytes=36869324
[1575/3852] 7747a50a-9431-24e8-85c6-3488c128ac26-5 generated ready=True bytes=29083751
[1576/3852] 7747a50a-9431-24e8-85c6-3488c128ac26-6 generated ready=True bytes=11050791
[1577/3852] 7747a50a-9431-24e8-85c6-3488c128ac26-4 generated ready=True bytes=36870704
[1578/3852] 7747a521-9431-24e8-84e7-7e01eaee08c4-2 generated ready=True bytes=36769940
[1579/3852] 7747a521-9431-24e8-84e7-7e01eaee08c4-4 generated ready=True bytes=29073586
[1580/3852] 7747a521-9431-24e8-84e7-7e01eaee08c4-3 generated ready=True bytes=29072781
[1581/3852] 7747a521-9431-24e8-84e7-7e01eaee08c4-5 generated ready=True bytes=36777209
[1582/3852] 77361fb6-d054-2a22-8bc5-f4f1a2f34cfb-1 generated ready=True bytes=36732607
[1583/3852] 7747a521-9431-24e8-84e7-7e01eaee08c4-1 generated ready=True bytes=36830952
[1584/3852] e3004a81-9f2a-2778-874e-fa76b0e67096-2 generated ready=True bytes=29094703
[1585/3852] e3004a81-9f2a-2778-874e-fa76b0e67096-4 generated ready=True bytes=29090502
[1586/3852] e3004a81-9f2a-2778-874e-fa76b0e67096-1 generated ready=True bytes=36792518
[1587/3852] e3004a81-9f2a-2778-874e-fa76b0e67096-5 generated ready=True bytes=29074968
[1588/3852] e48c48fb-8b2f-2858-890d-fb49b3db5573-1 generated ready=True bytes=36898717
[1589/3852] e48c48fb-8b2f-2858-890d-fb49b3db5573-3 generated ready=True bytes=36919291
[1590/3852] e3004a81-9f2a-2778-874e-fa76b0e67096-3 generated ready=True bytes=36839696
[1591/3852] b1d87fb2-e72e-2c8c-9f82-ce7e4b3808e2-1 generated ready=True bytes=29014366
[1592/3852] b1d87fb2-e72e-2c8c-9f82-ce7e4b3808e2-2 generated ready=True bytes=11567445
[1593/3852] b1d87fb2-e72e-2c8c-9f82-ce7e4b3808e2-3 generated ready=True bytes=7339401
[1594/3852] e3004a81-9f2a-2778-874e-fa76b0e67096-6 generated ready=True bytes=29128955
[1595/3852] e48c48fb-8b2f-2858-890d-fb49b3db5573-4 generated ready=True bytes=11137438
[1596/3852] 185d7417-3698-223c-8a26-b3a5fce593d4-1 generated ready=True bytes=29019448
[1597/3852] 185d7417-3698-223c-8a26-b3a5fce593d4-3 generated ready=True bytes=29019254
[1598/3852] e48c48fb-8b2f-2858-890d-fb49b3db5573-2 generated ready=True bytes=37039845
[1599/3852] 185d7417-3698-223c-8a26-b3a5fce593d4-2 generated ready=True bytes=29024001
[1600/3852] 1713f852-5300-2104-8658-73b77b66af61-1 generated ready=True bytes=36761505
[1601/3852] 1713f852-5300-2104-8658-73b77b66af61-3 generated ready=True bytes=22284432
[1602/3852] 1713f852-5300-2104-8658-73b77b66af61-4 generated ready=True bytes=29053102
[1603/3852] 1713f852-5300-2104-8658-73b77b66af61-5 generated ready=True bytes=11020857
[1604/3852] 7ab2a9c5-ebc6-2056-89c7-920e98f0cf5a-1 generated ready=True bytes=16457002
[1605/3852] 7ab2a9c5-ebc6-2056-89c7-920e98f0cf5a-2 generated ready=True bytes=7641224
[1606/3852] 1713f852-5300-2104-8658-73b77b66af61-2 generated ready=True bytes=29077889
[1607/3852] 7ab2a9c5-ebc6-2056-89c7-920e98f0cf5a-4 generated ready=True bytes=16303431
[1608/3852] dbeb4d0b-faf9-2324-99bf-259c104b313b-2 generated ready=True bytes=29030460
[1609/3852] 6a360567-fa53-2915-9617-da8aa432752d-1 generated ready=True bytes=7629420
[1610/3852] dbeb4d0b-faf9-2324-99bf-259c104b313b-1 generated ready=True bytes=36759363
[1611/3852] 7ab2a9c5-ebc6-2056-89c7-920e98f0cf5a-3 generated ready=True bytes=11594068
[1612/3852] 185d7425-3698-223c-8ac8-78643cbdc3d1-1 generated ready=True bytes=16320309
[1613/3852] 9c27de4b-6184-2cda-8293-fa3e68da0041-1 generated ready=True bytes=36787818
[1614/3852] 185d7425-3698-223c-8ac8-78643cbdc3d1-2 generated ready=True bytes=36749779
[1615/3852] 9c27de4b-6184-2cda-8293-fa3e68da0041-2 generated ready=True bytes=22316874
[1616/3852] 20c993a3-698f-29c5-86ee-4e979740ea56-1 generated ready=True bytes=22260453
[1617/3852] 185d7425-3698-223c-8ac8-78643cbdc3d1-3 generated ready=True bytes=22301745
[1618/3852] 20c993a3-698f-29c5-86ee-4e979740ea56-3 generated ready=True bytes=11139166
[1619/3852] b1d87fac-e72e-2c8c-9ef9-82e3277c3c35-1 generated ready=True bytes=11566069
[1620/3852] b1d87fac-e72e-2c8c-9ef9-82e3277c3c35-2 generated ready=True bytes=16442774
[1621/3852] b1d87fac-e72e-2c8c-9ef9-82e3277c3c35-3 generated ready=True bytes=11134381
[1622/3852] 20c993a3-698f-29c5-86ee-4e979740ea56-2 generated ready=True bytes=16463874
[1623/3852] 0cac759b-8d6f-2d13-8e3b-2e3bc1ee1158-2 generated ready=True bytes=29041232
[1624/3852] 9c27de4b-6184-2cda-8293-fa3e68da0041-3 generated ready=True bytes=29066868
[1625/3852] 0cac759b-8d6f-2d13-8e3b-2e3bc1ee1158-1 generated ready=True bytes=36769014
[1626/3852] 0cac759b-8d6f-2d13-8e3b-2e3bc1ee1158-3 generated ready=True bytes=29044537
[1627/3852] 0cac759b-8d6f-2d13-8e3b-2e3bc1ee1158-4 generated ready=True bytes=29059392
[1628/3852] 4fbad314-465b-2a5d-8445-9d021f278c1e-2 generated ready=True bytes=36950710
[1629/3852] 4fbad314-465b-2a5d-8445-9d021f278c1e-1 generated ready=True bytes=36972718
[1630/3852] 4fbad314-465b-2a5d-8445-9d021f278c1e-3 generated ready=True bytes=37024785
[1631/3852] 4fbad314-465b-2a5d-8445-9d021f278c1e-4 generated ready=True bytes=29330446
[1632/3852] 4fbad314-465b-2a5d-8445-9d021f278c1e-5 generated ready=True bytes=36931075
[1633/3852] 4fbad314-465b-2a5d-8445-9d021f278c1e-6 generated ready=True bytes=36982508
[1634/3852] 4fbad314-465b-2a5d-8445-9d021f278c1e-7 generated ready=True bytes=22237394
[1635/3852] 8eabc45c-5af7-2f32-85b8-7cb0efc7372d-1 generated ready=True bytes=29033920
[1636/3852] 7f30f36c-42f9-27ed-87c6-23ceb65f1f9b-1 generated ready=True bytes=36744280
[1637/3852] 7f30f36c-42f9-27ed-87c6-23ceb65f1f9b-2 generated ready=True bytes=28915249
[1638/3852] 8eabc45c-5af7-2f32-85b8-7cb0efc7372d-2 generated ready=True bytes=29026056
[1639/3852] dc42b36c-8d5c-2d2a-86aa-19a8929361fd-1 generated ready=True bytes=36795788
[1640/3852] 7f30f36c-42f9-27ed-87c6-23ceb65f1f9b-4 generated ready=True bytes=16505157
[1641/3852] 7f30f36c-42f9-27ed-87c6-23ceb65f1f9b-3 generated ready=True bytes=36786503
[1642/3852] 7f30f36c-42f9-27ed-87c6-23ceb65f1f9b-5 generated ready=True bytes=28930552
[1643/3852] 7f30f36c-42f9-27ed-87c6-23ceb65f1f9b-6 generated ready=True bytes=36761078
[1644/3852] 7f30f36c-42f9-27ed-87c6-23ceb65f1f9b-7 generated ready=True bytes=29050079
[1645/3852] 7f30f36c-42f9-27ed-87c6-23ceb65f1f9b-8 generated ready=True bytes=36740621
[1646/3852] 7f30f36c-42f9-27ed-87c6-23ceb65f1f9b-a generated ready=True bytes=16474662
[1647/3852] 7f30f36c-42f9-27ed-87c6-23ceb65f1f9b-b generated ready=True bytes=16477471
[1648/3852] 7f30f36c-42f9-27ed-87c6-23ceb65f1f9b-9 generated ready=True bytes=36757089
[1649/3852] 7f30f36c-42f9-27ed-87c6-23ceb65f1f9b-c generated ready=True bytes=29047096
[1650/3852] 7f30f36c-42f9-27ed-87c6-23ceb65f1f9b-e generated ready=True bytes=16321405
[1651/3852] 531cff06-0021-28f6-8ce2-e13a4801e5a8-1 generated ready=True bytes=29044064
[1652/3852] 7f30f36c-42f9-27ed-87c6-23ceb65f1f9b-d generated ready=True bytes=36761336
[1653/3852] 531cff06-0021-28f6-8ce2-e13a4801e5a8-3 generated ready=True bytes=36760278
[1654/3852] 0958223d-e2c2-2de1-9683-a76a4276d84c-1 generated ready=True bytes=16233411
[1655/3852] 531cff06-0021-28f6-8ce2-e13a4801e5a8-2 generated ready=True bytes=36760987
[1656/3852] 569d8f07-72aa-2f24-8b3d-47a4ceb4b966-1 generated ready=True bytes=11568127
[1657/3852] 569d8f07-72aa-2f24-8b3d-47a4ceb4b966-3 generated ready=True bytes=11283394
[1658/3852] 4d3d82ba-8cf4-2e04-8218-432a802344be-1 generated ready=True bytes=22368275
too few visible objects, scene missalignment possible
[1659/3852] 6bde6045-9162-246f-8dff-b27ff180a6ae-2 missing_output ready=False bytes=0
[1660/3852] b8837e41-57ec-29c6-8a7e-3cf8b52de8b6-1 generated ready=True bytes=16307767
[1661/3852] 4d3d82ba-8cf4-2e04-8218-432a802344be-2 generated ready=True bytes=22340932
[1662/3852] 569d8f07-72aa-2f24-8b3d-47a4ceb4b966-2 generated ready=True bytes=16312046
[1663/3852] 42384916-60a7-271e-9c1f-6722abc6495d-3 generated ready=True bytes=36742984
[1664/3852] 42384916-60a7-271e-9c1f-6722abc6495d-1 generated ready=True bytes=36732641
[1665/3852] 42384916-60a7-271e-9c1f-6722abc6495d-2 generated ready=True bytes=36739811
[1666/3852] 5341b79b-8a66-2cdd-84cd-d6dfbb614837-1 generated ready=True bytes=29019574
[1667/3852] c92fb570-f771-2064-8700-e44ec1355c49-2 generated ready=True bytes=28888383
too few visible objects, scene missalignment possible
[1668/3852] 5341b79b-8a66-2cdd-84cd-d6dfbb614837-3 missing_output ready=False bytes=0
[1669/3852] c92fb570-f771-2064-8700-e44ec1355c49-1 generated ready=True bytes=36759344
[1670/3852] c7895f1b-339c-2d13-8348-d178c1c4b687-1 generated ready=True bytes=11583952
[1671/3852] 5341b79b-8a66-2cdd-84cd-d6dfbb614837-2 generated ready=True bytes=36720225
[1672/3852] c7895f1b-339c-2d13-8348-d178c1c4b687-4 generated ready=True bytes=16457410
[1673/3852] c7895f1b-339c-2d13-8348-d178c1c4b687-2 generated ready=True bytes=36745064
[1674/3852] c7895f0b-339c-2d13-80e2-1d2aa04aa528-2 generated ready=True bytes=11434072
[1675/3852] c7895f0b-339c-2d13-80e2-1d2aa04aa528-1 generated ready=True bytes=22282539
[1676/3852] bf9a3dbe-45a5-2e80-80ee-f78c2b525234-1 generated ready=True bytes=7058614
[1677/3852] c7895f1b-339c-2d13-8348-d178c1c4b687-3 generated ready=True bytes=16460227
[1678/3852] 6bde6045-9162-246f-8dff-b27ff180a6ae-1 generated ready=True bytes=22338951
[1679/3852] 10b17973-3938-2467-8906-5ba39b48458d-2 generated ready=True bytes=11596953
[1680/3852] 10b17973-3938-2467-8906-5ba39b48458d-3 generated ready=True bytes=29046623
[1681/3852] 10b17973-3938-2467-8906-5ba39b48458d-1 generated ready=True bytes=36754683
[1682/3852] 10b17973-3938-2467-8906-5ba39b48458d-4 generated ready=True bytes=22315375
[1683/3852] 10b17973-3938-2467-8906-5ba39b48458d-5 generated ready=True bytes=29077079
[1684/3852] 10b17973-3938-2467-8906-5ba39b48458d-7 generated ready=True bytes=11018846
[1685/3852] 10b17973-3938-2467-8906-5ba39b48458d-6 generated ready=True bytes=16497838
[1686/3852] e2847ff7-a506-2b60-869c-2780e8694ae0-2 generated ready=True bytes=36884046
[1687/3852] e2847ff7-a506-2b60-869c-2780e8694ae0-4 generated ready=True bytes=29246063
[1688/3852] e2847ff7-a506-2b60-869c-2780e8694ae0-1 generated ready=True bytes=36976082
[1689/3852] e2847ff7-a506-2b60-869c-2780e8694ae0-3 generated ready=True bytes=36957234
[1690/3852] 6ed38502-7db9-2d45-8219-6521d44b8025-1 generated ready=True bytes=36727641
[1691/3852] 6ed38502-7db9-2d45-8219-6521d44b8025-2 generated ready=True bytes=36726253
[1692/3852] e2847ff7-a506-2b60-869c-2780e8694ae0-5 generated ready=True bytes=36899976
[1693/3852] 6ed38502-7db9-2d45-8219-6521d44b8025-3 generated ready=True bytes=36729013
[1694/3852] e2847ff7-a506-2b60-869c-2780e8694ae0-7 generated ready=True bytes=22113378
[1695/3852] e2847ff7-a506-2b60-869c-2780e8694ae0-6 generated ready=True bytes=36900442
[1696/3852] 422885d9-192d-25fc-85de-b954f526b2ac-3 generated ready=True bytes=36848705
[1697/3852] 422885d9-192d-25fc-85de-b954f526b2ac-2 generated ready=True bytes=36876524
[1698/3852] 422885d9-192d-25fc-85de-b954f526b2ac-1 generated ready=True bytes=36863035
[1699/3852] 422885d9-192d-25fc-85de-b954f526b2ac-6 generated ready=True bytes=29118381
[1700/3852] 422885d9-192d-25fc-85de-b954f526b2ac-8 generated ready=True bytes=16130005
[1701/3852] 422885d9-192d-25fc-85de-b954f526b2ac-5 generated ready=True bytes=36893805
[1702/3852] 422885d9-192d-25fc-85de-b954f526b2ac-4 generated ready=True bytes=29014061
[1703/3852] 422885d9-192d-25fc-85de-b954f526b2ac-7 generated ready=True bytes=36851706
[1704/3852] 09582216-e2c2-2de1-97de-efcab1ef9c43-1 generated ready=True bytes=22289686
[1705/3852] 22312380-b828-2c09-92f8-061e80aafe34-1 generated ready=True bytes=22255437
[1706/3852] 09582216-e2c2-2de1-97de-efcab1ef9c43-2 generated ready=True bytes=16052207
[1707/3852] 4e858c9b-fd93-2cb4-851f-b65dcef6e6e1-1 generated ready=True bytes=11575592
[1708/3852] 4d3d829e-8cf4-2e04-8318-b76f02d91c93-1 generated ready=True bytes=36776500
[1709/3852] 4d3d829e-8cf4-2e04-8318-b76f02d91c93-2 generated ready=True bytes=36794989
[1710/3852] 4d3d829e-8cf4-2e04-8318-b76f02d91c93-3 generated ready=True bytes=36795230
[1711/3852] 752cc597-920c-26f5-8c1b-a8a5c90a21d7-1 generated ready=True bytes=36828466
[1712/3852] 4e858c9b-fd93-2cb4-851f-b65dcef6e6e1-2 generated ready=True bytes=29069215
[1713/3852] 752cc597-920c-26f5-8c1b-a8a5c90a21d7-4 generated ready=True bytes=22216815
[1714/3852] 752cc597-920c-26f5-8c1b-a8a5c90a21d7-2 generated ready=True bytes=29095574
[1715/3852] 752cc597-920c-26f5-8c1b-a8a5c90a21d7-3 generated ready=True bytes=28962012
[1716/3852] 210cdbab-9e8d-2832-85fa-87d12badb00e-2 generated ready=True bytes=29148704
[1717/3852] 210cdbab-9e8d-2832-85fa-87d12badb00e-3 generated ready=True bytes=36846107
[1718/3852] 210cdbab-9e8d-2832-85fa-87d12badb00e-1 generated ready=True bytes=36884927
[1719/3852] 0cac762b-8d6f-2d13-8de2-832a3c07864b-4 generated ready=True bytes=16486599
[1720/3852] 0cac762b-8d6f-2d13-8de2-832a3c07864b-3 generated ready=True bytes=29059384
[1721/3852] 0cac762b-8d6f-2d13-8de2-832a3c07864b-1 generated ready=True bytes=36774096
[1722/3852] 0cac762b-8d6f-2d13-8de2-832a3c07864b-2 generated ready=True bytes=29059497
[1723/3852] 0cac762b-8d6f-2d13-8de2-832a3c07864b-7 generated ready=True bytes=11611179
[1724/3852] 0cac762b-8d6f-2d13-8de2-832a3c07864b-5 generated ready=True bytes=22304861
[1725/3852] 0cac762b-8d6f-2d13-8de2-832a3c07864b-8 generated ready=True bytes=16490477
[1726/3852] d7d40d37-7a5d-2b36-97cc-108f3c8e07f9-1 generated ready=True bytes=22264819
[1727/3852] 0cac762b-8d6f-2d13-8de2-832a3c07864b-6 generated ready=True bytes=29087637
[1728/3852] 0cac762b-8d6f-2d13-8de2-832a3c07864b-9 generated ready=True bytes=22303929
[1729/3852] 0cac762b-8d6f-2d13-8de2-832a3c07864b-a generated ready=True bytes=11321989
[1730/3852] d7d40d37-7a5d-2b36-97cc-108f3c8e07f9-2 generated ready=True bytes=29026836
[1731/3852] d7d40d37-7a5d-2b36-97cc-108f3c8e07f9-3 generated ready=True bytes=11005942
[1732/3852] 1d2f851a-d757-207c-8faa-3625b6dda1e5-1 generated ready=True bytes=28908986
[1733/3852] baf673a4-8e94-22f8-83af-b4e879365685-1 generated ready=True bytes=36748577
[1734/3852] 1d2f851a-d757-207c-8faa-3625b6dda1e5-2 generated ready=True bytes=29081191
[1735/3852] 1d2f851a-d757-207c-8faa-3625b6dda1e5-4 generated ready=True bytes=22282229
[1736/3852] 1d2f851a-d757-207c-8faa-3625b6dda1e5-5 generated ready=True bytes=7226070
[1737/3852] 4fbad31a-465b-2a5d-8566-f4e4845c1a78-1 generated ready=True bytes=36910852
[1738/3852] 1d2f851a-d757-207c-8faa-3625b6dda1e5-3 generated ready=True bytes=36867335
[1739/3852] 4fbad31a-465b-2a5d-8566-f4e4845c1a78-3 generated ready=True bytes=36877512
[1740/3852] 4fbad31a-465b-2a5d-8566-f4e4845c1a78-2 generated ready=True bytes=29077102
[1741/3852] 4fbad31a-465b-2a5d-8566-f4e4845c1a78-6 generated ready=True bytes=28948973
[1742/3852] 4fbad31a-465b-2a5d-8566-f4e4845c1a78-4 generated ready=True bytes=36839234
[1743/3852] 20c993a1-698f-29c5-8716-5a937fdd879a-1 generated ready=True bytes=22270310
[1744/3852] 6a36054d-fa53-2915-94a6-7e44f4f7a6cf-1 generated ready=True bytes=29019376
[1745/3852] 4fbad31a-465b-2a5d-8566-f4e4845c1a78-5 generated ready=True bytes=36899710
[1746/3852] 6a36054d-fa53-2915-94a6-7e44f4f7a6cf-2 generated ready=True bytes=10988329
[1747/3852] 09582250-e2c2-2de1-9541-3efcbdc2dca4-1 generated ready=True bytes=16453646
[1748/3852] 20c993a1-698f-29c5-8716-5a937fdd879a-3 generated ready=True bytes=29022183
[1749/3852] 20c993a1-698f-29c5-8716-5a937fdd879a-2 generated ready=True bytes=36735493
[1750/3852] 09582250-e2c2-2de1-9541-3efcbdc2dca4-2 generated ready=True bytes=29071089
[1751/3852] 4d3d82b8-8cf4-2e04-803d-3091a545e57a-1 generated ready=True bytes=36763622
[1752/3852] 4d3d82b8-8cf4-2e04-803d-3091a545e57a-5 generated ready=True bytes=11028668
[1753/3852] 4d3d82b8-8cf4-2e04-803d-3091a545e57a-3 generated ready=True bytes=36766946
[1754/3852] 4d3d82b8-8cf4-2e04-803d-3091a545e57a-4 generated ready=True bytes=36772984
[1755/3852] 4d3d82b8-8cf4-2e04-803d-3091a545e57a-2 generated ready=True bytes=36807673
[1756/3852] 1713f859-5300-2104-841c-c60e88ded469-2 generated ready=True bytes=22362634
[1757/3852] 1713f859-5300-2104-841c-c60e88ded469-3 generated ready=True bytes=36782056
[1758/3852] 1713f859-5300-2104-841c-c60e88ded469-1 generated ready=True bytes=36805209
[1759/3852] cf00577e-b8f0-2aa8-8751-be34df30341f-1 generated ready=True bytes=29068746
[1760/3852] baf6738d-8e94-22f8-83db-20528ddbef86-1 generated ready=True bytes=22153268
[1761/3852] cf00577e-b8f0-2aa8-8751-be34df30341f-2 generated ready=True bytes=36782804
[1762/3852] cf00577e-b8f0-2aa8-8751-be34df30341f-4 generated ready=True bytes=36778366
[1763/3852] cf00577e-b8f0-2aa8-8751-be34df30341f-3 generated ready=True bytes=29093272
[1764/3852] cf00577e-b8f0-2aa8-8751-be34df30341f-5 generated ready=True bytes=22305055
[1765/3852] cf00577e-b8f0-2aa8-8751-be34df30341f-7 generated ready=True bytes=28928615
[1766/3852] cf00577e-b8f0-2aa8-8751-be34df30341f-6 generated ready=True bytes=36764615
[1767/3852] 1713f859-5300-2104-841c-c60e88ded469-4 generated ready=True bytes=36826408
[1768/3852] cf00577e-b8f0-2aa8-8751-be34df30341f-9 generated ready=True bytes=36792814
[1769/3852] cf00577e-b8f0-2aa8-8751-be34df30341f-b generated ready=True bytes=28919408
[1770/3852] cf00577e-b8f0-2aa8-8751-be34df30341f-8 generated ready=True bytes=36812241
[1771/3852] cf00577e-b8f0-2aa8-8751-be34df30341f-a generated ready=True bytes=36805565
[1772/3852] cf00577e-b8f0-2aa8-8751-be34df30341f-d generated ready=True bytes=36766195
[1773/3852] cf00577e-b8f0-2aa8-8751-be34df30341f-c generated ready=True bytes=29088745
[1774/3852] 38770c9d-86d7-27b8-869e-4f713b04f290-3 generated ready=True bytes=36774867
[1775/3852] cf00577e-b8f0-2aa8-8751-be34df30341f-e generated ready=True bytes=22040070
[1776/3852] 38770c9d-86d7-27b8-869e-4f713b04f290-5 generated ready=True bytes=11030897
[1777/3852] 38770c9d-86d7-27b8-869e-4f713b04f290-2 generated ready=True bytes=36827840
[1778/3852] 38770c9d-86d7-27b8-869e-4f713b04f290-1 generated ready=True bytes=36831493
[1779/3852] 55551095-36f1-29c0-8832-90e4ea43176b-2 generated ready=True bytes=28906355
[1780/3852] 6bde606a-9162-246f-8d00-6f12f032e27d-2 generated ready=True bytes=36756705
[1781/3852] 6bde606a-9162-246f-8d00-6f12f032e27d-1 generated ready=True bytes=22311795
[1782/3852] 55551095-36f1-29c0-8832-90e4ea43176b-1 generated ready=True bytes=36760588
[1783/3852] 38770c9d-86d7-27b8-869e-4f713b04f290-4 generated ready=True bytes=36854406
[1784/3852] 6bde606a-9162-246f-8d00-6f12f032e27d-3 generated ready=True bytes=22025998
too few visible objects, scene missalignment possible
[1785/3852] 1776ad78-4db7-2333-887f-d6b6a617255a-4 missing_output ready=False bytes=0
[1786/3852] 1776ad78-4db7-2333-887f-d6b6a617255a-1 generated ready=True bytes=11578346
[1787/3852] 1776ad78-4db7-2333-887f-d6b6a617255a-2 generated ready=True bytes=11581915
[1788/3852] 1776ad78-4db7-2333-887f-d6b6a617255a-3 generated ready=True bytes=16459123
[1789/3852] 10b17951-3938-2467-881b-3bcb3b80bad3-3 generated ready=True bytes=11607605
[1790/3852] 10b17951-3938-2467-881b-3bcb3b80bad3-2 generated ready=True bytes=11616984
[1791/3852] 10b17951-3938-2467-881b-3bcb3b80bad3-5 generated ready=True bytes=7082223
[1792/3852] 10b17951-3938-2467-881b-3bcb3b80bad3-4 generated ready=True bytes=29057332
[1793/3852] 10b17951-3938-2467-881b-3bcb3b80bad3-1 generated ready=True bytes=36755964
[1794/3852] 4d3d82b6-8cf4-2e04-830a-4303fa0e79c7-1 generated ready=True bytes=36759575
[1795/3852] 4d3d82b6-8cf4-2e04-830a-4303fa0e79c7-3 generated ready=True bytes=16469303
[1796/3852] b05fdd68-fca0-2d4f-895a-2f40f6b4aca9-1 generated ready=True bytes=16462761
[1797/3852] 4d3d82b6-8cf4-2e04-830a-4303fa0e79c7-4 generated ready=True bytes=29075898
[1798/3852] 4d3d82b6-8cf4-2e04-830a-4303fa0e79c7-5 generated ready=True bytes=29056427
[1799/3852] b05fdd68-fca0-2d4f-895a-2f40f6b4aca9-2 generated ready=True bytes=36735392
[1800/3852] 4d3d82b6-8cf4-2e04-830a-4303fa0e79c7-2 generated ready=True bytes=36783480
[1801/3852] b05fdd68-fca0-2d4f-895a-2f40f6b4aca9-3 generated ready=True bytes=29035975
[1802/3852] a38a57da-8a91-2e91-93eb-0b7f675da4ba-1 generated ready=True bytes=29013171
too few visible objects, scene missalignment possible
[1803/3852] a38a57da-8a91-2e91-93eb-0b7f675da4ba-2 missing_output ready=False bytes=0
[1804/3852] 8f0f142a-55de-28ce-81f2-5d5c683204b8-1 generated ready=True bytes=22345073
[1805/3852] b05fdd68-fca0-2d4f-895a-2f40f6b4aca9-4 generated ready=True bytes=11590834
[1806/3852] 8f0f142a-55de-28ce-81f2-5d5c683204b8-2 generated ready=True bytes=36787299
[1807/3852] 68bae76c-3567-2f7c-827d-373035a2d942-2 generated ready=True bytes=22264249
[1808/3852] 68bae76c-3567-2f7c-827d-373035a2d942-1 generated ready=True bytes=16452575
[1809/3852] baf6738b-8e94-22f8-8085-24c4e5ef5220-1 generated ready=True bytes=29037175
[1810/3852] 283ccff1-107c-24d5-8b6f-9bd3a42ca380-3 generated ready=True bytes=36762665
[1811/3852] 283ccff1-107c-24d5-8b6f-9bd3a42ca380-1 generated ready=True bytes=36774676
[1812/3852] 283ccff1-107c-24d5-8b6f-9bd3a42ca380-2 generated ready=True bytes=22329723
[1813/3852] 38770c95-86d7-27b8-8717-3485b411ddc7-2 generated ready=True bytes=36863350
[1814/3852] 38770c95-86d7-27b8-8717-3485b411ddc7-4 generated ready=True bytes=36809788
[1815/3852] 38770c95-86d7-27b8-8717-3485b411ddc7-3 generated ready=True bytes=36961420
too few visible objects, scene missalignment possible
[1816/3852] 0cac7538-8d6f-2d13-8c23-d635c21d0f17-2 missing_output ready=False bytes=0
[1817/3852] 38770c95-86d7-27b8-8717-3485b411ddc7-5 generated ready=True bytes=29024199
[1818/3852] 38770c95-86d7-27b8-8717-3485b411ddc7-1 generated ready=True bytes=36884443
[1819/3852] 751a557f-fe61-2c3b-8f60-a1ba913060c4-1 generated ready=True bytes=36816446
[1820/3852] 751a557f-fe61-2c3b-8f60-a1ba913060c4-2 generated ready=True bytes=36861081
[1821/3852] 0cac7538-8d6f-2d13-8c23-d635c21d0f17-1 generated ready=True bytes=36757711
[1822/3852] 751a557f-fe61-2c3b-8f60-a1ba913060c4-4 generated ready=True bytes=22330601
too few visible objects, scene missalignment possible
[1823/3852] c7895f86-339c-2d13-82c8-3976988cd327-1 missing_output ready=False bytes=0
[1824/3852] c7895f86-339c-2d13-82c8-3976988cd327-2 generated ready=True bytes=22258856
[1825/3852] 751a557f-fe61-2c3b-8f60-a1ba913060c4-5 generated ready=True bytes=36789328
[1826/3852] c7895f86-339c-2d13-82c8-3976988cd327-3 generated ready=True bytes=7491915
[1827/3852] 55551097-36f1-29c0-88fe-2fb72427887a-1 generated ready=True bytes=36735634
[1828/3852] 55551097-36f1-29c0-88fe-2fb72427887a-2 generated ready=True bytes=28879728
[1829/3852] 55551097-36f1-29c0-88fe-2fb72427887a-3 generated ready=True bytes=7348807
[1830/3852] 751a557f-fe61-2c3b-8f60-a1ba913060c4-3 generated ready=True bytes=36961511
[1831/3852] 751a557f-fe61-2c3b-8f60-a1ba913060c4-6 generated ready=True bytes=36814948
[1832/3852] 751a558c-fe61-2c3b-8f4e-340ddb43b8bd-1 generated ready=True bytes=36864258
[1833/3852] 751a558c-fe61-2c3b-8f4e-340ddb43b8bd-4 generated ready=True bytes=36846656
[1834/3852] 751a558c-fe61-2c3b-8f4e-340ddb43b8bd-2 generated ready=True bytes=36950599
[1835/3852] 751a558c-fe61-2c3b-8f4e-340ddb43b8bd-3 generated ready=True bytes=36902082
[1836/3852] 751a558c-fe61-2c3b-8f4e-340ddb43b8bd-5 generated ready=True bytes=36802917
[1837/3852] d7d40d77-7a5d-2b36-9576-25354ef37dd9-1 generated ready=True bytes=36751802
[1838/3852] d7d40d77-7a5d-2b36-9576-25354ef37dd9-4 generated ready=True bytes=29030856
[1839/3852] d7d40d77-7a5d-2b36-9576-25354ef37dd9-3 generated ready=True bytes=36778675
[1840/3852] d7d40d77-7a5d-2b36-9576-25354ef37dd9-2 generated ready=True bytes=36800970
[1841/3852] 751a558c-fe61-2c3b-8f4e-340ddb43b8bd-6 generated ready=True bytes=28976797
[1842/3852] 634d11c7-6833-255d-8d76-86fe90beafdc-3 generated ready=True bytes=7067959
[1843/3852] d7d40d77-7a5d-2b36-9576-25354ef37dd9-5 generated ready=True bytes=22301686
[1844/3852] 634d11c7-6833-255d-8d76-86fe90beafdc-1 generated ready=True bytes=16474273
[1845/3852] dcb6a32b-5526-23f1-9cbc-3d257a8096fa-2 generated ready=True bytes=22274355
[1846/3852] dcb6a32b-5526-23f1-9cbc-3d257a8096fa-1 generated ready=True bytes=11580862
[1847/3852] dcb6a32b-5526-23f1-9cbc-3d257a8096fa-4 generated ready=True bytes=29038260
[1848/3852] dcb6a32b-5526-23f1-9cbc-3d257a8096fa-3 generated ready=True bytes=29049303
[1849/3852] 48005c67-7d67-29ec-85e7-ad30a2aac1e0-2 generated ready=True bytes=28913719
[1850/3852] 48005c67-7d67-29ec-85e7-ad30a2aac1e0-1 generated ready=True bytes=16509184
too few visible objects, scene missalignment possible
[1851/3852] 48005c67-7d67-29ec-85e7-ad30a2aac1e0-5 missing_output ready=False bytes=0
[1852/3852] 634d11c7-6833-255d-8d76-86fe90beafdc-2 generated ready=True bytes=29092008
[1853/3852] 2e369529-e133-204c-91f5-6ab463d511c1-2 generated ready=True bytes=11160998
[1854/3852] ba6fdab2-a4c1-2dca-8159-a5da9cccb8ab-1 generated ready=True bytes=29015066
[1855/3852] 2e369529-e133-204c-91f5-6ab463d511c1-1 generated ready=True bytes=36782295
[1856/3852] 48005c67-7d67-29ec-85e7-ad30a2aac1e0-4 generated ready=True bytes=36755756
[1857/3852] 0cf75f4e-564d-23f5-8a9a-3ceecab0afe1-1 generated ready=True bytes=36822399
[1858/3852] 48005c67-7d67-29ec-85e7-ad30a2aac1e0-3 generated ready=True bytes=36750889
[1859/3852] 0cf75f4e-564d-23f5-8a9a-3ceecab0afe1-2 generated ready=True bytes=36770232
[1860/3852] 0cf75f4e-564d-23f5-8a9a-3ceecab0afe1-3 generated ready=True bytes=22298700
[1861/3852] c7895f74-339c-2d13-8030-f7f2f8504589-1 generated ready=True bytes=29050001
[1862/3852] c7895f74-339c-2d13-8030-f7f2f8504589-3 generated ready=True bytes=11585244
[1863/3852] c7895f74-339c-2d13-8030-f7f2f8504589-4 generated ready=True bytes=16461201
[1864/3852] c7895f74-339c-2d13-8030-f7f2f8504589-2 generated ready=True bytes=22311530
[1865/3852] 6bde6041-9162-246f-8e57-11444a314136-1 generated ready=True bytes=28885667
[1866/3852] bf9a3dc3-45a5-2e80-832d-842aa34cc859-2 generated ready=True bytes=11012516
[1867/3852] 8eabc451-5af7-2f32-87b5-026aa18e3190-1 generated ready=True bytes=22252538
[1868/3852] 8eabc451-5af7-2f32-87b5-026aa18e3190-2 generated ready=True bytes=22258332
[1869/3852] 8eabc451-5af7-2f32-87b5-026aa18e3190-3 generated ready=True bytes=22254854
[1870/3852] 8eabc451-5af7-2f32-87b5-026aa18e3190-4 generated ready=True bytes=10989544
[1871/3852] bf9a3dc3-45a5-2e80-832d-842aa34cc859-1 generated ready=True bytes=29062555
[1872/3852] c7895f76-339c-2d13-8291-06be5ae81d2e-2 generated ready=True bytes=29044400
[1873/3852] c7895f76-339c-2d13-8291-06be5ae81d2e-1 generated ready=True bytes=29056412
[1874/3852] 1abf0914-a3da-2be8-8014-c0e3f94d64f0-1 generated ready=True bytes=36802074
[1875/3852] b8837e32-57ec-29c6-893c-77fce535b159-1 generated ready=True bytes=11451180
[1876/3852] c7895f76-339c-2d13-8291-06be5ae81d2e-3 generated ready=True bytes=22281824
[1877/3852] c7895f76-339c-2d13-8291-06be5ae81d2e-4 generated ready=True bytes=11588582
[1878/3852] 1abf0914-a3da-2be8-8014-c0e3f94d64f0-2 generated ready=True bytes=36818383
[1879/3852] 7747a4ee-9431-24e8-87be-433088b665c2-3 generated ready=True bytes=29129301
[1880/3852] 7747a4ee-9431-24e8-87be-433088b665c2-2 generated ready=True bytes=36802211
[1881/3852] 7747a4ee-9431-24e8-87be-433088b665c2-1 generated ready=True bytes=36852358
[1882/3852] 7747a4ee-9431-24e8-87be-433088b665c2-5 generated ready=True bytes=22037780
[1883/3852] a0905fe8-66f7-2272-9e46-073291573af6-1 generated ready=True bytes=16450432
[1884/3852] 7747a4ee-9431-24e8-87be-433088b665c2-4 generated ready=True bytes=36814103
[1885/3852] a0905fe8-66f7-2272-9e46-073291573af6-3 generated ready=True bytes=11148664
[1886/3852] a0905fe8-66f7-2272-9e46-073291573af6-2 generated ready=True bytes=36731217
[1887/3852] a090600e-66f7-2272-9cfe-63b80d55da17-2 generated ready=True bytes=22271689
[1888/3852] 6bde609f-9162-246f-8c79-3b26507f2ffd-1 generated ready=True bytes=36746864
[1889/3852] d7d40d44-7a5d-2b36-96d7-23cb75af862f-1 generated ready=True bytes=29013698
[1890/3852] d7d40d44-7a5d-2b36-96d7-23cb75af862f-2 generated ready=True bytes=21970133
[1891/3852] 2e36954f-e133-204c-9320-34d52370eb4d-1 generated ready=True bytes=36732664
[1892/3852] 4731977e-f9f7-2a1a-955d-8cdd12ec7337-1 generated ready=True bytes=22372382
[1893/3852] cdcaf5b9-ddd8-2ed6-9407-e5600914b733-1 generated ready=True bytes=22315871
[1894/3852] cdcaf5b9-ddd8-2ed6-9407-e5600914b733-2 generated ready=True bytes=36749244
[1895/3852] cdcaf5b9-ddd8-2ed6-9407-e5600914b733-3 generated ready=True bytes=22296278
[1896/3852] a090600e-66f7-2272-9cfe-63b80d55da17-1 generated ready=True bytes=29035878
[1897/3852] 4731977e-f9f7-2a1a-955d-8cdd12ec7337-2 generated ready=True bytes=36793952
[1898/3852] cdcaf5b9-ddd8-2ed6-9407-e5600914b733-5 generated ready=True bytes=36735100
[1899/3852] cdcaf5b9-ddd8-2ed6-9407-e5600914b733-6 generated ready=True bytes=29040142
[1900/3852] 8eabc401-5af7-2f32-85fe-77e22d8d97f8-1 generated ready=True bytes=28893392
[1901/3852] 6a36053b-fa53-2915-9716-6b5361c7791a-1 generated ready=True bytes=11590781
[1902/3852] 6a36053b-fa53-2915-9716-6b5361c7791a-2 generated ready=True bytes=7644452
too few visible objects, scene missalignment possible
[1903/3852] 6a36053b-fa53-2915-9716-6b5361c7791a-3 missing_output ready=False bytes=0
[1904/3852] cdcaf5b9-ddd8-2ed6-9407-e5600914b733-4 generated ready=True bytes=36774477
[1905/3852] 6a36053b-fa53-2915-9716-6b5361c7791a-4 generated ready=True bytes=11433036
[1906/3852] 09582223-e2c2-2de1-94b6-750684b4f80a-1 generated ready=True bytes=11338274
[1907/3852] c7895f0d-339c-2d13-837c-6e5d8b7be7a8-1 generated ready=True bytes=11569413
[1908/3852] 1d23400e-e280-2b1a-8dec-67a551146c3a-1 generated ready=True bytes=16444254
[1909/3852] 8eabc401-5af7-2f32-85fe-77e22d8d97f8-2 generated ready=True bytes=29054364
[1910/3852] 8eabc43a-5af7-2f32-85d7-b62167a48e58-2 generated ready=True bytes=29054659
[1911/3852] 8eabc43a-5af7-2f32-85d7-b62167a48e58-3 generated ready=True bytes=22124654
[1912/3852] 8eabc401-5af7-2f32-85fe-77e22d8d97f8-3 generated ready=True bytes=29065565
[1913/3852] c7895f0d-339c-2d13-837c-6e5d8b7be7a8-2 generated ready=True bytes=16298185
[1914/3852] 8eabc43a-5af7-2f32-85d7-b62167a48e58-1 generated ready=True bytes=36770905
[1915/3852] 2e4a395e-d452-21a0-9e17-3e0b72d47337-1 generated ready=True bytes=36843516
[1916/3852] 2e4a395e-d452-21a0-9e17-3e0b72d47337-4 generated ready=True bytes=36805229
[1917/3852] 2e4a395e-d452-21a0-9e17-3e0b72d47337-3 generated ready=True bytes=36850258
[1918/3852] bf9a3dd5-45a5-2e80-8306-ccbca5eea15a-1 generated ready=True bytes=22272756
[1919/3852] 2e4a395e-d452-21a0-9e17-3e0b72d47337-5 generated ready=True bytes=28940449
[1920/3852] bf9a3dd5-45a5-2e80-8306-ccbca5eea15a-2 generated ready=True bytes=22290852
[1921/3852] bf9a3dd5-45a5-2e80-8306-ccbca5eea15a-3 generated ready=True bytes=16309263
[1922/3852] 2e4a395e-d452-21a0-9e17-3e0b72d47337-2 generated ready=True bytes=36864789
[1923/3852] 73315a33-185c-2c8a-87a3-7915ecadfa45-1 generated ready=True bytes=36775073
[1924/3852] 73315a33-185c-2c8a-87a3-7915ecadfa45-4 generated ready=True bytes=16088040
[1925/3852] 73315a33-185c-2c8a-87a3-7915ecadfa45-3 generated ready=True bytes=36814857
[1926/3852] 73315a33-185c-2c8a-87a3-7915ecadfa45-2 generated ready=True bytes=36825244
[1927/3852] eee5b052-ee2d-28f4-99fd-c3c5380db25e-3 generated ready=True bytes=22160985
[1928/3852] eee5b052-ee2d-28f4-99fd-c3c5380db25e-1 generated ready=True bytes=36811668
[1929/3852] eee5b052-ee2d-28f4-99fd-c3c5380db25e-2 generated ready=True bytes=36790678
[1930/3852] 4a9a43d6-7736-2874-84c3-86ec156a3b2d-1 generated ready=True bytes=36850732
[1931/3852] 4a9a43d6-7736-2874-84c3-86ec156a3b2d-3 generated ready=True bytes=29109015
too few visible objects, scene missalignment possible
[1932/3852] 56d957ed-0184-2301-8f4f-616c3b537e45-1 missing_output ready=False bytes=0
[1933/3852] 1d2f8510-d757-207c-8c48-3684433860e1-1 generated ready=True bytes=29021798
[1934/3852] 4a9a43d6-7736-2874-84c3-86ec156a3b2d-2 generated ready=True bytes=36846919
[1935/3852] 1d2f8510-d757-207c-8c48-3684433860e1-3 generated ready=True bytes=22266117
[1936/3852] 4a9a43d6-7736-2874-84c3-86ec156a3b2d-4 generated ready=True bytes=36875906
[1937/3852] 1d2f8510-d757-207c-8c48-3684433860e1-2 generated ready=True bytes=29036257
[1938/3852] 4a9a43d6-7736-2874-84c3-86ec156a3b2d-5 generated ready=True bytes=36901406
[1939/3852] bcb0fe15-4f39-2c70-9f48-a26b76dfe042-1 generated ready=True bytes=16482202
[1940/3852] bcb0fe15-4f39-2c70-9f48-a26b76dfe042-2 generated ready=True bytes=22305347
[1941/3852] 6a360547-fa53-2915-9606-a90f1c737290-1 generated ready=True bytes=16462096
[1942/3852] c9fb7aa7-2a5b-2cf7-916d-d38eeeeda87f-1 generated ready=True bytes=36740310
[1943/3852] 6a360527-fa53-2915-9649-f5c6c7eeeb01-3 generated ready=True bytes=16157750
[1944/3852] 6a360527-fa53-2915-9649-f5c6c7eeeb01-1 generated ready=True bytes=11574234
[1945/3852] 6a360527-fa53-2915-9649-f5c6c7eeeb01-2 generated ready=True bytes=11587393
[1946/3852] bcb0fe15-4f39-2c70-9f48-a26b76dfe042-3 generated ready=True bytes=29063310
[1947/3852] fa79392d-7766-2d5c-87c0-b444b76eb266-1 generated ready=True bytes=28927362
[1948/3852] fa79392d-7766-2d5c-87c0-b444b76eb266-5 generated ready=True bytes=29090712
[1949/3852] fa79392d-7766-2d5c-87c0-b444b76eb266-2 generated ready=True bytes=36798320
[1950/3852] fa79392d-7766-2d5c-87c0-b444b76eb266-6 generated ready=True bytes=22302531
[1951/3852] fa79392d-7766-2d5c-87c0-b444b76eb266-3 generated ready=True bytes=28983921
[1952/3852] fa79392d-7766-2d5c-87c0-b444b76eb266-7 generated ready=True bytes=22306847
[1953/3852] bcb0fe10-4f39-2c70-9c4e-602f1186d2e9-3 generated ready=True bytes=22278704
[1954/3852] bcb0fe10-4f39-2c70-9c4e-602f1186d2e9-2 generated ready=True bytes=29044329
[1955/3852] bcb0fe10-4f39-2c70-9c4e-602f1186d2e9-1 generated ready=True bytes=22284254
[1956/3852] bcb0fe10-4f39-2c70-9c4e-602f1186d2e9-4 generated ready=True bytes=16469032
[1957/3852] e83fe655-2171-26c8-8eb2-b89a89af4928-1 generated ready=True bytes=29027311
[1958/3852] fa79392d-7766-2d5c-87c0-b444b76eb266-4 generated ready=True bytes=36870193
[1959/3852] e83fe655-2171-26c8-8eb2-b89a89af4928-3 generated ready=True bytes=28893019
[1960/3852] ad408ca3-84db-2095-89cf-05d249a54412-3 generated ready=True bytes=7350128
[1961/3852] ad408ca3-84db-2095-89cf-05d249a54412-2 generated ready=True bytes=29021004
too few visible objects, scene missalignment possible
[1962/3852] 56d957e9-0184-2301-8c3e-ff1c86c6b50c-1 missing_output ready=False bytes=0
too few visible objects, scene missalignment possible
[1963/3852] ddc737ab-765b-241a-9c5d-cf3cd8838f28-2 missing_output ready=False bytes=0
[1964/3852] ddc737ab-765b-241a-9c5d-cf3cd8838f28-1 generated ready=True bytes=29027737
[1965/3852] ad408ca3-84db-2095-89cf-05d249a54412-1 generated ready=True bytes=22278747
[1966/3852] e83fe655-2171-26c8-8eb2-b89a89af4928-2 generated ready=True bytes=29041585
[1967/3852] 8eabc424-5af7-2f32-8624-5cba04f952bc-4 generated ready=True bytes=22063150
[1968/3852] 8eabc424-5af7-2f32-8624-5cba04f952bc-3 generated ready=True bytes=36868538
[1969/3852] c6707944-2ecb-2de2-8369-bd291653f5c3-1 generated ready=True bytes=22299928
[1970/3852] 8eabc424-5af7-2f32-8624-5cba04f952bc-1 generated ready=True bytes=36902036
[1971/3852] 8eabc424-5af7-2f32-8624-5cba04f952bc-2 generated ready=True bytes=29251444
[1972/3852] c6707944-2ecb-2de2-8369-bd291653f5c3-2 generated ready=True bytes=22312908
[1973/3852] c6707944-2ecb-2de2-8369-bd291653f5c3-6 generated ready=True bytes=22300866
[1974/3852] c6707944-2ecb-2de2-8369-bd291653f5c3-3 generated ready=True bytes=22323359
[1975/3852] c6707944-2ecb-2de2-8369-bd291653f5c3-5 generated ready=True bytes=36753264
[1976/3852] f62fd5fa-9a3f-2f44-8b04-9c754f6a5a8d-3 generated ready=True bytes=22306816
[1977/3852] f62fd5fa-9a3f-2f44-8b04-9c754f6a5a8d-1 generated ready=True bytes=36763382
[1978/3852] f62fd5fa-9a3f-2f44-8b04-9c754f6a5a8d-2 generated ready=True bytes=36794266
[1979/3852] c6707944-2ecb-2de2-8369-bd291653f5c3-4 generated ready=True bytes=29091844
[1980/3852] a0906008-66f7-2272-9e70-748b317145dd-1 generated ready=True bytes=7345040
[1981/3852] ba6fdaa0-a4c1-2dca-80a9-df196c04fcc8-1 generated ready=True bytes=29029302
[1982/3852] f62fd5fa-9a3f-2f44-8b04-9c754f6a5a8d-4 generated ready=True bytes=36754745
[1983/3852] 5555106a-36f1-29c0-8913-df1ba3c3cfd5-4 generated ready=True bytes=11591939
too few visible objects, scene missalignment possible
[1984/3852] 5555106a-36f1-29c0-8913-df1ba3c3cfd5-5 missing_output ready=False bytes=0
[1985/3852] 5555106a-36f1-29c0-8913-df1ba3c3cfd5-3 generated ready=True bytes=22284046
[1986/3852] 5555106a-36f1-29c0-8913-df1ba3c3cfd5-2 generated ready=True bytes=29038397
[1987/3852] 5555106a-36f1-29c0-8913-df1ba3c3cfd5-1 generated ready=True bytes=29047578
[1988/3852] 5341b790-8a66-2cdd-8472-90e738e30995-2 generated ready=True bytes=22268050
[1989/3852] 0cac75ad-8d6f-2d13-8c74-5de4dfc4affc-1 generated ready=True bytes=16444584
[1990/3852] 0cac75ad-8d6f-2d13-8c74-5de4dfc4affc-2 generated ready=True bytes=7639233
[1991/3852] 5341b790-8a66-2cdd-8472-90e738e30995-3 generated ready=True bytes=11014368
[1992/3852] 5341b790-8a66-2cdd-8472-90e738e30995-1 generated ready=True bytes=36748589
[1993/3852] baf673a1-8e94-22f8-824b-1139a8fc8bda-1 generated ready=True bytes=16193883
[1994/3852] 0cac75ad-8d6f-2d13-8c74-5de4dfc4affc-3 generated ready=True bytes=36720792
[1995/3852] 0cac75ad-8d6f-2d13-8c74-5de4dfc4affc-4 generated ready=True bytes=16465545
[1996/3852] a0905ff8-66f7-2272-9f85-f2fd1396d445-3 generated ready=True bytes=29049051
[1997/3852] a0905ff8-66f7-2272-9f85-f2fd1396d445-1 generated ready=True bytes=16479031
[1998/3852] a0905ff8-66f7-2272-9f85-f2fd1396d445-4 generated ready=True bytes=7216659
[1999/3852] 68bae76e-3567-2f7c-82bd-a09641695364-1 generated ready=True bytes=36723266
[2000/3852] a0905ff8-66f7-2272-9f85-f2fd1396d445-2 generated ready=True bytes=22293921
[2001/3852] d7d40d73-7a5d-2b36-9709-0be87127a141-1 generated ready=True bytes=36731155
[2002/3852] 68bae76e-3567-2f7c-82bd-a09641695364-2 generated ready=True bytes=28885192
[2003/3852] d7d40d73-7a5d-2b36-9709-0be87127a141-3 generated ready=True bytes=36744837
[2004/3852] 8eabc465-5af7-2f32-840a-96fb8ac605cf-1 generated ready=True bytes=29041524
[2005/3852] 8eabc465-5af7-2f32-840a-96fb8ac605cf-2 generated ready=True bytes=29034272
[2006/3852] d7d40d73-7a5d-2b36-9709-0be87127a141-5 generated ready=True bytes=36730355
[2007/3852] d7d40d73-7a5d-2b36-9709-0be87127a141-2 generated ready=True bytes=36765723
[2008/3852] 355465d2-d29b-29f9-9460-4c597924ac63-1 generated ready=True bytes=21965962
[2009/3852] bcb0fe1f-4f39-2c70-9e7f-a9d783c159fc-1 generated ready=True bytes=16458060
[2010/3852] d7d40d73-7a5d-2b36-9709-0be87127a141-6 generated ready=True bytes=36750612
[2011/3852] bcb0fe1f-4f39-2c70-9e7f-a9d783c159fc-3 generated ready=True bytes=29029612
[2012/3852] ae73fa17-5a60-2398-86e8-aa1145c0c9b7-1 generated ready=True bytes=16299133
[2013/3852] d7d40d73-7a5d-2b36-9709-0be87127a141-4 generated ready=True bytes=29080252
[2014/3852] ddc737a3-765b-241a-9c99-f98a3c126686-3 generated ready=True bytes=16340295
[2015/3852] bcb0fe1f-4f39-2c70-9e7f-a9d783c159fc-2 generated ready=True bytes=22305793
[2016/3852] 10a993b0-b1ad-2404-85b7-3eac1e66b413-2 generated ready=True bytes=16458115
[2017/3852] ddc737a3-765b-241a-9c99-f98a3c126686-2 generated ready=True bytes=36790197
[2018/3852] ddc737a3-765b-241a-9c99-f98a3c126686-1 generated ready=True bytes=36786361
[2019/3852] 10a993b0-b1ad-2404-85b7-3eac1e66b413-1 generated ready=True bytes=29057020
[2020/3852] 10a993b0-b1ad-2404-85b7-3eac1e66b413-4 generated ready=True bytes=22286106
[2021/3852] 10a993b0-b1ad-2404-85b7-3eac1e66b413-3 generated ready=True bytes=29050569
[2022/3852] a0905ffc-66f7-2272-9f05-966bab3ce8ad-2 generated ready=True bytes=16494450
[2023/3852] a0905ffc-66f7-2272-9f05-966bab3ce8ad-1 generated ready=True bytes=16491383
[2024/3852] a0905ffc-66f7-2272-9f05-966bab3ce8ad-3 generated ready=True bytes=36768452
[2025/3852] a0905ffc-66f7-2272-9f05-966bab3ce8ad-6 generated ready=True bytes=16486988
[2026/3852] a0905ffc-66f7-2272-9f05-966bab3ce8ad-4 generated ready=True bytes=36756122
[2027/3852] 77361fd2-d054-2a22-88bd-8b14f5969890-1 generated ready=True bytes=11144423
[2028/3852] 7272e196-a01b-20f6-880f-dbca4564e4a5-1 generated ready=True bytes=29063822
[2029/3852] a0905ffc-66f7-2272-9f05-966bab3ce8ad-5 generated ready=True bytes=29069600
[2030/3852] 7272e196-a01b-20f6-880f-dbca4564e4a5-2 generated ready=True bytes=29072092
[2031/3852] a0905ffc-66f7-2272-9f05-966bab3ce8ad-8 generated ready=True bytes=22297964
[2032/3852] 7272e196-a01b-20f6-880f-dbca4564e4a5-3 generated ready=True bytes=16482620
[2033/3852] a0905ffc-66f7-2272-9f05-966bab3ce8ad-7 generated ready=True bytes=29066241
[2034/3852] bcb0fe0e-4f39-2c70-9e02-22b2f980cc35-1 generated ready=True bytes=29064610
[2035/3852] bcb0fe0e-4f39-2c70-9e02-22b2f980cc35-3 generated ready=True bytes=29060621
[2036/3852] bcb0fe0e-4f39-2c70-9e02-22b2f980cc35-4 generated ready=True bytes=16343873
[2037/3852] bcb0fe0e-4f39-2c70-9e02-22b2f980cc35-2 generated ready=True bytes=11618792
[2038/3852] 10b1796b-3938-2467-88bc-c224c21bc91c-3 generated ready=True bytes=7639185
[2039/3852] 10b1796b-3938-2467-88bc-c224c21bc91c-1 generated ready=True bytes=28901443
[2040/3852] 10b1796b-3938-2467-88bc-c224c21bc91c-4 generated ready=True bytes=22274794
[2041/3852] 0cac7549-8d6f-2d13-8d56-b895956f571a-3 generated ready=True bytes=16024376
[2042/3852] def7fbc1-48c2-2895-91d9-cb5e6f3e3589-1 generated ready=True bytes=36740288
[2043/3852] def7fbc1-48c2-2895-91d9-cb5e6f3e3589-2 generated ready=True bytes=36742289
[2044/3852] 0cac7549-8d6f-2d13-8d56-b895956f571a-1 generated ready=True bytes=29040897
[2045/3852] def7fbc1-48c2-2895-91d9-cb5e6f3e3589-3 generated ready=True bytes=36720896
[2046/3852] def7fbc1-48c2-2895-91d9-cb5e6f3e3589-4 generated ready=True bytes=11169304
[2047/3852] 0cac7549-8d6f-2d13-8d56-b895956f571a-2 generated ready=True bytes=36743232
[2048/3852] 73315a31-185c-2c8a-8559-79c05e1e8b6f-1 generated ready=True bytes=36786266
[2049/3852] 73315a31-185c-2c8a-8559-79c05e1e8b6f-3 generated ready=True bytes=36746096
[2050/3852] 73315a31-185c-2c8a-8559-79c05e1e8b6f-4 generated ready=True bytes=11175682
[2051/3852] 20c99399-698f-29c5-863d-607d5c927cbe-1 generated ready=True bytes=22269480
[2052/3852] 73315a31-185c-2c8a-8559-79c05e1e8b6f-2 generated ready=True bytes=36808883
[2053/3852] 8eabc449-5af7-2f32-8669-f776ccecc6fa-2 generated ready=True bytes=16450243
[2054/3852] 8eabc449-5af7-2f32-8669-f776ccecc6fa-1 generated ready=True bytes=11580915
[2055/3852] 20c99399-698f-29c5-863d-607d5c927cbe-2 generated ready=True bytes=11583944
[2056/3852] 10b1796b-3938-2467-88bc-c224c21bc91c-2 generated ready=True bytes=36861364
[2057/3852] ad408c99-84db-2095-8b23-0a011526b47b-1 generated ready=True bytes=29050369
[2058/3852] ad408c99-84db-2095-8b23-0a011526b47b-3 generated ready=True bytes=16467501
[2059/3852] 8eabc449-5af7-2f32-8669-f776ccecc6fa-3 generated ready=True bytes=16025767
[2060/3852] ad408c99-84db-2095-8b23-0a011526b47b-2 generated ready=True bytes=29059735
[2061/3852] c92fb5a4-f771-2064-87c5-f2d2162ceae7-2 generated ready=True bytes=22129751
[2062/3852] c92fb5a4-f771-2064-87c5-f2d2162ceae7-1 generated ready=True bytes=36771609
[2063/3852] ad408c99-84db-2095-8b23-0a011526b47b-4 generated ready=True bytes=22149992
[2064/3852] baf0a8f0-26d4-2033-8948-52ae41fdd30f-2 generated ready=True bytes=29039439
[2065/3852] 77941466-cfdf-29cb-865f-0e2fcea3af87-1 generated ready=True bytes=36811418
[2066/3852] baf0a8f0-26d4-2033-8948-52ae41fdd30f-3 generated ready=True bytes=22290200
[2067/3852] baf0a8f0-26d4-2033-8948-52ae41fdd30f-1 generated ready=True bytes=36779555
[2068/3852] baf0a8f0-26d4-2033-8948-52ae41fdd30f-4 generated ready=True bytes=22289598
[2069/3852] baf0a8f0-26d4-2033-8948-52ae41fdd30f-7 generated ready=True bytes=22298109
[2070/3852] baf0a8f0-26d4-2033-8948-52ae41fdd30f-5 generated ready=True bytes=29071335
[2071/3852] 87e6cf6f-9d1a-289f-8693-db8b73a4c4f4-2 generated ready=True bytes=36734471
[2072/3852] 87e6cf6f-9d1a-289f-8693-db8b73a4c4f4-1 generated ready=True bytes=36792516
[2073/3852] fcf66dae-622d-291c-862d-dc03f6f1d562-2 generated ready=True bytes=29058864
[2074/3852] baf0a8f0-26d4-2033-8948-52ae41fdd30f-6 generated ready=True bytes=29090726
[2075/3852] 185d741f-3698-223c-8a4c-5e77f82f9251-1 generated ready=True bytes=36729523
[2076/3852] 185d741f-3698-223c-8a4c-5e77f82f9251-2 generated ready=True bytes=29016173
[2077/3852] fcf66dae-622d-291c-862d-dc03f6f1d562-1 generated ready=True bytes=36773590
[2078/3852] 87e6cf6f-9d1a-289f-8693-db8b73a4c4f4-3 generated ready=True bytes=28903570
[2079/3852] 352e9c3e-69fb-27a7-8976-a6860f84f876-1 generated ready=True bytes=29039215
[2080/3852] a644cb97-0ee5-2f66-9cc7-3ecaa29c19df-2 generated ready=True bytes=7230395
[2081/3852] a644cb97-0ee5-2f66-9cc7-3ecaa29c19df-1 generated ready=True bytes=29043264
[2082/3852] 352e9c3e-69fb-27a7-8976-a6860f84f876-3 generated ready=True bytes=11590444
[2083/3852] 751a5584-fe61-2c3b-8eb1-cfbcd57469dc-2 generated ready=True bytes=36740188
[2084/3852] 751a5584-fe61-2c3b-8eb1-cfbcd57469dc-1 generated ready=True bytes=36742545
[2085/3852] 751a5584-fe61-2c3b-8eb1-cfbcd57469dc-3 generated ready=True bytes=36719429
[2086/3852] 28298cd3-15b5-24be-89cc-1ed5870c1f57-1 generated ready=True bytes=36761563
[2087/3852] d7d40d6a-7a5d-2b36-954e-6faa597aea5f-1 generated ready=True bytes=22320911
[2088/3852] d7d40d6a-7a5d-2b36-954e-6faa597aea5f-3 generated ready=True bytes=36777684
[2089/3852] 74ef846e-9dce-2d66-83d5-294aac7b1b0f-1 generated ready=True bytes=22278568
[2090/3852] 352e9c3e-69fb-27a7-8976-a6860f84f876-2 generated ready=True bytes=36811958
[2091/3852] 74ef846e-9dce-2d66-83d5-294aac7b1b0f-2 generated ready=True bytes=29034189
too few visible objects, scene missalignment possible
[2092/3852] 74ef846e-9dce-2d66-83d5-294aac7b1b0f-5 missing_output ready=False bytes=0
too few visible objects, scene missalignment possible
[2093/3852] 74ef846e-9dce-2d66-83d5-294aac7b1b0f-6 missing_output ready=False bytes=0
[2094/3852] 74ef846e-9dce-2d66-83d5-294aac7b1b0f-4 generated ready=True bytes=16459557
[2095/3852] d7d40d6a-7a5d-2b36-954e-6faa597aea5f-2 generated ready=True bytes=29157826
[2096/3852] 10b1793a-3938-2467-8a84-eb8c081481b8-1 generated ready=True bytes=22301083
[2097/3852] 74ef846e-9dce-2d66-83d5-294aac7b1b0f-3 generated ready=True bytes=22286541
[2098/3852] 10b1793a-3938-2467-8a84-eb8c081481b8-3 generated ready=True bytes=16029736
[2099/3852] 10b1793a-3938-2467-8a84-eb8c081481b8-2 generated ready=True bytes=36750905
[2100/3852] 1d233fee-e280-2b1a-8e0d-1dc297439839-2 generated ready=True bytes=29058135
[2101/3852] ba6fda9a-a4c1-2dca-8264-792c15aa9ef9-2 generated ready=True bytes=36791473
[2102/3852] 1d233fee-e280-2b1a-8e0d-1dc297439839-1 generated ready=True bytes=29070879
[2103/3852] ba6fda9a-a4c1-2dca-8264-792c15aa9ef9-1 generated ready=True bytes=36798096
[2104/3852] ba6fda9a-a4c1-2dca-8264-792c15aa9ef9-5 generated ready=True bytes=16213513
[2105/3852] ba6fda9a-a4c1-2dca-8264-792c15aa9ef9-4 generated ready=True bytes=29077882
[2106/3852] 87e6cf7b-9d1a-289f-8692-57e5757dac99-3 generated ready=True bytes=21973757
[2107/3852] 2e36955d-e133-204c-90da-122ae14d42a3-1 generated ready=True bytes=22268951
[2108/3852] 87e6cf7b-9d1a-289f-8692-57e5757dac99-2 generated ready=True bytes=16472037
[2109/3852] 2e36955d-e133-204c-90da-122ae14d42a3-2 generated ready=True bytes=11006938
[2110/3852] 87e6cf7b-9d1a-289f-8692-57e5757dac99-1 generated ready=True bytes=29030745
[2111/3852] ba6fda9a-a4c1-2dca-8264-792c15aa9ef9-3 generated ready=True bytes=36796875
[2112/3852] ba6fdaa6-a4c1-2dca-8137-f7b371e665f4-2 generated ready=True bytes=36745572
[2113/3852] ba6fdaa6-a4c1-2dca-8137-f7b371e665f4-1 generated ready=True bytes=16490124
[2114/3852] fcf66dbe-622d-291c-8790-49f1fe8a02e5-1 generated ready=True bytes=22283463
[2115/3852] fcf66dbe-622d-291c-8790-49f1fe8a02e5-2 generated ready=True bytes=29041423
[2116/3852] fcf66dbe-622d-291c-8790-49f1fe8a02e5-4 generated ready=True bytes=11582641
[2117/3852] fcf66dbe-622d-291c-8790-49f1fe8a02e5-3 generated ready=True bytes=29057650
[2118/3852] 0f2f2717-b736-2f71-8d6a-28817c01a17f-4 generated ready=True bytes=16454662
[2119/3852] 0f2f2717-b736-2f71-8d6a-28817c01a17f-3 generated ready=True bytes=22277373
[2120/3852] 0f2f2717-b736-2f71-8d6a-28817c01a17f-2 generated ready=True bytes=29034941
[2121/3852] 0f2f2717-b736-2f71-8d6a-28817c01a17f-5 generated ready=True bytes=29041959
[2122/3852] b05fdd58-fca0-2d4f-8bd7-e80abe1ddb4c-1 generated ready=True bytes=29033574
[2123/3852] b05fdd58-fca0-2d4f-8bd7-e80abe1ddb4c-2 generated ready=True bytes=22114491
[2124/3852] 0f2f2717-b736-2f71-8d6a-28817c01a17f-6 generated ready=True bytes=29054301
[2125/3852] 0f2f2717-b736-2f71-8d6a-28817c01a17f-1 generated ready=True bytes=28903463
[2126/3852] 751a55a3-fe61-2c3b-8d1b-daad80d1af30-1 generated ready=True bytes=28891862
[2127/3852] 6bde606c-9162-246f-8dbf-b0334f524501-2 generated ready=True bytes=29053271
[2128/3852] 751a55a3-fe61-2c3b-8d1b-daad80d1af30-3 generated ready=True bytes=36742856
[2129/3852] 751a55a3-fe61-2c3b-8d1b-daad80d1af30-2 generated ready=True bytes=36763278
[2130/3852] 422885e7-192d-25fc-8767-177a507a913c-1 generated ready=True bytes=22294504
[2131/3852] 422885e7-192d-25fc-8767-177a507a913c-2 generated ready=True bytes=29056160
[2132/3852] 6bde606c-9162-246f-8dbf-b0334f524501-3 generated ready=True bytes=36766792
[2133/3852] 6bde606c-9162-246f-8dbf-b0334f524501-1 generated ready=True bytes=36787380
[2134/3852] 751a55a3-fe61-2c3b-8d1b-daad80d1af30-4 generated ready=True bytes=36775847
[2135/3852] ebc4204e-82a4-2113-8726-a494a47ce349-1 generated ready=True bytes=36719782
[2136/3852] ebc4204e-82a4-2113-8726-a494a47ce349-2 generated ready=True bytes=16155339
[2137/3852] b8837e3f-57ec-29c6-89a2-b2417e091d50-1 generated ready=True bytes=16456915
[2138/3852] 210cdbb2-9e8d-2832-87e5-7e474cf621ea-2 generated ready=True bytes=36778675
[2139/3852] a0905fea-66f7-2272-9d2c-15612116fe96-2 generated ready=True bytes=11582166
[2140/3852] a0905fea-66f7-2272-9d2c-15612116fe96-1 generated ready=True bytes=22274890
[2141/3852] a0905fea-66f7-2272-9d2c-15612116fe96-3 generated ready=True bytes=21979154
[2142/3852] 210cdbb2-9e8d-2832-87e5-7e474cf621ea-3 generated ready=True bytes=36768891
[2143/3852] 75c25977-9ca2-2844-97ba-92479480fc00-2 generated ready=True bytes=29030984
[2144/3852] 75c25977-9ca2-2844-97ba-92479480fc00-3 generated ready=True bytes=36733664
[2145/3852] 210cdbb2-9e8d-2832-87e5-7e474cf621ea-1 generated ready=True bytes=36861072
[2146/3852] bcb0fe1b-4f39-2c70-9f8c-2256ea9752ab-2 generated ready=True bytes=11578044
[2147/3852] bcb0fe1b-4f39-2c70-9f8c-2256ea9752ab-1 generated ready=True bytes=29053581
[2148/3852] 75c25977-9ca2-2844-97ba-92479480fc00-1 generated ready=True bytes=29045875
[2149/3852] bf9a3dac-45a5-2e80-8073-0fe4e80c0e99-3 generated ready=True bytes=22280522
[2150/3852] bf9a3dac-45a5-2e80-8073-0fe4e80c0e99-1 generated ready=True bytes=28888981
[2151/3852] bf9a3dac-45a5-2e80-8073-0fe4e80c0e99-2 generated ready=True bytes=36747487
[2152/3852] bf9a3dac-45a5-2e80-8073-0fe4e80c0e99-6 generated ready=True bytes=22284779
[2153/3852] c92fb5a0-f771-2064-8631-ec197369e100-1 generated ready=True bytes=22304033
[2154/3852] bf9a3dac-45a5-2e80-8073-0fe4e80c0e99-4 generated ready=True bytes=29064204
[2155/3852] c7895f6d-339c-2d13-8078-90c61bd6f685-1 generated ready=True bytes=11578214
[2156/3852] 5555107f-36f1-29c0-8903-9b66fb2301d0-1 generated ready=True bytes=11579861
[2157/3852] 5555107f-36f1-29c0-8903-9b66fb2301d0-2 generated ready=True bytes=16310478
[2158/3852] c7895f6d-339c-2d13-8078-90c61bd6f685-3 generated ready=True bytes=16168339
[2159/3852] c7895f6d-339c-2d13-8078-90c61bd6f685-2 generated ready=True bytes=22288671
[2160/3852] bf9a3dac-45a5-2e80-8073-0fe4e80c0e99-5 generated ready=True bytes=22198727
[2161/3852] 1d234014-e280-2b1a-8eab-fe44989693aa-2 generated ready=True bytes=29046790
[2162/3852] 1d234014-e280-2b1a-8eab-fe44989693aa-1 generated ready=True bytes=29034922
[2163/3852] 1d234014-e280-2b1a-8eab-fe44989693aa-3 generated ready=True bytes=16171017
[2164/3852] 7ab2a9d3-ebc6-2056-8afd-e80dc7e1558f-1 generated ready=True bytes=22140336
too few visible objects, scene missalignment possible
[2165/3852] 7ab2a9d3-ebc6-2056-8afd-e80dc7e1558f-3 missing_output ready=False bytes=0
[2166/3852] 8eabc43e-5af7-2f32-84f8-4bb45c0d6460-1 generated ready=True bytes=36739822
[2167/3852] 8eabc43e-5af7-2f32-84f8-4bb45c0d6460-2 generated ready=True bytes=36731486
[2168/3852] 8eabc43e-5af7-2f32-84f8-4bb45c0d6460-3 generated ready=True bytes=36739670
[2169/3852] 6bde604b-9162-246f-8fb2-2dea80e7fb4c-2 generated ready=True bytes=16498047
[2170/3852] 7ab2a9d3-ebc6-2056-8afd-e80dc7e1558f-2 generated ready=True bytes=16464517
[2171/3852] 1d2f8518-d757-207c-8d4a-b2f43254c68f-1 generated ready=True bytes=36767897
[2172/3852] 6bde604b-9162-246f-8fb2-2dea80e7fb4c-1 generated ready=True bytes=29089019
[2173/3852] 1d2f8518-d757-207c-8d4a-b2f43254c68f-2 generated ready=True bytes=36770016
[2174/3852] 1d2f8518-d757-207c-8d4a-b2f43254c68f-4 generated ready=True bytes=36759794
[2175/3852] 2451c03f-fae8-24f6-90ac-6ba38cab8c92-1 generated ready=True bytes=36788200
[2176/3852] d7d40d42-7a5d-2b36-9602-71e348ded22e-1 generated ready=True bytes=36738454
[2177/3852] d7d40d42-7a5d-2b36-9602-71e348ded22e-2 generated ready=True bytes=21983107
too few visible objects, scene missalignment possible
[2178/3852] 6bde6053-9162-246f-8d5d-54e5e3dd721d-1 missing_output ready=False bytes=0
[2179/3852] 1d2f8518-d757-207c-8d4a-b2f43254c68f-6 generated ready=True bytes=16092125
[2180/3852] 1d2f8518-d757-207c-8d4a-b2f43254c68f-5 generated ready=True bytes=36802555
[2181/3852] 74ef8470-9dce-2d66-8339-4b51b8406cef-1 generated ready=True bytes=16449814
too few visible objects, scene missalignment possible
[2182/3852] 74ef8470-9dce-2d66-8339-4b51b8406cef-4 missing_output ready=False bytes=0
too few visible objects, scene missalignment possible
[2183/3852] 74ef8470-9dce-2d66-8339-4b51b8406cef-5 missing_output ready=False bytes=0
[2184/3852] 1d2f8518-d757-207c-8d4a-b2f43254c68f-3 generated ready=True bytes=36869926
[2185/3852] 74ef8470-9dce-2d66-8339-4b51b8406cef-2 generated ready=True bytes=22264009
[2186/3852] 74ef8470-9dce-2d66-8339-4b51b8406cef-3 generated ready=True bytes=11572217
[2187/3852] 5630cfd8-12bf-2860-8773-e3dde9da2aff-4 generated ready=True bytes=16483620
[2188/3852] 5630cfd8-12bf-2860-8773-e3dde9da2aff-1 generated ready=True bytes=29058574
[2189/3852] 5630cfd8-12bf-2860-8773-e3dde9da2aff-2 generated ready=True bytes=36772311
[2190/3852] 5630cfd8-12bf-2860-8773-e3dde9da2aff-3 generated ready=True bytes=36827755
[2191/3852] 0f2f2723-b736-2f71-8c94-f692cca76661-1 generated ready=True bytes=22308956
[2192/3852] 0f2f2723-b736-2f71-8c94-f692cca76661-3 generated ready=True bytes=22160713
[2193/3852] 0f2f2723-b736-2f71-8c94-f692cca76661-2 generated ready=True bytes=22317000
[2194/3852] dcb6a329-5526-23f1-9d81-7718f682269c-2 generated ready=True bytes=16519142
[2195/3852] 0f2f2723-b736-2f71-8c94-f692cca76661-4 generated ready=True bytes=36788196
[2196/3852] dcb6a329-5526-23f1-9d81-7718f682269c-1 generated ready=True bytes=29103547
[2197/3852] dcb6a329-5526-23f1-9d81-7718f682269c-3 generated ready=True bytes=22319335
[2198/3852] 77941462-cfdf-29cb-85a6-eb23498f9206-2 generated ready=True bytes=11155283
[2199/3852] 77941462-cfdf-29cb-85a6-eb23498f9206-1 generated ready=True bytes=36788219
[2200/3852] dcb6a329-5526-23f1-9d81-7718f682269c-4 generated ready=True bytes=36767035
[2201/3852] dcb6a329-5526-23f1-9d81-7718f682269c-5 generated ready=True bytes=11185022
[2202/3852] 2a7f9476-080c-26f9-86e9-c7ce1c76fc07-3 generated ready=True bytes=22268161
[2203/3852] 2a7f9476-080c-26f9-86e9-c7ce1c76fc07-1 generated ready=True bytes=29048389
[2204/3852] 63b87cef-ef3f-28f2-87a7-81c3fffbfa2d-2 generated ready=True bytes=28889215
[2205/3852] 2a7f9476-080c-26f9-86e9-c7ce1c76fc07-2 generated ready=True bytes=36781277
[2206/3852] 1e0ccbe6-9783-2bd7-8d51-ca9e9226bf35-1 generated ready=True bytes=29055462
[2207/3852] 6bde60d8-9162-246f-8f11-834bec23f91e-2 generated ready=True bytes=11052962
[2208/3852] 63b87cef-ef3f-28f2-87a7-81c3fffbfa2d-1 generated ready=True bytes=36728736
[2209/3852] 6bde60d8-9162-246f-8f11-834bec23f91e-1 generated ready=True bytes=36768478
[2210/3852] 1e0ccbe6-9783-2bd7-8d51-ca9e9226bf35-4 generated ready=True bytes=36742560
[2211/3852] 1e0ccbe6-9783-2bd7-8d51-ca9e9226bf35-5 generated ready=True bytes=22291252
[2212/3852] 1e0ccbe6-9783-2bd7-8d51-ca9e9226bf35-6 generated ready=True bytes=16319633
[2213/3852] 1e0ccbe6-9783-2bd7-8d51-ca9e9226bf35-2 generated ready=True bytes=36778845
[2214/3852] f24d4c1d-6e46-207b-858d-0aec6dfe1c14-1 generated ready=True bytes=29063984
[2215/3852] 1e0ccbe6-9783-2bd7-8d51-ca9e9226bf35-3 generated ready=True bytes=29094649
[2216/3852] f24d4c1d-6e46-207b-858d-0aec6dfe1c14-2 generated ready=True bytes=29093122
[2217/3852] f24d4c1d-6e46-207b-858d-0aec6dfe1c14-3 generated ready=True bytes=36761725
[2218/3852] f24d4c1d-6e46-207b-858d-0aec6dfe1c14-4 generated ready=True bytes=36778729
[2219/3852] ddc737ad-765b-241a-9d9f-1f19fab18318-1 generated ready=True bytes=22267660
[2220/3852] 8f0f142e-55de-28ce-8073-1629a4573a6a-1 generated ready=True bytes=22378706
[2221/3852] 8f0f142e-55de-28ce-8073-1629a4573a6a-2 generated ready=True bytes=28940794
[2222/3852] f24d4c1d-6e46-207b-858d-0aec6dfe1c14-5 generated ready=True bytes=28930141
[2223/3852] ddc737ad-765b-241a-9d9f-1f19fab18318-2 generated ready=True bytes=29032403
[2224/3852] 1d23401c-e280-2b1a-8ecd-1d677f57530e-1 generated ready=True bytes=16518919
[2225/3852] 1d23401c-e280-2b1a-8ecd-1d677f57530e-3 generated ready=True bytes=36774436
[2226/3852] 1d23401c-e280-2b1a-8ecd-1d677f57530e-4 generated ready=True bytes=22060868
[2227/3852] 28298cd1-15b5-24be-8a19-49c0bf7c55b3-2 generated ready=True bytes=16132040
[2228/3852] 2e4a3960-d452-21a0-9f23-4b5f2548b05f-1 generated ready=True bytes=36727540
[2229/3852] 28298cd1-15b5-24be-8a19-49c0bf7c55b3-1 generated ready=True bytes=29173597
[2230/3852] 35788e22-696e-2374-8898-bc5d06109906-1 generated ready=True bytes=29062745
[2231/3852] 2e4a3960-d452-21a0-9f23-4b5f2548b05f-2 generated ready=True bytes=16311718
[2232/3852] 35788e22-696e-2374-8898-bc5d06109906-3 generated ready=True bytes=16469173
[2233/3852] 35788e22-696e-2374-8898-bc5d06109906-2 generated ready=True bytes=22289767
[2234/3852] 35788e22-696e-2374-8898-bc5d06109906-4 generated ready=True bytes=16477354
[2235/3852] 35788e22-696e-2374-8898-bc5d06109906-7 generated ready=True bytes=7657570
too few visible objects, scene missalignment possible
[2236/3852] 35788e22-696e-2374-8898-bc5d06109906-8 missing_output ready=False bytes=0
[2237/3852] 0cac75a1-8d6f-2d13-8dab-0ecc3b317dc7-1 generated ready=True bytes=29022523
too few visible objects, scene missalignment possible
[2238/3852] 0cac75a1-8d6f-2d13-8dab-0ecc3b317dc7-2 missing_output ready=False bytes=0
[2239/3852] 1d23401c-e280-2b1a-8ecd-1d677f57530e-2 generated ready=True bytes=36934418
[2240/3852] 35788e22-696e-2374-8898-bc5d06109906-6 generated ready=True bytes=11599556
[2241/3852] 0cac75a1-8d6f-2d13-8dab-0ecc3b317dc7-3 generated ready=True bytes=22270436
[2242/3852] 35788e22-696e-2374-8898-bc5d06109906-5 generated ready=True bytes=22293079
[2243/3852] 6a360561-fa53-2915-94d5-2b7d2ce9b169-1 generated ready=True bytes=22276972
[2244/3852] 6a360561-fa53-2915-94d5-2b7d2ce9b169-2 generated ready=True bytes=22276873
[2245/3852] 38770c99-86d7-27b8-85c7-2a09ba38e105-1 generated ready=True bytes=36886740
[2246/3852] 38770c99-86d7-27b8-85c7-2a09ba38e105-2 generated ready=True bytes=36876175
[2247/3852] 38770c99-86d7-27b8-85c7-2a09ba38e105-4 generated ready=True bytes=36835805
[2248/3852] 38770c99-86d7-27b8-85c7-2a09ba38e105-3 generated ready=True bytes=36931966
[2249/3852] c8b34d02-5ea0-2d69-9179-be3dfe72d97b-2 generated ready=True bytes=36776758
[2250/3852] 38770c99-86d7-27b8-85c7-2a09ba38e105-5 generated ready=True bytes=29064526
[2251/3852] c8b34d02-5ea0-2d69-9179-be3dfe72d97b-4 generated ready=True bytes=36769456
[2252/3852] c8b34d02-5ea0-2d69-9179-be3dfe72d97b-3 generated ready=True bytes=36779278
[2253/3852] 2e36952b-e133-204c-911e-7644cb34e8b2-1 generated ready=True bytes=22352051
[2254/3852] c8b34d02-5ea0-2d69-9179-be3dfe72d97b-1 generated ready=True bytes=36824166
[2255/3852] bcb0fe1d-4f39-2c70-9e89-5c098ed27d6d-1 generated ready=True bytes=29033177
[2256/3852] 6bde60ad-9162-246f-8cc8-71bfdd742b43-2 generated ready=True bytes=11020403
[2257/3852] 8eabc407-5af7-2f32-86af-6e962fa7cebd-1 generated ready=True bytes=11428047
[2258/3852] bcb0fe1d-4f39-2c70-9e89-5c098ed27d6d-2 generated ready=True bytes=29031636
[2259/3852] 6bde60ad-9162-246f-8cc8-71bfdd742b43-1 generated ready=True bytes=29051776
[2260/3852] 8eabc407-5af7-2f32-86af-6e962fa7cebd-3 generated ready=True bytes=22269514
[2261/3852] 09582219-e2c2-2de1-9534-519142703037-1 generated ready=True bytes=16462797
[2262/3852] 8eabc407-5af7-2f32-86af-6e962fa7cebd-2 generated ready=True bytes=29030343
[2263/3852] 8eabc407-5af7-2f32-86af-6e962fa7cebd-4 generated ready=True bytes=16452893
[2264/3852] 09582219-e2c2-2de1-9534-519142703037-2 generated ready=True bytes=22003812
[2265/3852] a895258d-9035-254b-8e61-2307a9926e62-2 generated ready=True bytes=16475574
[2266/3852] a895258d-9035-254b-8e61-2307a9926e62-4 generated ready=True bytes=16471382
[2267/3852] c92fb5a7-f771-2064-8766-1200dca296ac-2 generated ready=True bytes=16468723
[2268/3852] a895258d-9035-254b-8e61-2307a9926e62-3 generated ready=True bytes=29054866
[2269/3852] a895258d-9035-254b-8e61-2307a9926e62-1 generated ready=True bytes=29072506
[2270/3852] 531cfefe-0021-28f6-8c6c-35ae26d2158f-1 generated ready=True bytes=16377166
[2271/3852] 531cfefe-0021-28f6-8c6c-35ae26d2158f-2 generated ready=True bytes=36832933
[2272/3852] c92fb5a7-f771-2064-8766-1200dca296ac-1 generated ready=True bytes=36804728
[2273/3852] bf9a3d9c-45a5-2e80-832c-618e55d4e705-1 generated ready=True bytes=36781346
[2274/3852] bf9a3d9c-45a5-2e80-832c-618e55d4e705-2 generated ready=True bytes=36763089
[2275/3852] 0958220b-e2c2-2de1-96bc-739f09c1e8f8-1 generated ready=True bytes=36791728
[2276/3852] e44d238f-52a2-2879-88ec-e383a4d9abf3-1 generated ready=True bytes=36825859
[2277/3852] e44d238f-52a2-2879-88ec-e383a4d9abf3-2 generated ready=True bytes=36866619
[2278/3852] 531cfefe-0021-28f6-8c6c-35ae26d2158f-3 generated ready=True bytes=36929331
[2279/3852] e44d238f-52a2-2879-88ec-e383a4d9abf3-3 generated ready=True bytes=29147200
[2280/3852] e44d238f-52a2-2879-88ec-e383a4d9abf3-5 generated ready=True bytes=22367486
[2281/3852] e44d238f-52a2-2879-88ec-e383a4d9abf3-4 generated ready=True bytes=29144983
[2282/3852] c12890e3-d3df-2d0d-87cf-a5510bc39c3a-2 generated ready=True bytes=11105520
[2283/3852] c12890e3-d3df-2d0d-87cf-a5510bc39c3a-1 generated ready=True bytes=36836945
[2284/3852] e44d238f-52a2-2879-88ec-e383a4d9abf3-6 generated ready=True bytes=36906580
[2285/3852] 0cac7642-8d6f-2d13-8f9f-eb19016049fa-2 generated ready=True bytes=36740678
[2286/3852] 0cac7642-8d6f-2d13-8f9f-eb19016049fa-3 generated ready=True bytes=29045725
[2287/3852] 0cac7642-8d6f-2d13-8f9f-eb19016049fa-1 generated ready=True bytes=36773763
[2288/3852] 6a360541-fa53-2915-9432-e4b7e065aa73-1 generated ready=True bytes=22264380
[2289/3852] 6a360541-fa53-2915-9432-e4b7e065aa73-2 generated ready=True bytes=7202351
[2290/3852] a090600c-66f7-2272-9d26-5a98b70d30c5-4 generated ready=True bytes=11579439
[2291/3852] a090600c-66f7-2272-9d26-5a98b70d30c5-2 generated ready=True bytes=29030770
[2292/3852] a090600c-66f7-2272-9d26-5a98b70d30c5-5 generated ready=True bytes=7500231
[2293/3852] a090600c-66f7-2272-9d26-5a98b70d30c5-1 generated ready=True bytes=29039056
[2294/3852] b8837e16-57ec-29c6-89c3-0e8b7d668f56-1 generated ready=True bytes=11203193
[2295/3852] bf9a3dcf-45a5-2e80-8196-c38271d91bcf-1 generated ready=True bytes=22289256
[2296/3852] bf9a3dcf-45a5-2e80-8196-c38271d91bcf-2 generated ready=True bytes=36748321
[2297/3852] 170725d4-9f1b-2d87-812a-b126916caa9f-2 generated ready=True bytes=22159703
[2298/3852] 170725d4-9f1b-2d87-812a-b126916caa9f-3 generated ready=True bytes=29035362
[2299/3852] a090600c-66f7-2272-9d26-5a98b70d30c5-3 generated ready=True bytes=36752256
[2300/3852] 170725d4-9f1b-2d87-812a-b126916caa9f-1 generated ready=True bytes=29056213
[2301/3852] 170725d4-9f1b-2d87-812a-b126916caa9f-6 generated ready=True bytes=16163989
[2302/3852] 43b8caed-6678-2e38-98f8-a76f51ef79af-2 generated ready=True bytes=7058527
[2303/3852] 170725d4-9f1b-2d87-812a-b126916caa9f-5 generated ready=True bytes=29029051
[2304/3852] 2e36954b-e133-204c-92ad-1a66c6f63e1a-1 generated ready=True bytes=22280142
[2305/3852] 43b8caed-6678-2e38-98f8-a76f51ef79af-1 generated ready=True bytes=29025843
[2306/3852] 170725d4-9f1b-2d87-812a-b126916caa9f-4 generated ready=True bytes=11595755
[2307/3852] d9725be5-7513-2d91-8518-d324d081f19c-2 generated ready=True bytes=29023362
too few visible objects, scene missalignment possible
[2308/3852] 7ab2a9cb-ebc6-2056-8ba2-7835e43d47d3-2 missing_output ready=False bytes=0
[2309/3852] d9725be5-7513-2d91-8518-d324d081f19c-1 generated ready=True bytes=29053666
[2310/3852] 4138584b-a238-2435-8128-a939fb07c1c8-2 generated ready=True bytes=7093869
[2311/3852] 4138584b-a238-2435-8128-a939fb07c1c8-1 generated ready=True bytes=29057012
[2312/3852] d73fd1da-8aae-2838-81c0-a7482e6a76f5-1 generated ready=True bytes=36817409
[2313/3852] 7ab2a9cb-ebc6-2056-8ba2-7835e43d47d3-1 generated ready=True bytes=7646148
[2314/3852] c92fb578-f771-2064-85fc-485dbfba73df-2 generated ready=True bytes=7637533
[2315/3852] c92fb578-f771-2064-85fc-485dbfba73df-1 generated ready=True bytes=29024489
[2316/3852] c92fb578-f771-2064-85fc-485dbfba73df-3 generated ready=True bytes=11570314
[2317/3852] d73fd1da-8aae-2838-81c0-a7482e6a76f5-2 generated ready=True bytes=36861318
[2318/3852] c92fb578-f771-2064-85fc-485dbfba73df-4 generated ready=True bytes=16157310
[2319/3852] b901681b-e754-293c-8c97-c988f204f2b6-1 generated ready=True bytes=28900340
[2320/3852] d73fd1da-8aae-2838-81c0-a7482e6a76f5-3 generated ready=True bytes=16152908
[2321/3852] b901681b-e754-293c-8c97-c988f204f2b6-3 generated ready=True bytes=29039061
[2322/3852] 7ab2a9bf-ebc6-2056-8bd5-903a96eb7e99-2 generated ready=True bytes=16474984
[2323/3852] b901681b-e754-293c-8c97-c988f204f2b6-2 generated ready=True bytes=29040355
[2324/3852] 7ab2a9bf-ebc6-2056-8bd5-903a96eb7e99-1 generated ready=True bytes=28908123
[2325/3852] 7ab2a9bf-ebc6-2056-8bd5-903a96eb7e99-4 generated ready=True bytes=22279965
[2326/3852] 73315a29-185c-2c8a-860a-e0303d3dd492-1 generated ready=True bytes=28932663
[2327/3852] 7ab2a9bf-ebc6-2056-8bd5-903a96eb7e99-3 generated ready=True bytes=29038684
[2328/3852] 73315a29-185c-2c8a-860a-e0303d3dd492-5 generated ready=True bytes=11617240
[2329/3852] 73315a29-185c-2c8a-860a-e0303d3dd492-4 generated ready=True bytes=36769089
[2330/3852] 73315a29-185c-2c8a-860a-e0303d3dd492-3 generated ready=True bytes=36833206
[2331/3852] 73315a29-185c-2c8a-860a-e0303d3dd492-2 generated ready=True bytes=36819710
[2332/3852] c7895f46-339c-2d13-81c6-395674134ef2-3 generated ready=True bytes=16319608
[2333/3852] c7895f46-339c-2d13-81c6-395674134ef2-2 generated ready=True bytes=29025722
[2334/3852] c7895f46-339c-2d13-81c6-395674134ef2-1 generated ready=True bytes=29022259
[2335/3852] fcf66db6-622d-291c-8740-9e40c21de689-1 generated ready=True bytes=7648111
[2336/3852] fcf66db6-622d-291c-8740-9e40c21de689-2 generated ready=True bytes=29029035
[2337/3852] fcf66db6-622d-291c-8740-9e40c21de689-3 generated ready=True bytes=22132135
[2338/3852] 2451c057-fae8-24f6-92b8-df89e0429f6e-1 generated ready=True bytes=29036835
too few visible objects, scene missalignment possible
[2339/3852] 2451c057-fae8-24f6-92b8-df89e0429f6e-2 missing_output ready=False bytes=0
[2340/3852] c92fb598-f771-2064-876d-327776fda299-1 generated ready=True bytes=22283705
[2341/3852] c92fb598-f771-2064-876d-327776fda299-2 generated ready=True bytes=16487289
[2342/3852] 4acaebba-6c10-2a2a-8650-34c2f160db99-2 generated ready=True bytes=36921879
[2343/3852] c92fb598-f771-2064-876d-327776fda299-4 generated ready=True bytes=16331873
[2344/3852] c92fb598-f771-2064-876d-327776fda299-3 generated ready=True bytes=22323638
[2345/3852] fcf66db6-622d-291c-8740-9e40c21de689-4 generated ready=True bytes=36791431
[2346/3852] 4acaebba-6c10-2a2a-8650-34c2f160db99-1 generated ready=True bytes=37013096
[2347/3852] 4a9a43e2-7736-2874-841a-f239715be4c6-3 generated ready=True bytes=36862255
[2348/3852] 4d3d82a2-8cf4-2e04-810b-7634c83eed98-1 generated ready=True bytes=36722902
[2349/3852] 4a9a43e2-7736-2874-841a-f239715be4c6-2 generated ready=True bytes=29150001
[2350/3852] 787ed590-9d98-2c97-80db-89baaa605049-2 generated ready=True bytes=22305645
[2351/3852] 787ed590-9d98-2c97-80db-89baaa605049-1 generated ready=True bytes=29031439
[2352/3852] 4a9a43e2-7736-2874-841a-f239715be4c6-1 generated ready=True bytes=36943237
[2353/3852] 4a9a43e2-7736-2874-841a-f239715be4c6-4 generated ready=True bytes=29026284
[2354/3852] 9c27de4f-6184-2cda-81d6-9c806607918e-1 generated ready=True bytes=29030930
[2355/3852] 9c27de4f-6184-2cda-81d6-9c806607918e-3 generated ready=True bytes=22270796
[2356/3852] 9c27de4f-6184-2cda-81d6-9c806607918e-2 generated ready=True bytes=22272718
[2357/3852] 9c27de4f-6184-2cda-81d6-9c806607918e-5 generated ready=True bytes=22264877
[2358/3852] 8eabc414-5af7-2f32-8797-72769173455b-2 generated ready=True bytes=11154870
[2359/3852] 8eabc414-5af7-2f32-8797-72769173455b-1 generated ready=True bytes=22281825
[2360/3852] 9c27de4f-6184-2cda-81d6-9c806607918e-4 generated ready=True bytes=22279507
[2361/3852] 9c27de4f-6184-2cda-81d6-9c806607918e-6 generated ready=True bytes=29039665
[2362/3852] 569d8f18-72aa-2f24-8bb2-fb8211412783-3 generated ready=True bytes=29093440
[2363/3852] 569d8f18-72aa-2f24-8bb2-fb8211412783-2 generated ready=True bytes=36813088
[2364/3852] 569d8f18-72aa-2f24-8bb2-fb8211412783-1 generated ready=True bytes=29155989
[2365/3852] b1cf9968-9fdd-2189-97dd-d5f0d48bf70a-1 generated ready=True bytes=36811065
[2366/3852] b1cf9968-9fdd-2189-97dd-d5f0d48bf70a-3 generated ready=True bytes=36815171
[2367/3852] 6bde60a7-9162-246f-8c6b-2f431eb7cb26-1 generated ready=True bytes=16462409
[2368/3852] 4238491e-60a7-271e-9fe8-eb04b4209883-1 generated ready=True bytes=11576650
[2369/3852] 4238491e-60a7-271e-9fe8-eb04b4209883-2 generated ready=True bytes=7640432
[2370/3852] b1cf9968-9fdd-2189-97dd-d5f0d48bf70a-2 generated ready=True bytes=36894188
[2371/3852] 6bde60a7-9162-246f-8c6b-2f431eb7cb26-2 generated ready=True bytes=16472004
[2372/3852] 4238491e-60a7-271e-9fe8-eb04b4209883-4 generated ready=True bytes=7641601
[2373/3852] a0905fec-66f7-2272-9d99-205da6e213fe-1 generated ready=True bytes=29038788
[2374/3852] 569d8f18-72aa-2f24-8bb2-fb8211412783-4 generated ready=True bytes=36821442
[2375/3852] 4238491e-60a7-271e-9fe8-eb04b4209883-3 generated ready=True bytes=16482877
[2376/3852] a0905fec-66f7-2272-9d99-205da6e213fe-3 generated ready=True bytes=11601023
[2377/3852] a0905fec-66f7-2272-9d99-205da6e213fe-4 generated ready=True bytes=22278848
[2378/3852] a0905fec-66f7-2272-9d99-205da6e213fe-2 generated ready=True bytes=29034207
[2379/3852] 0cac766c-8d6f-2d13-8cde-44c997b5e8a7-3 generated ready=True bytes=16316377
[2380/3852] 0cac766c-8d6f-2d13-8cde-44c997b5e8a7-1 generated ready=True bytes=36734196
[2381/3852] fcf66da6-622d-291c-8685-46cd96a8af4e-1 generated ready=True bytes=22156766
[2382/3852] 6bde60a1-9162-246f-8c51-a147225db6bd-1 generated ready=True bytes=29048817
[2383/3852] fcf66da6-622d-291c-8685-46cd96a8af4e-2 generated ready=True bytes=29030071
[2384/3852] 0cac766c-8d6f-2d13-8cde-44c997b5e8a7-2 generated ready=True bytes=36764861
[2385/3852] fcf66da6-622d-291c-8685-46cd96a8af4e-5 generated ready=True bytes=11576957
[2386/3852] 283ccff5-107c-24d5-886c-1d3a1319186a-1 generated ready=True bytes=36774840
[2387/3852] fcf66da6-622d-291c-8685-46cd96a8af4e-3 generated ready=True bytes=22281269
too few visible objects, scene missalignment possible
[2388/3852] ad408ca1-84db-2095-8970-40e09dac6ed0-1 missing_output ready=False bytes=0
[2389/3852] ad408ca1-84db-2095-8970-40e09dac6ed0-2 generated ready=True bytes=11424833
[2390/3852] ad408ca1-84db-2095-8970-40e09dac6ed0-3 generated ready=True bytes=11567782
[2391/3852] fcf66da6-622d-291c-8685-46cd96a8af4e-6 generated ready=True bytes=16057208
[2392/3852] b8837e34-57ec-29c6-8b50-775098de406a-1 generated ready=True bytes=16170308
[2393/3852] 283ccff5-107c-24d5-886c-1d3a1319186a-2 generated ready=True bytes=28971225
[2394/3852] fcf66da6-622d-291c-8685-46cd96a8af4e-4 generated ready=True bytes=22149004
[2395/3852] 0cac75ca-8d6f-2d13-8dfc-9932bfbb834d-2 generated ready=True bytes=22289321
[2396/3852] 0cac75ca-8d6f-2d13-8dfc-9932bfbb834d-3 generated ready=True bytes=22274711
[2397/3852] 0cac75ca-8d6f-2d13-8dfc-9932bfbb834d-1 generated ready=True bytes=36738822
[2398/3852] 422885e2-192d-25fc-86cd-076ee5f2b412-1 generated ready=True bytes=28972580
[2399/3852] 422885e2-192d-25fc-86cd-076ee5f2b412-3 generated ready=True bytes=29126843
[2400/3852] 422885e2-192d-25fc-86cd-076ee5f2b412-2 generated ready=True bytes=36932861
[2401/3852] 422885e2-192d-25fc-86cd-076ee5f2b412-4 generated ready=True bytes=36871337
[2402/3852] ca653994-dbf9-207c-91a3-9085f4f169c8-2 generated ready=True bytes=16455035
[2403/3852] ca653994-dbf9-207c-91a3-9085f4f169c8-3 generated ready=True bytes=11581414
[2404/3852] ca653994-dbf9-207c-91a3-9085f4f169c8-1 generated ready=True bytes=16304436
[2405/3852] ca653994-dbf9-207c-91a3-9085f4f169c8-5 generated ready=True bytes=21973298
[2406/3852] ebc42044-82a4-2113-8789-1c8c8bb7cbcd-1 generated ready=True bytes=36727146
[2407/3852] ebc42044-82a4-2113-8789-1c8c8bb7cbcd-2 generated ready=True bytes=11574974
[2408/3852] ca653994-dbf9-207c-91a3-9085f4f169c8-4 generated ready=True bytes=29035695
[2409/3852] d63767bc-3205-226c-9b7c-72e4a9c0a79f-1 generated ready=True bytes=22296490
[2410/3852] d63767bc-3205-226c-9b7c-72e4a9c0a79f-2 generated ready=True bytes=11022726
[2411/3852] 4acaebbe-6c10-2a2a-866a-f0e58185caf7-2 generated ready=True bytes=22239905
[2412/3852] 4acaebbe-6c10-2a2a-866a-f0e58185caf7-1 generated ready=True bytes=36940508
[2413/3852] 569d8f13-72aa-2f24-8b64-3bde3b0603ab-2 generated ready=True bytes=36794718
[2414/3852] 569d8f13-72aa-2f24-8b64-3bde3b0603ab-1 generated ready=True bytes=22419677
[2415/3852] 569d8f13-72aa-2f24-8b64-3bde3b0603ab-4 generated ready=True bytes=29118636
[2416/3852] 0cac75f4-8d6f-2d13-8c10-ce688f7ac0af-1 generated ready=True bytes=29063518
[2417/3852] 0cac75f4-8d6f-2d13-8c10-ce688f7ac0af-2 generated ready=True bytes=29049168
[2418/3852] 0cac75f4-8d6f-2d13-8c10-ce688f7ac0af-3 generated ready=True bytes=29056875
too few visible objects, scene missalignment possible
[2419/3852] 0cac75f4-8d6f-2d13-8c10-ce688f7ac0af-5 missing_output ready=False bytes=0
too few visible objects, scene missalignment possible
[2420/3852] 20c99397-698f-29c5-8534-5304111c28af-1 missing_output ready=False bytes=0
[2421/3852] 569d8f13-72aa-2f24-8b64-3bde3b0603ab-5 generated ready=True bytes=16120035
[2422/3852] 0cac75f4-8d6f-2d13-8c10-ce688f7ac0af-4 generated ready=True bytes=22286093
[2423/3852] 569d8f13-72aa-2f24-8b64-3bde3b0603ab-3 generated ready=True bytes=36870855
[2424/3852] 4e858c97-fd93-2cb4-8773-ac1f3171f4d1-1 generated ready=True bytes=11585348
[2425/3852] 8eabc42c-5af7-2f32-87c4-bf646779aa62-1 generated ready=True bytes=36773552
[2426/3852] 8eabc42c-5af7-2f32-87c4-bf646779aa62-3 generated ready=True bytes=36779086
[2427/3852] 09582244-e2c2-2de1-956c-357092d949d1-1 generated ready=True bytes=29040280
[2428/3852] 1776ad7e-4db7-2333-89e1-66854e82170c-1 generated ready=True bytes=16445975
[2429/3852] 8eabc42c-5af7-2f32-87c4-bf646779aa62-2 generated ready=True bytes=36825309
[2430/3852] 422885dc-192d-25fc-857a-0c4af3695e4b-2 generated ready=True bytes=37002653
[2431/3852] 4e858c97-fd93-2cb4-8773-ac1f3171f4d1-2 generated ready=True bytes=22148082
[2432/3852] 422885dc-192d-25fc-857a-0c4af3695e4b-1 generated ready=True bytes=37051640
[2433/3852] 422885dc-192d-25fc-857a-0c4af3695e4b-3 generated ready=True bytes=29255950
[2434/3852] 422885dc-192d-25fc-857a-0c4af3695e4b-6 generated ready=True bytes=36923456
[2435/3852] 422885dc-192d-25fc-857a-0c4af3695e4b-4 generated ready=True bytes=37027750
[2436/3852] 422885dc-192d-25fc-857a-0c4af3695e4b-5 generated ready=True bytes=37063227
[2437/3852] 0cac767e-8d6f-2d13-8d1a-d5e9b184df15-3 generated ready=True bytes=22268931
[2438/3852] 0cac767e-8d6f-2d13-8d1a-d5e9b184df15-2 generated ready=True bytes=29030232
[2439/3852] 0cac767e-8d6f-2d13-8d1a-d5e9b184df15-1 generated ready=True bytes=29046373
[2440/3852] 0cac767e-8d6f-2d13-8d1a-d5e9b184df15-4 generated ready=True bytes=16478578
[2441/3852] 422885dc-192d-25fc-857a-0c4af3695e4b-7 generated ready=True bytes=37071898
too few visible objects, scene missalignment possible
[2442/3852] 1d234000-e280-2b1a-8d5e-bd2403a8dbfa-1 missing_output ready=False bytes=0
[2443/3852] 0cac767e-8d6f-2d13-8d1a-d5e9b184df15-7 generated ready=True bytes=7070274
[2444/3852] 0cac767e-8d6f-2d13-8d1a-d5e9b184df15-5 generated ready=True bytes=29046873
[2445/3852] 0cac767e-8d6f-2d13-8d1a-d5e9b184df15-6 generated ready=True bytes=29035270
[2446/3852] 2ea047d1-aeca-2021-8a44-8ca8d08fe50b-1 generated ready=True bytes=36788976
[2447/3852] 2ea047d1-aeca-2021-8a44-8ca8d08fe50b-2 generated ready=True bytes=36823579
[2448/3852] 2ea047d1-aeca-2021-8a44-8ca8d08fe50b-5 generated ready=True bytes=11353124
[2449/3852] 2ea047d1-aeca-2021-8a44-8ca8d08fe50b-3 generated ready=True bytes=36808349
[2450/3852] 63b87cf1-ef3f-28f2-871a-c1551f129ce6-1 generated ready=True bytes=36768390
[2451/3852] 63b87cf1-ef3f-28f2-871a-c1551f129ce6-2 generated ready=True bytes=28901888
[2452/3852] 2ea047d1-aeca-2021-8a44-8ca8d08fe50b-4 generated ready=True bytes=36834013
[2453/3852] 2e4a3966-d452-21a0-9c4b-c021c4b66ce3-1 generated ready=True bytes=22367173
[2454/3852] ba6fda9e-a4c1-2dca-8381-c08ad16a6170-1 generated ready=True bytes=29036581
[2455/3852] ba6fda9e-a4c1-2dca-8381-c08ad16a6170-2 generated ready=True bytes=7054201
[2456/3852] 10b17946-3938-2467-8bd9-0cc6be6dff91-1 generated ready=True bytes=16483094
[2457/3852] 2e4a3966-d452-21a0-9c4b-c021c4b66ce3-4 generated ready=True bytes=28998572
[2458/3852] 2e4a3966-d452-21a0-9c4b-c021c4b66ce3-2 generated ready=True bytes=29201718
[2459/3852] 10b17946-3938-2467-8bd9-0cc6be6dff91-2 generated ready=True bytes=29043791
[2460/3852] 2e4a3966-d452-21a0-9c4b-c021c4b66ce3-3 generated ready=True bytes=36856120
[2461/3852] 10b17946-3938-2467-8bd9-0cc6be6dff91-4 generated ready=True bytes=11156558
[2462/3852] c92fb576-f771-2064-845a-a52a44a9539f-2 generated ready=True bytes=36797809
[2463/3852] 10b17946-3938-2467-8bd9-0cc6be6dff91-3 generated ready=True bytes=29042579
[2464/3852] c92fb576-f771-2064-845a-a52a44a9539f-1 generated ready=True bytes=36785184
[2465/3852] c92fb576-f771-2064-845a-a52a44a9539f-5 generated ready=True bytes=36782227
[2466/3852] c92fb576-f771-2064-845a-a52a44a9539f-3 generated ready=True bytes=36811487
[2467/3852] cf00577c-b8f0-2aa8-869e-175d8b655d12-1 generated ready=True bytes=36776372
[2468/3852] c92fb576-f771-2064-845a-a52a44a9539f-4 generated ready=True bytes=36811534
[2469/3852] cf00577c-b8f0-2aa8-869e-175d8b655d12-4 generated ready=True bytes=16348233
[2470/3852] cf00577c-b8f0-2aa8-869e-175d8b655d12-3 generated ready=True bytes=36782877
[2471/3852] cf00577c-b8f0-2aa8-869e-175d8b655d12-2 generated ready=True bytes=36780334
[2472/3852] cf00577c-b8f0-2aa8-869e-175d8b655d12-5 generated ready=True bytes=36770388
[2473/3852] cf00577c-b8f0-2aa8-869e-175d8b655d12-9 generated ready=True bytes=22161840
[2474/3852] cf00577c-b8f0-2aa8-869e-175d8b655d12-7 generated ready=True bytes=36771056
[2475/3852] cf00577c-b8f0-2aa8-869e-175d8b655d12-8 generated ready=True bytes=29110622
[2476/3852] cf00577c-b8f0-2aa8-869e-175d8b655d12-6 generated ready=True bytes=29145680
[2477/3852] cf00577c-b8f0-2aa8-869e-175d8b655d12-b generated ready=True bytes=29069654
[2478/3852] cf00577c-b8f0-2aa8-869e-175d8b655d12-a generated ready=True bytes=36771116
[2479/3852] cf00577c-b8f0-2aa8-869e-175d8b655d12-c generated ready=True bytes=29068488
[2480/3852] cf00577c-b8f0-2aa8-869e-175d8b655d12-e generated ready=True bytes=29059113
[2481/3852] cf00577c-b8f0-2aa8-869e-175d8b655d12-d generated ready=True bytes=36782759
[2482/3852] 0cac75f2-8d6f-2d13-8f0f-f00e880b4e7b-2 generated ready=True bytes=16465053
[2483/3852] 0cac75f2-8d6f-2d13-8f0f-f00e880b4e7b-3 generated ready=True bytes=16453734
[2484/3852] 0cac75f2-8d6f-2d13-8f0f-f00e880b4e7b-5 generated ready=True bytes=10996284
[2485/3852] 0cac75f2-8d6f-2d13-8f0f-f00e880b4e7b-1 generated ready=True bytes=36737929
[2486/3852] 02b33e03-be2b-2d54-9129-5d28efdd68fa-1 generated ready=True bytes=36752260
[2487/3852] 02b33e03-be2b-2d54-9129-5d28efdd68fa-3 generated ready=True bytes=16309717
[2488/3852] c92fb5b3-f771-2064-86f2-f14da264bfcf-2 generated ready=True bytes=36763402
[2489/3852] c92fb5b3-f771-2064-86f2-f14da264bfcf-1 generated ready=True bytes=36797735
[2490/3852] 0cac75f2-8d6f-2d13-8f0f-f00e880b4e7b-4 generated ready=True bytes=29035287
[2491/3852] 20c993ad-698f-29c5-8580-879f93258149-2 generated ready=True bytes=7636931
[2492/3852] 20c993ad-698f-29c5-8580-879f93258149-3 generated ready=True bytes=7635675
too few visible objects, scene missalignment possible
[2493/3852] 20c993ad-698f-29c5-8580-879f93258149-4 missing_output ready=False bytes=0
[2494/3852] 20c993ad-698f-29c5-8580-879f93258149-5 generated ready=True bytes=11570472
[2495/3852] a38a57d6-8a91-2e91-9090-e2625e960187-1 generated ready=True bytes=16442963
[2496/3852] a38a57d6-8a91-2e91-9090-e2625e960187-2 generated ready=True bytes=7344220
[2497/3852] 20c993ad-698f-29c5-8580-879f93258149-1 generated ready=True bytes=22269858
[2498/3852] baf673ac-8e94-22f8-83d4-31a21cc201af-2 generated ready=True bytes=7078082
[2499/3852] baf673ac-8e94-22f8-83d4-31a21cc201af-1 generated ready=True bytes=36738644
[2500/3852] c92fb5b3-f771-2064-86f2-f14da264bfcf-3 generated ready=True bytes=29081948
[2501/3852] bf9a3def-45a5-2e80-83f8-65c351d6169b-1 generated ready=True bytes=7490905
[2502/3852] 02b33e03-be2b-2d54-9129-5d28efdd68fa-2 generated ready=True bytes=36765949
[2503/3852] bf9a3def-45a5-2e80-83f8-65c351d6169b-4 generated ready=True bytes=7057609
[2504/3852] bf9a3def-45a5-2e80-83f8-65c351d6169b-3 generated ready=True bytes=7646392
[2505/3852] bf9a3def-45a5-2e80-83f8-65c351d6169b-2 generated ready=True bytes=16466724
[2506/3852] 0ad2d391-79e2-2212-98a3-7e2440884395-3 generated ready=True bytes=11173269
[2507/3852] 0ad2d391-79e2-2212-98a3-7e2440884395-2 generated ready=True bytes=29057892
[2508/3852] 0cac75f0-8d6f-2d13-8d86-371deca33bb4-1 generated ready=True bytes=22271550
[2509/3852] 0cac75f0-8d6f-2d13-8d86-371deca33bb4-3 generated ready=True bytes=29035711
[2510/3852] 0cac75f0-8d6f-2d13-8d86-371deca33bb4-2 generated ready=True bytes=29039743
[2511/3852] 0cac75f0-8d6f-2d13-8d86-371deca33bb4-4 generated ready=True bytes=10999693
[2512/3852] 7747a506-9431-24e8-87d9-37a5654d41f4-1 generated ready=True bytes=29136321
[2513/3852] 0ad2d391-79e2-2212-98a3-7e2440884395-1 generated ready=True bytes=36812907
[2514/3852] 7747a506-9431-24e8-87d9-37a5654d41f4-3 generated ready=True bytes=36816015
[2515/3852] 42384914-60a7-271e-9c5f-f0e1eee114ae-1 generated ready=True bytes=36726154
[2516/3852] 7747a506-9431-24e8-87d9-37a5654d41f4-5 generated ready=True bytes=16090482
[2517/3852] 7747a506-9431-24e8-87d9-37a5654d41f4-2 generated ready=True bytes=36893037
[2518/3852] 42384914-60a7-271e-9c5f-f0e1eee114ae-2 generated ready=True bytes=36722818
[2519/3852] 7747a506-9431-24e8-87d9-37a5654d41f4-4 generated ready=True bytes=36827730
[2520/3852] 87e6cf6b-9d1a-289f-866c-b90904d9487d-3 generated ready=True bytes=29027634
[2521/3852] 87e6cf6b-9d1a-289f-866c-b90904d9487d-2 generated ready=True bytes=22274557
[2522/3852] 87e6cf6b-9d1a-289f-866c-b90904d9487d-5 generated ready=True bytes=7637196
[2523/3852] 87e6cf6b-9d1a-289f-866c-b90904d9487d-4 generated ready=True bytes=16305124
[2524/3852] 87e6cf6b-9d1a-289f-866c-b90904d9487d-1 generated ready=True bytes=29055098
[2525/3852] b05fddd9-fca0-2d4f-8904-936aa0b678e6-3 generated ready=True bytes=10998482
[2526/3852] b05fddd9-fca0-2d4f-8904-936aa0b678e6-2 generated ready=True bytes=29043386
[2527/3852] 42384914-60a7-271e-9c5f-f0e1eee114ae-3 generated ready=True bytes=36752614
[2528/3852] b8837e1c-57ec-29c6-8900-ce1eaa76e959-1 generated ready=True bytes=11020833
[2529/3852] b05fddd9-fca0-2d4f-8904-936aa0b678e6-1 generated ready=True bytes=36755106
[2530/3852] 6bde60be-9162-246f-8e66-adb6a3511e6e-2 generated ready=True bytes=11014841
[2531/3852] 0cac7580-8d6f-2d13-8c9d-d45247b5244b-1 generated ready=True bytes=22318507
[2532/3852] 0cac7580-8d6f-2d13-8c9d-d45247b5244b-2 generated ready=True bytes=29078545
[2533/3852] 0cac7580-8d6f-2d13-8c9d-d45247b5244b-3 generated ready=True bytes=22321783
[2534/3852] 6bde60be-9162-246f-8e66-adb6a3511e6e-1 generated ready=True bytes=36756210
[2535/3852] 0cac7580-8d6f-2d13-8c9d-d45247b5244b-6 generated ready=True bytes=11182963
[2536/3852] 8eabc46d-5af7-2f32-85bd-f957e754c064-1 generated ready=True bytes=22261641
too few visible objects, scene missalignment possible
[2537/3852] 8eabc46d-5af7-2f32-85bd-f957e754c064-2 missing_output ready=False bytes=0
[2538/3852] 8eabc46d-5af7-2f32-85bd-f957e754c064-3 generated ready=True bytes=11568872
[2539/3852] 0cac7580-8d6f-2d13-8c9d-d45247b5244b-5 generated ready=True bytes=36757266
[2540/3852] 77361fcc-d054-2a22-89ce-6bc2aa429596-1 generated ready=True bytes=11159249
[2541/3852] 8eabc46d-5af7-2f32-85bd-f957e754c064-6 generated ready=True bytes=11567659
[2542/3852] 8eabc46d-5af7-2f32-85bd-f957e754c064-5 generated ready=True bytes=16458315
[2543/3852] 8eabc46d-5af7-2f32-85bd-f957e754c064-4 generated ready=True bytes=22269990
[2544/3852] 0cac7580-8d6f-2d13-8c9d-d45247b5244b-4 generated ready=True bytes=29096805
[2545/3852] 8eabc46d-5af7-2f32-85bd-f957e754c064-7 generated ready=True bytes=16447756
[2546/3852] 5341b7a7-8a66-2cdd-86e5-6b641b0004d2-3 generated ready=True bytes=16465484
[2547/3852] 5341b7a7-8a66-2cdd-86e5-6b641b0004d2-2 generated ready=True bytes=36743545
[2548/3852] 5341b7a7-8a66-2cdd-86e5-6b641b0004d2-6 generated ready=True bytes=7215490
[2549/3852] 8f0f1463-55de-28ce-80e5-d3294f7795ba-1 generated ready=True bytes=29096842
[2550/3852] 352e9c46-69fb-27a7-8b1d-bc83c253c676-1 generated ready=True bytes=22118839
[2551/3852] 8f0f144b-55de-28ce-8053-2828b87a0cc9-1 generated ready=True bytes=29042441
[2552/3852] 5341b7a7-8a66-2cdd-86e5-6b641b0004d2-5 generated ready=True bytes=36748938
[2553/3852] 5341b7a7-8a66-2cdd-86e5-6b641b0004d2-4 generated ready=True bytes=29063317
[2554/3852] 5341b7a7-8a66-2cdd-86e5-6b641b0004d2-1 generated ready=True bytes=29049460
[2555/3852] e48c48f8-8b2f-2858-89d1-36e9b49a06b0-1 generated ready=True bytes=36886734
[2556/3852] b05fdd66-fca0-2d4f-88bb-210da4439475-1 generated ready=True bytes=36727931
[2557/3852] b05fdd66-fca0-2d4f-88bb-210da4439475-2 generated ready=True bytes=11571430
[2558/3852] b05fdd66-fca0-2d4f-88bb-210da4439475-3 generated ready=True bytes=22265836
[2559/3852] e48c48f8-8b2f-2858-89d1-36e9b49a06b0-3 generated ready=True bytes=36918041
[2560/3852] e48c48f8-8b2f-2858-89d1-36e9b49a06b0-4 generated ready=True bytes=16203866
[2561/3852] 210cdbc9-9e8d-2832-849c-9a10b4c87123-1 generated ready=True bytes=36769579
[2562/3852] e48c48f8-8b2f-2858-89d1-36e9b49a06b0-2 generated ready=True bytes=29447016
[2563/3852] 210cdbc9-9e8d-2832-849c-9a10b4c87123-2 generated ready=True bytes=36773097
[2564/3852] b1f23303-d255-2761-9622-61de85559f99-2 generated ready=True bytes=11004568
[2565/3852] 787ed58a-9d98-2c97-826e-8e98355c30d7-1 generated ready=True bytes=36724334
[2566/3852] b1f23303-d255-2761-9622-61de85559f99-1 generated ready=True bytes=36731404
[2567/3852] 210cdbc9-9e8d-2832-849c-9a10b4c87123-3 generated ready=True bytes=36771842
[2568/3852] 787ed58a-9d98-2c97-826e-8e98355c30d7-2 generated ready=True bytes=29032798
[2569/3852] 787ed58a-9d98-2c97-826e-8e98355c30d7-3 generated ready=True bytes=22276873
[2570/3852] 531cff02-0021-28f6-8deb-a71f6c628346-3 generated ready=True bytes=28901670
[2571/3852] 531cff02-0021-28f6-8deb-a71f6c628346-1 generated ready=True bytes=36772090
[2572/3852] 531cff02-0021-28f6-8deb-a71f6c628346-5 generated ready=True bytes=7075854
[2573/3852] 531cff02-0021-28f6-8deb-a71f6c628346-4 generated ready=True bytes=36759042
[2574/3852] 531cff02-0021-28f6-8deb-a71f6c628346-2 generated ready=True bytes=36778788
[2575/3852] 752cc5a1-920c-26f5-8e94-4711ff3be870-2 generated ready=True bytes=29065408
[2576/3852] 6bde60a9-9162-246f-8f1a-2441db12c4d1-1 generated ready=True bytes=36746912
[2577/3852] 752cc5a1-920c-26f5-8e94-4711ff3be870-4 generated ready=True bytes=29061337
[2578/3852] 752cc5a1-920c-26f5-8e94-4711ff3be870-1 generated ready=True bytes=28951001
[2579/3852] 02b33dfd-be2b-2d54-91d2-55454852009e-1 generated ready=True bytes=36717260
[2580/3852] 02b33dfd-be2b-2d54-91d2-55454852009e-2 generated ready=True bytes=36715935
[2581/3852] 02b33dfd-be2b-2d54-91d2-55454852009e-3 generated ready=True bytes=16154648
[2582/3852] 752cc5a1-920c-26f5-8e94-4711ff3be870-5 generated ready=True bytes=36789765
[2583/3852] baf0a8f8-26d4-2033-8af4-9d0603924ce1-1 generated ready=True bytes=29030456
[2584/3852] baf0a8f8-26d4-2033-8af4-9d0603924ce1-2 generated ready=True bytes=29046328
[2585/3852] baf0a8f8-26d4-2033-8af4-9d0603924ce1-3 generated ready=True bytes=22008769
[2586/3852] 752cc5a1-920c-26f5-8e94-4711ff3be870-3 generated ready=True bytes=29122019
[2587/3852] 752cc5a1-920c-26f5-8e94-4711ff3be870-6 generated ready=True bytes=36757742
[2588/3852] b8837e28-57ec-29c6-89cf-e1768353440f-1 generated ready=True bytes=36809944
[2589/3852] 7794146a-cfdf-29cb-8705-f3f89d9ed3ae-1 generated ready=True bytes=36807234
[2590/3852] b8837e2c-57ec-29c6-89f3-98eb20a959bb-1 generated ready=True bytes=28962625
[2591/3852] 7ab2a9cd-ebc6-2056-88a0-7f85836edb91-1 generated ready=True bytes=22129775
too few visible objects, scene missalignment possible
[2592/3852] 7ab2a9cd-ebc6-2056-88a0-7f85836edb91-3 missing_output ready=False bytes=0
[2593/3852] 531cff12-0021-28f6-8d9c-2001f6dbbe05-1 generated ready=True bytes=36910734
[2594/3852] 13124cb2-cec3-27a6-8583-cc0a9d6d1a9a-1 generated ready=True bytes=29035274
[2595/3852] 13124cb2-cec3-27a6-8583-cc0a9d6d1a9a-2 generated ready=True bytes=22274222
[2596/3852] c7895f1f-339c-2d13-8172-b32de97f8cce-1 generated ready=True bytes=16308316
[2597/3852] 531cff12-0021-28f6-8d9c-2001f6dbbe05-2 generated ready=True bytes=36963382
[2598/3852] 7ab2a9cd-ebc6-2056-88a0-7f85836edb91-2 generated ready=True bytes=29045217
[2599/3852] 13124cb2-cec3-27a6-8583-cc0a9d6d1a9a-3 generated ready=True bytes=29047517
[2600/3852] bf9a3dc5-45a5-2e80-8068-91ac8398b4cd-2 generated ready=True bytes=22283956
[2601/3852] bf9a3dc5-45a5-2e80-8068-91ac8398b4cd-1 generated ready=True bytes=16486839
[2602/3852] 18d4d926-7eb5-280e-87df-199e66f2babd-2 generated ready=True bytes=16468028
[2603/3852] 18d4d926-7eb5-280e-87df-199e66f2babd-1 generated ready=True bytes=29054624
[2604/3852] 18d4d926-7eb5-280e-87df-199e66f2babd-3 generated ready=True bytes=36773233
[2605/3852] 18d4d926-7eb5-280e-87df-199e66f2babd-5 generated ready=True bytes=36756717
[2606/3852] 18d4d926-7eb5-280e-87df-199e66f2babd-4 generated ready=True bytes=29080162
[2607/3852] 18d4d926-7eb5-280e-87df-199e66f2babd-6 generated ready=True bytes=36748468
[2608/3852] 55551075-36f1-29c0-8b64-97a4e71b90ba-1 generated ready=True bytes=22265605
[2609/3852] 55551075-36f1-29c0-8b64-97a4e71b90ba-2 generated ready=True bytes=11156364
[2610/3852] 02b33e01-be2b-2d54-93fb-4145a709cec5-1 generated ready=True bytes=36735009
[2611/3852] 18d4d926-7eb5-280e-87df-199e66f2babd-8 generated ready=True bytes=28923465
[2612/3852] 18d4d926-7eb5-280e-87df-199e66f2babd-7 generated ready=True bytes=36767570
[2613/3852] c7895f91-339c-2d13-8095-ca529bcb8be5-2 generated ready=True bytes=16437977
[2614/3852] c7895f91-339c-2d13-8095-ca529bcb8be5-1 generated ready=True bytes=22257084
[2615/3852] d7d40d70-7a5d-2b36-960f-ddf3159cb360-1 generated ready=True bytes=16459013
[2616/3852] 02b33e01-be2b-2d54-93fb-4145a709cec5-3 generated ready=True bytes=36732210
[2617/3852] d7d40d70-7a5d-2b36-960f-ddf3159cb360-3 generated ready=True bytes=36732207
[2618/3852] d7d40d70-7a5d-2b36-960f-ddf3159cb360-2 generated ready=True bytes=22286759
[2619/3852] d7d40d70-7a5d-2b36-960f-ddf3159cb360-5 generated ready=True bytes=29041729
[2620/3852] 6a360549-fa53-2915-97ad-3853a1cb460c-1 generated ready=True bytes=22281369
[2621/3852] 6a360549-fa53-2915-97ad-3853a1cb460c-2 generated ready=True bytes=16444735
[2622/3852] 6a360549-fa53-2915-97ad-3853a1cb460c-3 generated ready=True bytes=7635592
[2623/3852] d7d40d70-7a5d-2b36-960f-ddf3159cb360-6 generated ready=True bytes=36746738
[2624/3852] d7d40d70-7a5d-2b36-960f-ddf3159cb360-4 generated ready=True bytes=36777610
[2625/3852] d7d40d68-7a5d-2b36-9671-6d4fcab1912a-1 generated ready=True bytes=36757779
[2626/3852] d7d40d68-7a5d-2b36-9671-6d4fcab1912a-4 generated ready=True bytes=11170021
[2627/3852] d7d40d68-7a5d-2b36-9671-6d4fcab1912a-3 generated ready=True bytes=29064951
[2628/3852] 1d2f8516-d757-207c-8e08-5fef80bf34d8-1 generated ready=True bytes=36732676
[2629/3852] 02b33e01-be2b-2d54-93fb-4145a709cec5-2 generated ready=True bytes=29095941
[2630/3852] 6bde6072-9162-246f-8fa1-71ec9bc5ebeb-2 generated ready=True bytes=16450375
[2631/3852] 6bde6072-9162-246f-8fa1-71ec9bc5ebeb-1 generated ready=True bytes=11602277
[2632/3852] 1d2f8516-d757-207c-8e08-5fef80bf34d8-2 generated ready=True bytes=36732646
[2633/3852] 6bde6072-9162-246f-8fa1-71ec9bc5ebeb-3 generated ready=True bytes=36736451
[2634/3852] d7d40d68-7a5d-2b36-9671-6d4fcab1912a-2 generated ready=True bytes=36784503
[2635/3852] ab835f8e-54c6-29a1-9aeb-3973d3d59915-1 generated ready=True bytes=36753401
[2636/3852] ab835f8e-54c6-29a1-9aeb-3973d3d59915-2 generated ready=True bytes=28912454
[2637/3852] 8eabc416-5af7-2f32-862f-bc1a368d2932-2 generated ready=True bytes=16018963
[2638/3852] b9016821-e754-293c-8f2b-832f5cb6f0db-1 generated ready=True bytes=22127846
[2639/3852] b9016821-e754-293c-8f2b-832f5cb6f0db-4 generated ready=True bytes=10992172
[2640/3852] b9016821-e754-293c-8f2b-832f5cb6f0db-3 generated ready=True bytes=36733980
[2641/3852] 6bde603f-9162-246f-8ca4-5bb5c9fe9974-1 generated ready=True bytes=16321537
[2642/3852] 0cac7613-8d6f-2d13-8d92-487a50d40794-1 generated ready=True bytes=16454128
[2643/3852] 0cac7613-8d6f-2d13-8d92-487a50d40794-2 generated ready=True bytes=22255934
[2644/3852] 0cac7613-8d6f-2d13-8d92-487a50d40794-3 generated ready=True bytes=10992513
[2645/3852] b9016821-e754-293c-8f2b-832f5cb6f0db-2 generated ready=True bytes=36738065
[2646/3852] 6bde609b-9162-246f-8f90-c3d2444a5ab8-1 generated ready=True bytes=16170813
[2647/3852] 8eabc416-5af7-2f32-862f-bc1a368d2932-1 generated ready=True bytes=29038382
[2648/3852] bf9a3de7-45a5-2e80-81a4-fd6126f6417b-1 generated ready=True bytes=22268708
[2649/3852] 75c25973-9ca2-2844-96f4-90cd531364ac-2 generated ready=True bytes=36730900
[2650/3852] bf9a3de7-45a5-2e80-81a4-fd6126f6417b-3 generated ready=True bytes=29025967
[2651/3852] bf9a3de7-45a5-2e80-81a4-fd6126f6417b-2 generated ready=True bytes=36737598
[2652/3852] bf9a3de7-45a5-2e80-81a4-fd6126f6417b-4 generated ready=True bytes=28905844
[2653/3852] 75c25973-9ca2-2844-96f4-90cd531364ac-1 generated ready=True bytes=22272445
[2654/3852] bf9a3de7-45a5-2e80-81a4-fd6126f6417b-5 generated ready=True bytes=16327116
[2655/3852] 10b17934-3938-2467-8959-93297ad1b22d-2 generated ready=True bytes=16455262
[2656/3852] 75c25973-9ca2-2844-96f4-90cd531364ac-3 generated ready=True bytes=28895696
[2657/3852] 10b17934-3938-2467-8959-93297ad1b22d-1 generated ready=True bytes=22273734
[2658/3852] 10b17934-3938-2467-8959-93297ad1b22d-3 generated ready=True bytes=11282979
[2659/3852] 0cac7536-8d6f-2d13-8dc2-2f9d7aa62dc4-2 generated ready=True bytes=11027609
[2660/3852] 47319774-f9f7-2a1a-9412-d4a1c89c8aa3-3 generated ready=True bytes=36748401
[2661/3852] 47319774-f9f7-2a1a-9412-d4a1c89c8aa3-1 generated ready=True bytes=36783977
[2662/3852] 47319774-f9f7-2a1a-9412-d4a1c89c8aa3-2 generated ready=True bytes=29056688
[2663/3852] c6707938-2ecb-2de2-811c-69f6f7a0e638-1 generated ready=True bytes=36738208
[2664/3852] c6707938-2ecb-2de2-811c-69f6f7a0e638-2 generated ready=True bytes=29036659
[2665/3852] 0cac7536-8d6f-2d13-8dc2-2f9d7aa62dc4-1 generated ready=True bytes=36778541
[2666/3852] 0cac7623-8d6f-2d13-8da0-462e7fc0bea2-1 generated ready=True bytes=16469523
[2667/3852] c6707938-2ecb-2de2-811c-69f6f7a0e638-5 generated ready=True bytes=16040007
[2668/3852] 0cac7623-8d6f-2d13-8da0-462e7fc0bea2-3 generated ready=True bytes=7355196
[2669/3852] c7895f23-339c-2d13-818e-2375ea0ba6d6-1 generated ready=True bytes=16442464
[2670/3852] c6707938-2ecb-2de2-811c-69f6f7a0e638-3 generated ready=True bytes=29071447
[2671/3852] 0cac7623-8d6f-2d13-8da0-462e7fc0bea2-2 generated ready=True bytes=22287312
[2672/3852] c7895f23-339c-2d13-818e-2375ea0ba6d6-2 generated ready=True bytes=11569060
[2673/3852] fcf66db0-622d-291c-8734-2a41fae7deb2-1 generated ready=True bytes=29040149
too few visible objects, scene missalignment possible
[2674/3852] fcf66db0-622d-291c-8734-2a41fae7deb2-2 missing_output ready=False bytes=0
[2675/3852] c7895f23-339c-2d13-818e-2375ea0ba6d6-4 generated ready=True bytes=7637216
[2676/3852] 22312382-b828-2c09-9267-bad5dd60ac79-1 generated ready=True bytes=16440067
[2677/3852] c7895f23-339c-2d13-818e-2375ea0ba6d6-3 generated ready=True bytes=16443358
[2678/3852] 7ab2a9c7-ebc6-2056-8973-f34c559f7e0d-2 generated ready=True bytes=11035621
[2679/3852] c6707938-2ecb-2de2-811c-69f6f7a0e638-4 generated ready=True bytes=36778695
[2680/3852] 1776ad76-4db7-2333-8ab2-6de6191f3d11-1 generated ready=True bytes=36744615
[2681/3852] 1776ad76-4db7-2333-8ab2-6de6191f3d11-3 generated ready=True bytes=22271259
[2682/3852] 7ab2a9c7-ebc6-2056-8973-f34c559f7e0d-1 generated ready=True bytes=36784986
[2683/3852] 0ad2d3a5-79e2-2212-9a9e-2502a05fa678-2 generated ready=True bytes=16445954
[2684/3852] 47319778-f9f7-2a1a-9684-445309ac8cf9-1 generated ready=True bytes=36747348
[2685/3852] 47319778-f9f7-2a1a-9684-445309ac8cf9-2 generated ready=True bytes=29039886
[2686/3852] 0ad2d3a5-79e2-2212-9a9e-2502a05fa678-1 generated ready=True bytes=16463349
[2687/3852] 1776ad76-4db7-2333-8ab2-6de6191f3d11-2 generated ready=True bytes=29057023
[2688/3852] 0f2f2719-b736-2f71-8e3e-46490f5fe5fe-2 generated ready=True bytes=29037314
[2689/3852] 47319778-f9f7-2a1a-9684-445309ac8cf9-3 generated ready=True bytes=36773374
[2690/3852] 0f2f2719-b736-2f71-8e3e-46490f5fe5fe-1 generated ready=True bytes=28911993
[2691/3852] 4acaebcc-6c10-2a2a-858b-29c7e4fb410d-3 generated ready=True bytes=28941524
[2692/3852] 4acaebcc-6c10-2a2a-858b-29c7e4fb410d-2 generated ready=True bytes=36840643
[2693/3852] bf9a3db6-45a5-2e80-825a-e599db74ba26-2 generated ready=True bytes=22277189
[2694/3852] bf9a3db6-45a5-2e80-825a-e599db74ba26-3 generated ready=True bytes=29021947
[2695/3852] bf9a3db6-45a5-2e80-825a-e599db74ba26-4 generated ready=True bytes=21983138
[2696/3852] 0f2f2719-b736-2f71-8e3e-46490f5fe5fe-3 generated ready=True bytes=29057753
[2697/3852] bf9a3db6-45a5-2e80-825a-e599db74ba26-1 generated ready=True bytes=29058025
[2698/3852] 4acaebcc-6c10-2a2a-858b-29c7e4fb410d-1 generated ready=True bytes=36800884
[2699/3852] 43b8cae5-6678-2e38-98db-a2d49b1ecdfb-3 generated ready=True bytes=7365613
[2700/3852] c7895f88-339c-2d13-80f8-a904e8f2fff0-2 generated ready=True bytes=16297504
[2701/3852] 43b8cae5-6678-2e38-98db-a2d49b1ecdfb-1 generated ready=True bytes=29029258
[2702/3852] c7895f88-339c-2d13-80f8-a904e8f2fff0-1 generated ready=True bytes=16460278
[2703/3852] 43b8cae5-6678-2e38-98db-a2d49b1ecdfb-2 generated ready=True bytes=29079774
too few visible objects, scene missalignment possible
[2704/3852] 4a9a43d8-7736-2874-86fc-098deb94c868-1 missing_output ready=False bytes=0
[2705/3852] c92fb5b1-f771-2064-8492-1233552bf94d-1 generated ready=True bytes=28904566
[2706/3852] c92fb5b1-f771-2064-8492-1233552bf94d-3 generated ready=True bytes=29076860
[2707/3852] c92fb5b1-f771-2064-8492-1233552bf94d-2 generated ready=True bytes=36764297
[2708/3852] b1cf996a-9fdd-2189-95b2-2a97331daf35-3 generated ready=True bytes=29059892
[2709/3852] a8952595-9035-254b-8c74-9c22ced19216-1 generated ready=True bytes=29047760
[2710/3852] b1cf996a-9fdd-2189-95b2-2a97331daf35-2 generated ready=True bytes=36845859
[2711/3852] 6bde605b-9162-246f-8f73-3a0e3627db01-2 generated ready=True bytes=29022309
[2712/3852] 50e7c0ad-0730-2a5f-8635-252404ee82e0-2 generated ready=True bytes=22272241
[2713/3852] 6bde605b-9162-246f-8f73-3a0e3627db01-1 generated ready=True bytes=36728935
[2714/3852] 50e7c0ad-0730-2a5f-8635-252404ee82e0-3 generated ready=True bytes=36761380
[2715/3852] 50e7c0ad-0730-2a5f-8635-252404ee82e0-5 generated ready=True bytes=29031805
[2716/3852] 50e7c0ad-0730-2a5f-8635-252404ee82e0-1 generated ready=True bytes=22156211
[2717/3852] 50e7c0ad-0730-2a5f-8635-252404ee82e0-4 generated ready=True bytes=22298992
[2718/3852] 87e6cf79-9d1a-289f-845c-abe4deb8642f-2 generated ready=True bytes=22137093
[2719/3852] b1cf996a-9fdd-2189-95b2-2a97331daf35-1 generated ready=True bytes=36887749
[2720/3852] 8eabc45a-5af7-2f32-85ed-572ae21920df-1 generated ready=True bytes=11580724
[2721/3852] 87e6cf79-9d1a-289f-845c-abe4deb8642f-1 generated ready=True bytes=16463498
[2722/3852] 8eabc45a-5af7-2f32-85ed-572ae21920df-5 generated ready=True bytes=16452841
[2723/3852] 8eabc45a-5af7-2f32-85ed-572ae21920df-3 generated ready=True bytes=16460908
[2724/3852] 8eabc45a-5af7-2f32-85ed-572ae21920df-4 generated ready=True bytes=16460103
[2725/3852] 8eabc45a-5af7-2f32-85ed-572ae21920df-6 generated ready=True bytes=11579936
[2726/3852] 8eabc45a-5af7-2f32-85ed-572ae21920df-2 generated ready=True bytes=16470884
[2727/3852] 4a9a43e0-7736-2874-87ac-c589da4d0f00-1 generated ready=True bytes=36881332
[2728/3852] 4a9a43e0-7736-2874-87ac-c589da4d0f00-4 generated ready=True bytes=29137663
[2729/3852] 8e0f1c37-9e28-2339-85b0-6a08741718f7-2 generated ready=True bytes=7654887
[2730/3852] 4a9a43e0-7736-2874-87ac-c589da4d0f00-2 generated ready=True bytes=22490948
[2731/3852] 4a9a43e0-7736-2874-87ac-c589da4d0f00-3 generated ready=True bytes=36869112
[2732/3852] 8e0f1c37-9e28-2339-85b0-6a08741718f7-1 generated ready=True bytes=36754763
too few visible objects, scene missalignment possible
[2733/3852] 0cac75a7-8d6f-2d13-8fdc-083ff44d10fb-3 missing_output ready=False bytes=0
[2734/3852] 0cac75a7-8d6f-2d13-8fdc-083ff44d10fb-1 generated ready=True bytes=36744064
[2735/3852] 0cac75a7-8d6f-2d13-8fdc-083ff44d10fb-2 generated ready=True bytes=29064101
[2736/3852] 1d234018-e280-2b1a-8f22-da2b997865e8-1 generated ready=True bytes=36795061
[2737/3852] 8e0f1c37-9e28-2339-85b0-6a08741718f7-3 generated ready=True bytes=29120629
[2738/3852] 1d234018-e280-2b1a-8f22-da2b997865e8-3 generated ready=True bytes=36773061
[2739/3852] 1d234018-e280-2b1a-8f22-da2b997865e8-4 generated ready=True bytes=11070759
[2740/3852] 55551091-36f1-29c0-8bae-687acbf664a0-1 generated ready=True bytes=29055898
[2741/3852] 55551091-36f1-29c0-8bae-687acbf664a0-3 generated ready=True bytes=29072204
[2742/3852] 55551091-36f1-29c0-8bae-687acbf664a0-4 generated ready=True bytes=22324594
[2743/3852] 55551091-36f1-29c0-8bae-687acbf664a0-5 generated ready=True bytes=11600005
[2744/3852] 0cac7635-8d6f-2d13-8ea5-25f4dc197d1d-1 generated ready=True bytes=16449859
[2745/3852] 55551091-36f1-29c0-8bae-687acbf664a0-2 generated ready=True bytes=29101885
[2746/3852] 1d234018-e280-2b1a-8f22-da2b997865e8-2 generated ready=True bytes=36925573
[2747/3852] 0cac7635-8d6f-2d13-8ea5-25f4dc197d1d-3 generated ready=True bytes=22267232
[2748/3852] 0cac7635-8d6f-2d13-8ea5-25f4dc197d1d-4 generated ready=True bytes=29035474
[2749/3852] 0cac7635-8d6f-2d13-8ea5-25f4dc197d1d-5 generated ready=True bytes=7360737
[2750/3852] 0cac7621-8d6f-2d13-8cb1-ac43b90f4141-1 generated ready=True bytes=22264446
[2751/3852] 55551091-36f1-29c0-8bae-687acbf664a0-6 generated ready=True bytes=29071643
[2752/3852] 0cac7621-8d6f-2d13-8cb1-ac43b90f4141-3 generated ready=True bytes=7345683
[2753/3852] 0cac7635-8d6f-2d13-8ea5-25f4dc197d1d-2 generated ready=True bytes=29047985
[2754/3852] 75c2598b-9ca2-2844-967d-a16c92acf4ea-1 generated ready=True bytes=22287358
[2755/3852] b8837e21-57ec-29c6-891b-6b94255462c3-1 generated ready=True bytes=29063015
[2756/3852] 0cac7621-8d6f-2d13-8cb1-ac43b90f4141-2 generated ready=True bytes=36735430
[2757/3852] 73315a27-185c-2c8a-848a-46d989c1112a-1 generated ready=True bytes=36831134
[2758/3852] 73315a27-185c-2c8a-848a-46d989c1112a-3 generated ready=True bytes=36854965
[2759/3852] 73315a27-185c-2c8a-848a-46d989c1112a-4 generated ready=True bytes=36845052
[2760/3852] a8952591-9035-254b-8f0a-d23a65253b5f-1 generated ready=True bytes=16455752
[2761/3852] a8952591-9035-254b-8f0a-d23a65253b5f-2 generated ready=True bytes=7207317
[2762/3852] 73315a27-185c-2c8a-848a-46d989c1112a-2 generated ready=True bytes=36957786
[2763/3852] 73315a27-185c-2c8a-848a-46d989c1112a-5 generated ready=True bytes=22154464
[2764/3852] a0906006-66f7-2272-9e46-51000ffe6623-2 generated ready=True bytes=36742535
[2765/3852] a0906006-66f7-2272-9e46-51000ffe6623-1 generated ready=True bytes=16498730
[2766/3852] d63767c1-3205-226c-9a47-70f388b93739-2 generated ready=True bytes=11577068
[2767/3852] d63767c1-3205-226c-9a47-70f388b93739-4 generated ready=True bytes=11572019
too few visible objects, scene missalignment possible
[2768/3852] d63767c1-3205-226c-9a47-70f388b93739-5 missing_output ready=False bytes=0
too few visible objects, scene missalignment possible
[2769/3852] ad408c93-84db-2095-8829-6100d1b70d80-1 missing_output ready=False bytes=0
[2770/3852] d63767c1-3205-226c-9a47-70f388b93739-1 generated ready=True bytes=29047281
[2771/3852] ad408c93-84db-2095-8829-6100d1b70d80-2 generated ready=True bytes=16445702
[2772/3852] d63767c1-3205-226c-9a47-70f388b93739-3 generated ready=True bytes=29037689
[2773/3852] a0906006-66f7-2272-9e46-51000ffe6623-3 generated ready=True bytes=22315201
[2774/3852] ad408c93-84db-2095-8829-6100d1b70d80-4 generated ready=True bytes=22278753
[2775/3852] ad408c93-84db-2095-8829-6100d1b70d80-3 generated ready=True bytes=29027884
[2776/3852] 569d8f11-72aa-2f24-88ea-bd6aa4f1d84c-2 generated ready=True bytes=29052263
too few visible objects, scene missalignment possible
[2777/3852] 569d8f11-72aa-2f24-88ea-bd6aa4f1d84c-5 missing_output ready=False bytes=0
[2778/3852] 569d8f11-72aa-2f24-88ea-bd6aa4f1d84c-4 generated ready=True bytes=22282125
[2779/3852] 5ed77dd8-c4f5-27a0-85c7-c9cfc4feb6dd-1 generated ready=True bytes=36759717
[2780/3852] 5ed77dd8-c4f5-27a0-85c7-c9cfc4feb6dd-3 generated ready=True bytes=22175509
[2781/3852] 5ed77dd8-c4f5-27a0-85c7-c9cfc4feb6dd-2 generated ready=True bytes=36785732
[2782/3852] 5ed77dd8-c4f5-27a0-85c7-c9cfc4feb6dd-4 generated ready=True bytes=36792585
[2783/3852] 569d8f11-72aa-2f24-88ea-bd6aa4f1d84c-3 generated ready=True bytes=29062189
[2784/3852] 5ed77dd8-c4f5-27a0-85c7-c9cfc4feb6dd-5 generated ready=True bytes=29106929
[2785/3852] 5ed77dd8-c4f5-27a0-85c7-c9cfc4feb6dd-6 generated ready=True bytes=36825225
[2786/3852] d9725be3-7513-2d91-853f-22df440e48a3-1 generated ready=True bytes=29031943
[2787/3852] d9725be3-7513-2d91-853f-22df440e48a3-2 generated ready=True bytes=11572974
[2788/3852] 569d8f11-72aa-2f24-88ea-bd6aa4f1d84c-1 generated ready=True bytes=36752834
[2789/3852] 5ed77dd8-c4f5-27a0-85c7-c9cfc4feb6dd-7 generated ready=True bytes=36801383
[2790/3852] 5ed77dd8-c4f5-27a0-85c7-c9cfc4feb6dd-8 generated ready=True bytes=36827908
[2791/3852] 5ed77dd4-c4f5-27a0-8476-f3048ea53ef5-3 generated ready=True bytes=29074854
[2792/3852] 5ed77dd4-c4f5-27a0-8476-f3048ea53ef5-1 generated ready=True bytes=36791564
[2793/3852] 5ed77dd4-c4f5-27a0-8476-f3048ea53ef5-4 generated ready=True bytes=22295070
[2794/3852] 5ed77dd4-c4f5-27a0-8476-f3048ea53ef5-5 generated ready=True bytes=29100592
[2795/3852] 77361fbe-d054-2a22-885b-a5437892d854-1 generated ready=True bytes=28900417
[2796/3852] 5ed77dd4-c4f5-27a0-8476-f3048ea53ef5-2 generated ready=True bytes=29008485
[2797/3852] 5ed77dd4-c4f5-27a0-8476-f3048ea53ef5-6 generated ready=True bytes=29084650
[2798/3852] 8eabc44b-5af7-2f32-8553-18fd693ab49f-1 generated ready=True bytes=36718262
[2799/3852] 8eabc44b-5af7-2f32-8553-18fd693ab49f-4 generated ready=True bytes=7200919
[2800/3852] d7d40d48-7a5d-2b36-97ad-692c9b56b508-1 generated ready=True bytes=36711944
[2801/3852] d7d40d48-7a5d-2b36-97ad-692c9b56b508-2 generated ready=True bytes=16009284
[2802/3852] 5ed77dd4-c4f5-27a0-8476-f3048ea53ef5-7 generated ready=True bytes=36755497
[2803/3852] 8eabc44b-5af7-2f32-8553-18fd693ab49f-3 generated ready=True bytes=22271585
[2804/3852] 8eabc44b-5af7-2f32-8553-18fd693ab49f-2 generated ready=True bytes=29033896
[2805/3852] b1d87fb4-e72e-2c8c-9ddc-75cf44f9984c-2 generated ready=True bytes=36761949
[2806/3852] bcb0fe13-4f39-2c70-9fdd-eff98a9fbf7e-1 generated ready=True bytes=16468790
[2807/3852] b1d87fb4-e72e-2c8c-9ddc-75cf44f9984c-1 generated ready=True bytes=36769307
[2808/3852] b1d87fb4-e72e-2c8c-9ddc-75cf44f9984c-3 generated ready=True bytes=36779445
[2809/3852] 09582248-e2c2-2de1-94ff-edbe78c9c0b4-1 generated ready=True bytes=29035749
[2810/3852] bcb0fe13-4f39-2c70-9fdd-eff98a9fbf7e-3 generated ready=True bytes=29026998
[2811/3852] 09582248-e2c2-2de1-94ff-edbe78c9c0b4-2 generated ready=True bytes=7525925
[2812/3852] bcb0fe13-4f39-2c70-9fdd-eff98a9fbf7e-2 generated ready=True bytes=22296053
[2813/3852] bcb0fe13-4f39-2c70-9fdd-eff98a9fbf7e-4 generated ready=True bytes=29045958
[2814/3852] 352e9c40-69fb-27a7-8a6d-d2ca32644e09-3 generated ready=True bytes=11141441
too few visible objects, scene missalignment possible
[2815/3852] a0905fdf-66f7-2272-9c4c-e2390af0546d-1 missing_output ready=False bytes=0
[2816/3852] 352e9c40-69fb-27a7-8a6d-d2ca32644e09-1 generated ready=True bytes=29022918
[2817/3852] a0905fdf-66f7-2272-9c4c-e2390af0546d-2 generated ready=True bytes=22276373
[2818/3852] a0905fdf-66f7-2272-9c4c-e2390af0546d-3 generated ready=True bytes=16468741
[2819/3852] 6ed384fe-7db9-2d45-8086-01bab3279730-1 generated ready=True bytes=29028735
[2820/3852] 352e9c40-69fb-27a7-8a6d-d2ca32644e09-2 generated ready=True bytes=29027285
[2821/3852] a0905fdf-66f7-2272-9c4c-e2390af0546d-5 generated ready=True bytes=16032513
[2822/3852] 6ed384fe-7db9-2d45-8086-01bab3279730-3 generated ready=True bytes=29017554
[2823/3852] 6ed384fe-7db9-2d45-8086-01bab3279730-4 generated ready=True bytes=7053352
[2824/3852] 6ed384fe-7db9-2d45-8086-01bab3279730-2 generated ready=True bytes=22272639
[2825/3852] a0905fdf-66f7-2272-9c4c-e2390af0546d-4 generated ready=True bytes=22282049
[2826/3852] 4e858c85-fd93-2cb4-87e4-8d8ff1f31652-1 generated ready=True bytes=16463961
[2827/3852] 4e858c85-fd93-2cb4-87e4-8d8ff1f31652-3 generated ready=True bytes=16458931
[2828/3852] fcf66dac-622d-291c-8542-d108fb4a91f5-2 generated ready=True bytes=29027881
[2829/3852] 4e858c85-fd93-2cb4-87e4-8d8ff1f31652-4 generated ready=True bytes=11444108
[2830/3852] 4e858c85-fd93-2cb4-87e4-8d8ff1f31652-2 generated ready=True bytes=16464531
[2831/3852] fcf66dac-622d-291c-8542-d108fb4a91f5-1 generated ready=True bytes=36751848
[2832/3852] fcf66dac-622d-291c-8542-d108fb4a91f5-3 generated ready=True bytes=16175061
[2833/3852] 0cf75f50-564d-23f5-8a6b-cf1f98afcbce-4 generated ready=True bytes=11165044
[2834/3852] 0cf75f50-564d-23f5-8a6b-cf1f98afcbce-2 generated ready=True bytes=29075212
[2835/3852] 0cf75f50-564d-23f5-8a6b-cf1f98afcbce-1 generated ready=True bytes=29117684
[2836/3852] 0cf75f50-564d-23f5-8a6b-cf1f98afcbce-3 generated ready=True bytes=29076856
[2837/3852] 751a559f-fe61-2c3b-8cec-258075450954-4 generated ready=True bytes=36867941
[2838/3852] 751a559f-fe61-2c3b-8cec-258075450954-3 generated ready=True bytes=36886663
[2839/3852] 751a559f-fe61-2c3b-8cec-258075450954-2 generated ready=True bytes=29202411
[2840/3852] 751a559f-fe61-2c3b-8cec-258075450954-1 generated ready=True bytes=36942107
[2841/3852] 422885e5-192d-25fc-871f-83fa4d7af432-1 generated ready=True bytes=22298314
[2842/3852] 422885e5-192d-25fc-871f-83fa4d7af432-2 generated ready=True bytes=29073233
[2843/3852] c92fb573-f771-2064-87cc-2fd7faae29e0-1 generated ready=True bytes=29039773
[2844/3852] c92fb573-f771-2064-87cc-2fd7faae29e0-2 generated ready=True bytes=11004992
[2845/3852] 8eabc42e-5af7-2f32-862f-b120deba1f93-1 generated ready=True bytes=22134525
[2846/3852] 8eabc42e-5af7-2f32-862f-b120deba1f93-2 generated ready=True bytes=29049339
[2847/3852] 2e369527-e133-204c-91cc-bb874b8fd4ae-1 generated ready=True bytes=36808084
[2848/3852] 8eabc42e-5af7-2f32-862f-b120deba1f93-4 generated ready=True bytes=7059885
[2849/3852] c92fb5a2-f771-2064-8557-1dcf9c0e31a8-1 generated ready=True bytes=29040359
[2850/3852] 8eabc42e-5af7-2f32-862f-b120deba1f93-3 generated ready=True bytes=36733434
[2851/3852] 751a559f-fe61-2c3b-8cec-258075450954-6 generated ready=True bytes=29001016
[2852/3852] 5630cfc9-12bf-2860-84ed-5bb189f0e94e-1 generated ready=True bytes=36766045
[2853/3852] 751a559f-fe61-2c3b-8cec-258075450954-5 generated ready=True bytes=36843113
[2854/3852] 5630cfc9-12bf-2860-84ed-5bb189f0e94e-2 generated ready=True bytes=16501158
[2855/3852] 5630cfc9-12bf-2860-84ed-5bb189f0e94e-4 generated ready=True bytes=16359929
[2856/3852] 75c2599b-9ca2-2844-9683-a503346d840a-1 generated ready=True bytes=29045211
[2857/3852] 5630cfc9-12bf-2860-84ed-5bb189f0e94e-3 generated ready=True bytes=36761022
[2858/3852] bcb0fe33-4f39-2c70-9cb1-081014d8a9b8-1 generated ready=True bytes=36727421
[2859/3852] bcb0fe33-4f39-2c70-9cb1-081014d8a9b8-3 generated ready=True bytes=22279304
[2860/3852] 1d234016-e280-2b1a-8c7c-ce441e1ebb0f-1 generated ready=True bytes=11132414
[2861/3852] 4d3d82a4-8cf4-2e04-8144-95d355266160-1 generated ready=True bytes=22278769
[2862/3852] 75c2599b-9ca2-2844-9683-a503346d840a-2 generated ready=True bytes=29063913
[2863/3852] bcb0fe33-4f39-2c70-9cb1-081014d8a9b8-2 generated ready=True bytes=29053738
[2864/3852] 55551083-36f1-29c0-8876-7e0b46d7996d-3 generated ready=True bytes=22299697
[2865/3852] 501ebf0f-a3bb-263f-867d-7c2af21b54d0-1 generated ready=True bytes=29080631
[2866/3852] 55551083-36f1-29c0-8876-7e0b46d7996d-1 generated ready=True bytes=28908033
[2867/3852] 09582205-e2c2-2de1-9475-1cdac7639e60-1 generated ready=True bytes=16479997
[2868/3852] 10b17967-3938-2467-88c5-a299519f9ad7-1 generated ready=True bytes=36729272
[2869/3852] 09582205-e2c2-2de1-9475-1cdac7639e60-2 generated ready=True bytes=11041203
[2870/3852] 55551083-36f1-29c0-8876-7e0b46d7996d-2 generated ready=True bytes=36764920
[2871/3852] 10b17967-3938-2467-88c5-a299519f9ad7-2 generated ready=True bytes=22263195
[2872/3852] c92fb58e-f771-2064-85ec-a3446ebee692-3 generated ready=True bytes=36780179
[2873/3852] c92fb58e-f771-2064-85ec-a3446ebee692-4 generated ready=True bytes=11460652
[2874/3852] 02b33df9-be2b-2d54-9062-1253be3ce186-1 generated ready=True bytes=7633228
[2875/3852] 02b33df9-be2b-2d54-9062-1253be3ce186-2 generated ready=True bytes=22270305
[2876/3852] c92fb58e-f771-2064-85ec-a3446ebee692-2 generated ready=True bytes=36787070
[2877/3852] 2e36955f-e133-204c-9372-e883fa503f74-1 generated ready=True bytes=22292480
[2878/3852] 02b33df9-be2b-2d54-9062-1253be3ce186-3 generated ready=True bytes=22264519
[2879/3852] b8837e18-57ec-29c6-8919-d767d4811461-1 generated ready=True bytes=16068912
[2880/3852] c92fb58e-f771-2064-85ec-a3446ebee692-5 generated ready=True bytes=36742362
[2881/3852] 2e36955f-e133-204c-9372-e883fa503f74-2 generated ready=True bytes=11018712
[2882/3852] 0cac75c4-8d6f-2d13-8c37-fcfaf141ae5a-2 generated ready=True bytes=7669776
too few visible objects, scene missalignment possible
[2883/3852] 0cac75c4-8d6f-2d13-8c37-fcfaf141ae5a-4 missing_output ready=False bytes=0
[2884/3852] 0cac75c4-8d6f-2d13-8c37-fcfaf141ae5a-3 generated ready=True bytes=11586284
[2885/3852] 0cac75c4-8d6f-2d13-8c37-fcfaf141ae5a-1 generated ready=True bytes=36737729
[2886/3852] c92fb58e-f771-2064-85ec-a3446ebee692-1 generated ready=True bytes=36839395
[2887/3852] 0f2f2711-b736-2f71-8c6a-245a9d820a8c-2 generated ready=True bytes=29043013
[2888/3852] 0f2f2711-b736-2f71-8c6a-245a9d820a8c-4 generated ready=True bytes=22275519
[2889/3852] 0f2f2711-b736-2f71-8c6a-245a9d820a8c-3 generated ready=True bytes=22291233
[2890/3852] 0f2f2711-b736-2f71-8c6a-245a9d820a8c-1 generated ready=True bytes=36782935
[2891/3852] 5341b7bf-8a66-2cdd-8794-026113b7c312-2 generated ready=True bytes=22288067
[2892/3852] 0f2f2711-b736-2f71-8c6a-245a9d820a8c-6 generated ready=True bytes=16471636
[2893/3852] 5341b7bf-8a66-2cdd-8794-026113b7c312-3 generated ready=True bytes=22285822
[2894/3852] 5341b7bf-8a66-2cdd-8794-026113b7c312-1 generated ready=True bytes=36753152
[2895/3852] 5341b7bf-8a66-2cdd-8794-026113b7c312-4 generated ready=True bytes=36733970
[2896/3852] 5341b7bf-8a66-2cdd-8794-026113b7c312-5 generated ready=True bytes=22141813
[2897/3852] 751a55a1-fe61-2c3b-8df5-925bfeac2496-1 generated ready=True bytes=36940307
[2898/3852] 0f2f2711-b736-2f71-8c6a-245a9d820a8c-5 generated ready=True bytes=28932836
[2899/3852] 751a55a1-fe61-2c3b-8df5-925bfeac2496-2 generated ready=True bytes=37026369
[2900/3852] 751a55a1-fe61-2c3b-8df5-925bfeac2496-4 generated ready=True bytes=36906568
[2901/3852] 751a55a1-fe61-2c3b-8df5-925bfeac2496-5 generated ready=True bytes=36885888
[2902/3852] 751a55a1-fe61-2c3b-8df5-925bfeac2496-3 generated ready=True bytes=37059113
[2903/3852] 751a55a1-fe61-2c3b-8df5-925bfeac2496-6 generated ready=True bytes=16291163
[2904/3852] 19eda6f4-55aa-29a0-8893-8eac3a4d8193-1 generated ready=True bytes=36851142
[2905/3852] 77361fc6-d054-2a22-8971-e4faf5504a44-2 generated ready=True bytes=16491112
[2906/3852] 77361fc6-d054-2a22-8971-e4faf5504a44-1 generated ready=True bytes=36749892
[2907/3852] 19eda6f4-55aa-29a0-8893-8eac3a4d8193-3 generated ready=True bytes=29182732
[2908/3852] 19eda6f4-55aa-29a0-8893-8eac3a4d8193-4 generated ready=True bytes=29139294
[2909/3852] 19eda6f4-55aa-29a0-8893-8eac3a4d8193-2 generated ready=True bytes=36914667
[2910/3852] 19eda6f4-55aa-29a0-8893-8eac3a4d8193-5 generated ready=True bytes=36812988
[2911/3852] 19eda6f4-55aa-29a0-8893-8eac3a4d8193-7 generated ready=True bytes=22096400
[2912/3852] 9766cbfd-6321-2e2f-8348-7da212a30beb-1 generated ready=True bytes=36839109
[2913/3852] 19eda6f4-55aa-29a0-8893-8eac3a4d8193-6 generated ready=True bytes=36904928
[2914/3852] 2e369525-e133-204c-93ab-2b23ce5ef16e-1 generated ready=True bytes=29090025
[2915/3852] 9766cbfd-6321-2e2f-8348-7da212a30beb-4 generated ready=True bytes=28936637
[2916/3852] 9766cbfd-6321-2e2f-8348-7da212a30beb-2 generated ready=True bytes=36879863
[2917/3852] 9766cbfd-6321-2e2f-8348-7da212a30beb-5 generated ready=True bytes=36872937
[2918/3852] 9766cbfd-6321-2e2f-8348-7da212a30beb-3 generated ready=True bytes=36832146
[2919/3852] 9766cbfd-6321-2e2f-8348-7da212a30beb-8 generated ready=True bytes=16357122
[2920/3852] 9766cbfd-6321-2e2f-8348-7da212a30beb-9 generated ready=True bytes=36783112
[2921/3852] 9766cbfd-6321-2e2f-8348-7da212a30beb-7 generated ready=True bytes=36806583
[2922/3852] 9766cbfd-6321-2e2f-8348-7da212a30beb-6 generated ready=True bytes=36927422
[2923/3852] 9766cbfd-6321-2e2f-8348-7da212a30beb-a generated ready=True bytes=29091519
[2924/3852] 9766cbfd-6321-2e2f-8348-7da212a30beb-b generated ready=True bytes=29095328
[2925/3852] 1776ad88-4db7-2333-887f-8be533122e06-2 generated ready=True bytes=7345694
[2926/3852] 9766cbfd-6321-2e2f-8348-7da212a30beb-d generated ready=True bytes=29078728
[2927/3852] 9766cbfd-6321-2e2f-8348-7da212a30beb-c generated ready=True bytes=36812014
[2928/3852] 1776ad88-4db7-2333-887f-8be533122e06-1 generated ready=True bytes=22265975
[2929/3852] ab835fa7-54c6-29a1-997b-3804159c15ea-4 generated ready=True bytes=29075778
[2930/3852] ab835fa7-54c6-29a1-997b-3804159c15ea-1 generated ready=True bytes=29100668
[2931/3852] ab835fa7-54c6-29a1-997b-3804159c15ea-3 generated ready=True bytes=29086751
[2932/3852] ab835fa7-54c6-29a1-997b-3804159c15ea-2 generated ready=True bytes=29121248
[2933/3852] baf67395-8e94-22f8-8100-9c9d7ce1c2b7-1 generated ready=True bytes=22341736
[2934/3852] 0958224a-e2c2-2de1-950b-a53ea2cb660d-1 generated ready=True bytes=22276954
[2935/3852] ab835fa7-54c6-29a1-997b-3804159c15ea-5 generated ready=True bytes=36773346
[2936/3852] baf67395-8e94-22f8-8100-9c9d7ce1c2b7-3 generated ready=True bytes=36848980
[2937/3852] 0958224a-e2c2-2de1-950b-a53ea2cb660d-2 generated ready=True bytes=22025764
[2938/3852] 10b17971-3938-2467-8a86-2b42613aa7ec-1 generated ready=True bytes=22301418
[2939/3852] baf67395-8e94-22f8-8100-9c9d7ce1c2b7-2 generated ready=True bytes=29184375
[2940/3852] 10b17971-3938-2467-8a86-2b42613aa7ec-4 generated ready=True bytes=22318741
[2941/3852] 10b17971-3938-2467-8a86-2b42613aa7ec-3 generated ready=True bytes=29080512
[2942/3852] 10b17971-3938-2467-8a86-2b42613aa7ec-2 generated ready=True bytes=22311563
[2943/3852] 80b8588d-4a8d-222f-84c5-8c51b9af1c2f-1 generated ready=True bytes=22313151
[2944/3852] 10b17971-3938-2467-8a86-2b42613aa7ec-5 generated ready=True bytes=29063981
[2945/3852] 10b17971-3938-2467-8a86-2b42613aa7ec-6 generated ready=True bytes=36731084
[2946/3852] 10b17971-3938-2467-8a86-2b42613aa7ec-7 generated ready=True bytes=28905615
[2947/3852] 80b8588d-4a8d-222f-84c5-8c51b9af1c2f-2 generated ready=True bytes=28934080
[2948/3852] 80b8588d-4a8d-222f-84c5-8c51b9af1c2f-4 generated ready=True bytes=22057363
[2949/3852] 5555107d-36f1-29c0-896a-5c8ccfb81965-1 generated ready=True bytes=11580397
[2950/3852] 5555107d-36f1-29c0-896a-5c8ccfb81965-2 generated ready=True bytes=16467307
[2951/3852] 80b8588d-4a8d-222f-84c5-8c51b9af1c2f-3 generated ready=True bytes=36845387
[2952/3852] 569d8f15-72aa-2f24-8b0a-2a9bbe4c9a3d-3 generated ready=True bytes=29063605
[2953/3852] 09582246-e2c2-2de1-95ae-2afbd2e21231-1 generated ready=True bytes=29043679
[2954/3852] 09582246-e2c2-2de1-95ae-2afbd2e21231-2 generated ready=True bytes=11315619
[2955/3852] 569d8f15-72aa-2f24-8b0a-2a9bbe4c9a3d-1 generated ready=True bytes=36782716
[2956/3852] c6942e7f-695b-27bf-8145-4b47b41edad6-2 generated ready=True bytes=16451544
[2957/3852] 569d8f15-72aa-2f24-8b0a-2a9bbe4c9a3d-4 generated ready=True bytes=29069094
[2958/3852] 569d8f15-72aa-2f24-8b0a-2a9bbe4c9a3d-2 generated ready=True bytes=36782288
[2959/3852] c6942e7f-695b-27bf-8145-4b47b41edad6-1 generated ready=True bytes=22284165
[2960/3852] 7747a508-9431-24e8-863c-c53906506d8b-4 generated ready=True bytes=29201476
[2961/3852] 7747a508-9431-24e8-863c-c53906506d8b-2 generated ready=True bytes=36950507
[2962/3852] 7747a508-9431-24e8-863c-c53906506d8b-3 generated ready=True bytes=36941170
[2963/3852] 7747a508-9431-24e8-863c-c53906506d8b-1 generated ready=True bytes=36899483
[2964/3852] 1d23400c-e280-2b1a-8d36-1f20202baaf9-1 generated ready=True bytes=29041036
[2965/3852] 1d23400c-e280-2b1a-8d36-1f20202baaf9-4 generated ready=True bytes=11147920
[2966/3852] 1d23400c-e280-2b1a-8d36-1f20202baaf9-3 generated ready=True bytes=22280712
[2967/3852] d7d40d64-7a5d-2b36-9760-5e432257897d-1 generated ready=True bytes=16309746
[2968/3852] d7d40d64-7a5d-2b36-9760-5e432257897d-3 generated ready=True bytes=7057662
[2969/3852] d7d40d64-7a5d-2b36-9760-5e432257897d-2 generated ready=True bytes=22273868
[2970/3852] 68bae772-3567-2f7c-804c-d77a47cdc508-1 generated ready=True bytes=11579334
[2971/3852] 1d23400c-e280-2b1a-8d36-1f20202baaf9-2 generated ready=True bytes=29049196
too few visible objects, scene missalignment possible
[2972/3852] 68bae772-3567-2f7c-804c-d77a47cdc508-4 missing_output ready=False bytes=0
[2973/3852] 68bae772-3567-2f7c-804c-d77a47cdc508-3 generated ready=True bytes=22275314
[2974/3852] 68bae772-3567-2f7c-804c-d77a47cdc508-2 generated ready=True bytes=36731953
[2975/3852] b901681d-e754-293c-8cb3-22aae72dbd42-1 generated ready=True bytes=28903140
[2976/3852] b901681d-e754-293c-8cb3-22aae72dbd42-3 generated ready=True bytes=22292373
[2977/3852] b901681d-e754-293c-8cb3-22aae72dbd42-2 generated ready=True bytes=29050524
[2978/3852] 95be45dd-a558-22da-9de4-002d61e13deb-1 generated ready=True bytes=22260499
[2979/3852] 7747a508-9431-24e8-863c-c53906506d8b-5 generated ready=True bytes=37017335
[2980/3852] 95be45dd-a558-22da-9de4-002d61e13deb-2 generated ready=True bytes=22266398
[2981/3852] 75c259a5-9ca2-2844-9441-d72912c1e696-1 generated ready=True bytes=29054041
[2982/3852] 95be45dd-a558-22da-9de4-002d61e13deb-3 generated ready=True bytes=11431299
[2983/3852] 6bde6063-9162-246f-8fea-cf3292226c38-2 generated ready=True bytes=29015281
[2984/3852] 6bde6063-9162-246f-8fea-cf3292226c38-1 generated ready=True bytes=16449130
[2985/3852] 0cac75d6-8d6f-2d13-8dd7-26f14b02c0e7-2 generated ready=True bytes=22260460
[2986/3852] 0cac75d6-8d6f-2d13-8dd7-26f14b02c0e7-3 generated ready=True bytes=10998677
[2987/3852] 8eabc435-5af7-2f32-85c3-163c1fa6e280-1 generated ready=True bytes=28902413
[2988/3852] 8eabc435-5af7-2f32-85c3-163c1fa6e280-2 generated ready=True bytes=36760838
[2989/3852] 8eabc435-5af7-2f32-85c3-163c1fa6e280-4 generated ready=True bytes=10996981
[2990/3852] 75c259a5-9ca2-2844-9441-d72912c1e696-2 generated ready=True bytes=36779207
[2991/3852] 8eabc441-5af7-2f32-85e5-f1bd241503de-1 generated ready=True bytes=16457361
[2992/3852] 8eabc435-5af7-2f32-85c3-163c1fa6e280-3 generated ready=True bytes=36754436
[2993/3852] 8eabc441-5af7-2f32-85e5-f1bd241503de-2 generated ready=True bytes=22265387
too few visible objects, scene missalignment possible
[2994/3852] 8eabc441-5af7-2f32-85e5-f1bd241503de-5 missing_output ready=False bytes=0
[2995/3852] 2e36953b-e133-204c-931b-a2cf0f93fed6-1 generated ready=True bytes=6943280
[2996/3852] 8eabc441-5af7-2f32-85e5-f1bd241503de-4 generated ready=True bytes=16448366
[2997/3852] 75c25999-9ca2-2844-9761-7642c9829210-2 generated ready=True bytes=29023037
[2998/3852] 75c25999-9ca2-2844-9761-7642c9829210-3 generated ready=True bytes=7351549
[2999/3852] 8eabc441-5af7-2f32-85e5-f1bd241503de-3 generated ready=True bytes=29021144
[3000/3852] 75c25999-9ca2-2844-9761-7642c9829210-1 generated ready=True bytes=29038296
[3001/3852] 0cac75d6-8d6f-2d13-8dd7-26f14b02c0e7-1 generated ready=True bytes=29027394
[3002/3852] 6bde60ea-9162-246f-8e87-899570bd80e6-2 generated ready=True bytes=22327203
[3003/3852] 6bde60ea-9162-246f-8e87-899570bd80e6-4 generated ready=True bytes=36774558
[3004/3852] 6bde60ea-9162-246f-8e87-899570bd80e6-3 generated ready=True bytes=36816905
[3005/3852] 6bde60ea-9162-246f-8e87-899570bd80e6-5 generated ready=True bytes=36803323
[3006/3852] 6bde60ea-9162-246f-8e87-899570bd80e6-1 generated ready=True bytes=36829301
[3007/3852] 6bde60ea-9162-246f-8e87-899570bd80e6-8 generated ready=True bytes=22166756
[3008/3852] 6bde60ea-9162-246f-8e87-899570bd80e6-6 generated ready=True bytes=36790982
[3009/3852] a0905fee-66f7-2272-9d07-032a9a4e7cc9-1 generated ready=True bytes=29034440
[3010/3852] a0905fee-66f7-2272-9d07-032a9a4e7cc9-2 generated ready=True bytes=29026909
[3011/3852] 20c993b1-698f-29c5-865d-3a86c19acb3b-1 generated ready=True bytes=29022160
[3012/3852] 6bde60ea-9162-246f-8e87-899570bd80e6-7 generated ready=True bytes=36782898
[3013/3852] a0905fee-66f7-2272-9d07-032a9a4e7cc9-4 generated ready=True bytes=22273365
[3014/3852] 20c993b1-698f-29c5-865d-3a86c19acb3b-2 generated ready=True bytes=29031924
[3015/3852] 20c993b1-698f-29c5-865d-3a86c19acb3b-3 generated ready=True bytes=36743329
[3016/3852] 20c993b1-698f-29c5-865d-3a86c19acb3b-6 generated ready=True bytes=7213593
[3017/3852] 20c993b1-698f-29c5-865d-3a86c19acb3b-5 generated ready=True bytes=22283997
[3018/3852] a0905fee-66f7-2272-9d07-032a9a4e7cc9-3 generated ready=True bytes=36747692
[3019/3852] 68bae762-3567-2f7c-80f8-2d44a8d24782-2 generated ready=True bytes=22118460
[3020/3852] 20c993b1-698f-29c5-865d-3a86c19acb3b-4 generated ready=True bytes=29042828
[3021/3852] 68bae762-3567-2f7c-80f8-2d44a8d24782-1 generated ready=True bytes=29022418
[3022/3852] 569d8f0d-72aa-2f24-8ac6-c6ee8d927c4b-2 generated ready=True bytes=16493099
[3023/3852] 569d8f0d-72aa-2f24-8ac6-c6ee8d927c4b-3 generated ready=True bytes=29069658
[3024/3852] 569d8f0d-72aa-2f24-8ac6-c6ee8d927c4b-1 generated ready=True bytes=36798734
[3025/3852] 569d8f0d-72aa-2f24-8ac6-c6ee8d927c4b-5 generated ready=True bytes=29083744
[3026/3852] 569d8f0d-72aa-2f24-8ac6-c6ee8d927c4b-4 generated ready=True bytes=36793563
[3027/3852] 569d8f0d-72aa-2f24-8ac6-c6ee8d927c4b-6 generated ready=True bytes=29061239
[3028/3852] 0958224c-e2c2-2de1-948b-4417ac5f2711-1 generated ready=True bytes=16455942
[3029/3852] 569d8f0d-72aa-2f24-8ac6-c6ee8d927c4b-7 generated ready=True bytes=29066887
[3030/3852] 0958224c-e2c2-2de1-948b-4417ac5f2711-2 generated ready=True bytes=22144056
[3031/3852] c12890d5-d3df-2d0d-86d3-b8dac6bea6a9-1 generated ready=True bytes=36856607
[3032/3852] c12890d5-d3df-2d0d-86d3-b8dac6bea6a9-2 generated ready=True bytes=36819951
[3033/3852] c12890d5-d3df-2d0d-86d3-b8dac6bea6a9-3 generated ready=True bytes=22332186
[3034/3852] 569d8f0d-72aa-2f24-8ac6-c6ee8d927c4b-9 generated ready=True bytes=11041200
[3035/3852] 569d8f0d-72aa-2f24-8ac6-c6ee8d927c4b-8 generated ready=True bytes=22314229
[3036/3852] ad408c9d-84db-2095-89c7-8a54f6260252-1 generated ready=True bytes=22253543
[3037/3852] ad408c9d-84db-2095-89c7-8a54f6260252-2 generated ready=True bytes=29227426
[3038/3852] ad408c9d-84db-2095-89c7-8a54f6260252-3 generated ready=True bytes=36883892
[3039/3852] ad408c9d-84db-2095-89c7-8a54f6260252-5 generated ready=True bytes=36858877
[3040/3852] ad408c9d-84db-2095-89c7-8a54f6260252-4 generated ready=True bytes=29232513
[3041/3852] ad408c9d-84db-2095-89c7-8a54f6260252-7 generated ready=True bytes=29229090
[3042/3852] ad408c9d-84db-2095-89c7-8a54f6260252-8 generated ready=True bytes=36884574
[3043/3852] ad408c9d-84db-2095-89c7-8a54f6260252-a generated ready=True bytes=11132392
[3044/3852] ad408c9d-84db-2095-89c7-8a54f6260252-9 generated ready=True bytes=29068436
[3045/3852] 422885af-192d-25fc-8651-420062adb475-1 generated ready=True bytes=29053026
[3046/3852] 422885af-192d-25fc-8651-420062adb475-3 generated ready=True bytes=11007213
[3047/3852] 422885af-192d-25fc-8651-420062adb475-2 generated ready=True bytes=22290702
[3048/3852] 185d7419-3698-223c-8b18-2dccc08c66d9-1 generated ready=True bytes=16457327
[3049/3852] 185d7419-3698-223c-8b18-2dccc08c66d9-2 generated ready=True bytes=11571925
[3050/3852] bf9a3de1-45a5-2e80-8325-6cf2b519d40c-1 generated ready=True bytes=28897511
[3051/3852] bf9a3de1-45a5-2e80-8325-6cf2b519d40c-2 generated ready=True bytes=36751967
[3052/3852] 185d7419-3698-223c-8b18-2dccc08c66d9-3 generated ready=True bytes=36720400
[3053/3852] ad408c9d-84db-2095-89c7-8a54f6260252-6 generated ready=True bytes=37090613
[3054/3852] bf9a3de1-45a5-2e80-8325-6cf2b519d40c-4 generated ready=True bytes=36755276
[3055/3852] bf9a3de1-45a5-2e80-8325-6cf2b519d40c-5 generated ready=True bytes=22278305
[3056/3852] baf67399-8e94-22f8-81b1-900b40b196d7-2 generated ready=True bytes=16162061
[3057/3852] baf67399-8e94-22f8-81b1-900b40b196d7-1 generated ready=True bytes=22281619
[3058/3852] 41385867-a238-2435-8152-dc84ef14eae1-1 generated ready=True bytes=36737941
[3059/3852] bf9a3de1-45a5-2e80-8325-6cf2b519d40c-3 generated ready=True bytes=36826412
[3060/3852] 41385867-a238-2435-8152-dc84ef14eae1-2 generated ready=True bytes=36729975
[3061/3852] 352e9c55-69fb-27a7-8bac-3b46e5b77c10-1 generated ready=True bytes=22269860
[3062/3852] 634d11cb-6833-255d-8ff4-b1812575e7dd-3 generated ready=True bytes=11155969
[3063/3852] 352e9c55-69fb-27a7-8bac-3b46e5b77c10-2 generated ready=True bytes=29027687
[3064/3852] 634d11cb-6833-255d-8ff4-b1812575e7dd-2 generated ready=True bytes=22282239
[3065/3852] 352e9c55-69fb-27a7-8bac-3b46e5b77c10-3 generated ready=True bytes=7641502
[3066/3852] 634d11cb-6833-255d-8ff4-b1812575e7dd-1 generated ready=True bytes=29053355
[3067/3852] c92fb58c-f771-2064-8496-688a5baaf5c6-1 generated ready=True bytes=11572155
[3068/3852] c92fb58c-f771-2064-8496-688a5baaf5c6-2 generated ready=True bytes=11427869
[3069/3852] 352e9c55-69fb-27a7-8bac-3b46e5b77c10-5 generated ready=True bytes=11574248
[3070/3852] 352e9c55-69fb-27a7-8bac-3b46e5b77c10-4 generated ready=True bytes=22275288
[3071/3852] 6bde6059-9162-246f-8f04-3dc6f8624ad2-1 generated ready=True bytes=16029966
[3072/3852] 752cc576-920c-26f5-8f6b-040d544069b2-3 generated ready=True bytes=36824854
[3073/3852] 752cc576-920c-26f5-8f6b-040d544069b2-2 generated ready=True bytes=36865445
[3074/3852] 752cc576-920c-26f5-8f6b-040d544069b2-1 generated ready=True bytes=36859210
[3075/3852] 752cc576-920c-26f5-8f6b-040d544069b2-5 generated ready=True bytes=16536005
[3076/3852] 752cc576-920c-26f5-8f6b-040d544069b2-4 generated ready=True bytes=22366513
[3077/3852] 1776ad7a-4db7-2333-8afa-5fb5440b2edc-1 generated ready=True bytes=29019291
[3078/3852] 1776ad7a-4db7-2333-8afa-5fb5440b2edc-3 generated ready=True bytes=22263947
[3079/3852] ddc737b1-765b-241a-9c21-a4e2674b2853-1 generated ready=True bytes=22306623
[3080/3852] ddc737b1-765b-241a-9c21-a4e2674b2853-2 generated ready=True bytes=29050991
[3081/3852] 1776ad7a-4db7-2333-8afa-5fb5440b2edc-2 generated ready=True bytes=29026210
[3082/3852] ddc737b1-765b-241a-9c21-a4e2674b2853-3 generated ready=True bytes=29045048
[3083/3852] ddc737b1-765b-241a-9c21-a4e2674b2853-5 generated ready=True bytes=29048020
[3084/3852] 751a5590-fe61-2c3b-8dd8-414f615e5a97-2 generated ready=True bytes=36744418
[3085/3852] 751a5590-fe61-2c3b-8dd8-414f615e5a97-3 generated ready=True bytes=16037969
[3086/3852] ddc737b1-765b-241a-9c21-a4e2674b2853-4 generated ready=True bytes=36773616
[3087/3852] 751a5590-fe61-2c3b-8dd8-414f615e5a97-1 generated ready=True bytes=36798190
[3088/3852] 531cff08-0021-28f6-8e08-ba2eeb945e09-1 generated ready=True bytes=36965847
[3089/3852] 531cff08-0021-28f6-8e08-ba2eeb945e09-2 generated ready=True bytes=36905007
[3090/3852] 531cff08-0021-28f6-8e08-ba2eeb945e09-4 generated ready=True bytes=36888376
[3091/3852] 531cff08-0021-28f6-8e08-ba2eeb945e09-3 generated ready=True bytes=36929975
[3092/3852] 531cff08-0021-28f6-8e08-ba2eeb945e09-5 generated ready=True bytes=29143317
[3093/3852] 6ed38504-7db9-2d45-81b6-b57de59a603b-2 generated ready=True bytes=29071730
[3094/3852] 6ed38504-7db9-2d45-81b6-b57de59a603b-1 generated ready=True bytes=36776773
[3095/3852] 531cff08-0021-28f6-8e08-ba2eeb945e09-6 generated ready=True bytes=36914861
[3096/3852] 531cff08-0021-28f6-8e08-ba2eeb945e09-7 generated ready=True bytes=29192206
[3097/3852] 0cac757e-8d6f-2d13-8f1d-ef6123d53655-1 generated ready=True bytes=22282175
[3098/3852] 0cac757e-8d6f-2d13-8f1d-ef6123d53655-2 generated ready=True bytes=16459829
[3099/3852] 6ed38504-7db9-2d45-81b6-b57de59a603b-4 generated ready=True bytes=36782173
too few visible objects, scene missalignment possible
[3100/3852] 0cac757e-8d6f-2d13-8f1d-ef6123d53655-5 missing_output ready=False bytes=0
[3101/3852] 569d8f05-72aa-2f24-899c-58b243c8189d-1 generated ready=True bytes=22261528
[3102/3852] 569d8f05-72aa-2f24-899c-58b243c8189d-2 generated ready=True bytes=29034458
[3103/3852] 569d8f05-72aa-2f24-899c-58b243c8189d-3 generated ready=True bytes=29016063
[3104/3852] 0cac757e-8d6f-2d13-8f1d-ef6123d53655-4 generated ready=True bytes=11583558
[3105/3852] 0cac757e-8d6f-2d13-8f1d-ef6123d53655-3 generated ready=True bytes=22274818
[3106/3852] 6ed38504-7db9-2d45-81b6-b57de59a603b-3 generated ready=True bytes=29082365
[3107/3852] 6bde6079-9162-246f-8fad-d8f2358bd413-2 generated ready=True bytes=28903793
[3108/3852] 6bde6079-9162-246f-8fad-d8f2358bd413-1 generated ready=True bytes=29053822
[3109/3852] 4a9a43eb-7736-2874-862e-a4c23d88831f-1 generated ready=True bytes=22285140
[3110/3852] 77361fca-d054-2a22-8974-547ca1fbb90f-1 generated ready=True bytes=36725104
[3111/3852] 4a9a43eb-7736-2874-862e-a4c23d88831f-3 generated ready=True bytes=16469095
[3112/3852] 4a9a43eb-7736-2874-862e-a4c23d88831f-2 generated ready=True bytes=22292398
[3113/3852] 4a9a43eb-7736-2874-862e-a4c23d88831f-4 generated ready=True bytes=11452939
[3114/3852] 4a9a43eb-7736-2874-862e-a4c23d88831f-7 generated ready=True bytes=16475715
[3115/3852] 4a9a43eb-7736-2874-862e-a4c23d88831f-6 generated ready=True bytes=16483366
[3116/3852] 6a360525-fa53-2915-97f3-1be9b98cddb3-1 generated ready=True bytes=16455427
[3117/3852] 4a9a43eb-7736-2874-862e-a4c23d88831f-5 generated ready=True bytes=22297583
[3118/3852] 4a9a43eb-7736-2874-862e-a4c23d88831f-8 generated ready=True bytes=22293750
[3119/3852] 6a360525-fa53-2915-97f3-1be9b98cddb3-2 generated ready=True bytes=29028501
[3120/3852] ab835f7d-54c6-29a1-9aae-bf97735dd235-1 generated ready=True bytes=36809028
[3121/3852] c2d9934b-1947-2fbf-8133-76cf48000d74-2 generated ready=True bytes=7082327
[3122/3852] ab835f7d-54c6-29a1-9aae-bf97735dd235-3 generated ready=True bytes=29150307
[3123/3852] c2d9934b-1947-2fbf-8133-76cf48000d74-1 generated ready=True bytes=36783426
[3124/3852] 0a4b8ef6-a83a-21f2-8672-dce34dd0d7ca-1 generated ready=True bytes=36792405
[3125/3852] ab835f7d-54c6-29a1-9aae-bf97735dd235-2 generated ready=True bytes=36858034
[3126/3852] 0a4b8ef6-a83a-21f2-8672-dce34dd0d7ca-2 generated ready=True bytes=36812050
[3127/3852] e2847ff3-a506-2b60-876a-e16960aa5fb2-1 generated ready=True bytes=36781700
[3128/3852] 0a4b8ef6-a83a-21f2-8672-dce34dd0d7ca-3 generated ready=True bytes=36831555
[3129/3852] e2847ff3-a506-2b60-876a-e16960aa5fb2-2 generated ready=True bytes=29127422
[3130/3852] e2847ff3-a506-2b60-876a-e16960aa5fb2-3 generated ready=True bytes=36838050
[3131/3852] e2847ff3-a506-2b60-876a-e16960aa5fb2-5 generated ready=True bytes=36814128
[3132/3852] e2847ff3-a506-2b60-876a-e16960aa5fb2-4 generated ready=True bytes=36802282
[3133/3852] e2847ff3-a506-2b60-876a-e16960aa5fb2-6 generated ready=True bytes=29101508
[3134/3852] e2847ff3-a506-2b60-876a-e16960aa5fb2-7 generated ready=True bytes=11363025
[3135/3852] 751a5594-fe61-2c3b-8d40-d10f380079b3-3 generated ready=True bytes=22354921
[3136/3852] 751a5594-fe61-2c3b-8d40-d10f380079b3-2 generated ready=True bytes=22416334
[3137/3852] 751a5594-fe61-2c3b-8d40-d10f380079b3-4 generated ready=True bytes=29132765
[3138/3852] 751a5594-fe61-2c3b-8d40-d10f380079b3-6 generated ready=True bytes=36875023
[3139/3852] 422885de-192d-25fc-8753-c094c3aaae0b-1 generated ready=True bytes=37098048
[3140/3852] 751a5594-fe61-2c3b-8d40-d10f380079b3-1 generated ready=True bytes=36877882
[3141/3852] 422885de-192d-25fc-8753-c094c3aaae0b-2 generated ready=True bytes=37043351
[3142/3852] 422885de-192d-25fc-8753-c094c3aaae0b-3 generated ready=True bytes=37040456
[3143/3852] 422885de-192d-25fc-8753-c094c3aaae0b-5 generated ready=True bytes=36946520
[3144/3852] 422885de-192d-25fc-8753-c094c3aaae0b-4 generated ready=True bytes=36972671
[3145/3852] 422885de-192d-25fc-8753-c094c3aaae0b-6 generated ready=True bytes=37023405
[3146/3852] 751a5594-fe61-2c3b-8d40-d10f380079b3-5 generated ready=True bytes=36898262
[3147/3852] b1d87fb8-e72e-2c8c-9eda-712d51a0175f-3 generated ready=True bytes=11429749
[3148/3852] 422885de-192d-25fc-8753-c094c3aaae0b-7 generated ready=True bytes=29158775
[3149/3852] ad408ca5-84db-2095-884e-e84bf0bb16d7-1 generated ready=True bytes=7638429
[3150/3852] b1d87fb8-e72e-2c8c-9eda-712d51a0175f-1 generated ready=True bytes=29045671
[3151/3852] b1d87fb8-e72e-2c8c-9eda-712d51a0175f-2 generated ready=True bytes=36742776
[3152/3852] ad408ca5-84db-2095-884e-e84bf0bb16d7-2 generated ready=True bytes=22275101
[3153/3852] a0906000-66f7-2272-9dcf-c57990d8eab4-1 generated ready=True bytes=7648775
[3154/3852] a644cb9b-0ee5-2f66-9ee4-52027f9ba7d5-1 generated ready=True bytes=16483520
[3155/3852] a0906000-66f7-2272-9dcf-c57990d8eab4-3 generated ready=True bytes=7644595
[3156/3852] a644cb9b-0ee5-2f66-9ee4-52027f9ba7d5-2 generated ready=True bytes=16207464
[3157/3852] 6a36052b-fa53-2915-94fe-f6c908e61c52-1 generated ready=True bytes=16439725
[3158/3852] a0906000-66f7-2272-9dcf-c57990d8eab4-2 generated ready=True bytes=29047748
[3159/3852] a0906000-66f7-2272-9dcf-c57990d8eab4-4 generated ready=True bytes=11578639
[3160/3852] 6a36052b-fa53-2915-94fe-f6c908e61c52-3 generated ready=True bytes=16443672
too few visible objects, scene missalignment possible
[3161/3852] 355465d0-d29b-29f9-94f2-7707ac505bae-2 missing_output ready=False bytes=0
[3162/3852] 1d234006-e280-2b1a-8e34-b2f670259e8d-1 generated ready=True bytes=22260478
too few visible objects, scene missalignment possible
[3163/3852] 1d234006-e280-2b1a-8e34-b2f670259e8d-3 missing_output ready=False bytes=0
[3164/3852] 1d234006-e280-2b1a-8e34-b2f670259e8d-2 generated ready=True bytes=11574472
[3165/3852] 355465d0-d29b-29f9-94f2-7707ac505bae-1 generated ready=True bytes=11562860
[3166/3852] ad408cab-84db-2095-89c7-4a7d5aead447-2 generated ready=True bytes=7352586
[3167/3852] 20c9939b-698f-29c5-85a4-68c286bd7053-2 generated ready=True bytes=16457542
[3168/3852] 20c9939b-698f-29c5-85a4-68c286bd7053-1 generated ready=True bytes=22280042
[3169/3852] ad408cab-84db-2095-89c7-4a7d5aead447-1 generated ready=True bytes=29034815
[3170/3852] 10b1795b-3938-2467-88fe-b10cad8913f8-1 generated ready=True bytes=22270837
[3171/3852] 10b1795b-3938-2467-88fe-b10cad8913f8-3 generated ready=True bytes=16443571
[3172/3852] 10b1795b-3938-2467-88fe-b10cad8913f8-4 generated ready=True bytes=16154960
[3173/3852] 6a36052b-fa53-2915-94fe-f6c908e61c52-2 generated ready=True bytes=29019795
[3174/3852] 10b1795b-3938-2467-88fe-b10cad8913f8-2 generated ready=True bytes=29026359
[3175/3852] c12890d1-d3df-2d0d-868c-f9a62ca423f7-2 generated ready=True bytes=36832770
[3176/3852] c12890d1-d3df-2d0d-868c-f9a62ca423f7-4 generated ready=True bytes=29095951
[3177/3852] c12890d1-d3df-2d0d-868c-f9a62ca423f7-3 generated ready=True bytes=29120826
[3178/3852] 8e0f1c26-9e28-2339-8799-53c13e81d9ff-1 generated ready=True bytes=7629860
[3179/3852] 8e0f1c26-9e28-2339-8799-53c13e81d9ff-2 generated ready=True bytes=11564024
[3180/3852] c12890d1-d3df-2d0d-868c-f9a62ca423f7-1 generated ready=True bytes=29011303
[3181/3852] 8e0f1c26-9e28-2339-8799-53c13e81d9ff-4 generated ready=True bytes=11566000
[3182/3852] 8e0f1c26-9e28-2339-8799-53c13e81d9ff-5 generated ready=True bytes=22257331
[3183/3852] c12890d1-d3df-2d0d-868c-f9a62ca423f7-5 generated ready=True bytes=36778057
[3184/3852] 8e0f1c26-9e28-2339-8799-53c13e81d9ff-3 generated ready=True bytes=36713869
[3185/3852] c12890d1-d3df-2d0d-868c-f9a62ca423f7-6 generated ready=True bytes=16096342
[3186/3852] 0cac75c8-8d6f-2d13-8c08-b3c40c58e0f7-1 generated ready=True bytes=22296371
[3187/3852] 8e0f1c26-9e28-2339-8799-53c13e81d9ff-6 generated ready=True bytes=29016710
[3188/3852] 0cac75c8-8d6f-2d13-8c08-b3c40c58e0f7-2 generated ready=True bytes=29057121
[3189/3852] 0cac75c8-8d6f-2d13-8c08-b3c40c58e0f7-3 generated ready=True bytes=36741182
[3190/3852] e48c48f4-8b2f-2858-88c2-fd5e4c33f5b8-1 generated ready=True bytes=36856684
[3191/3852] e48c48f4-8b2f-2858-88c2-fd5e4c33f5b8-3 generated ready=True bytes=36868142
[3192/3852] 8f0f1461-55de-28ce-821c-d2eeaa217cc1-1 generated ready=True bytes=36823944
[3193/3852] ba6fda9c-a4c1-2dca-8185-456923749a4e-1 generated ready=True bytes=36780632
[3194/3852] e48c48f4-8b2f-2858-88c2-fd5e4c33f5b8-4 generated ready=True bytes=36995323
[3195/3852] e48c48f4-8b2f-2858-88c2-fd5e4c33f5b8-2 generated ready=True bytes=37045737
[3196/3852] ba6fda9c-a4c1-2dca-8185-456923749a4e-2 generated ready=True bytes=36810712
[3197/3852] ba6fda9c-a4c1-2dca-8185-456923749a4e-3 generated ready=True bytes=36788620
[3198/3852] ba6fda9c-a4c1-2dca-8185-456923749a4e-4 generated ready=True bytes=29119217
[3199/3852] ba6fda9c-a4c1-2dca-8185-456923749a4e-5 generated ready=True bytes=36777888
[3200/3852] 2e4a3964-d452-21a0-9de5-4f7895499143-1 generated ready=True bytes=36868120
[3201/3852] 2e4a3964-d452-21a0-9de5-4f7895499143-2 generated ready=True bytes=36830553
[3202/3852] 0cac761f-8d6f-2d13-8c29-90f19c5f65c6-1 generated ready=True bytes=36744004
[3203/3852] 2e4a3964-d452-21a0-9de5-4f7895499143-4 generated ready=True bytes=28967660
[3204/3852] 0cac761f-8d6f-2d13-8c29-90f19c5f65c6-2 generated ready=True bytes=29032162
[3205/3852] 0cac761f-8d6f-2d13-8c29-90f19c5f65c6-3 generated ready=True bytes=22267609
[3206/3852] 2e4a3964-d452-21a0-9de5-4f7895499143-3 generated ready=True bytes=36903282
[3207/3852] 210cdbbd-9e8d-2832-87c1-a1a2c71cde80-3 generated ready=True bytes=29097216
[3208/3852] 210cdbbd-9e8d-2832-87c1-a1a2c71cde80-2 generated ready=True bytes=36813767
[3209/3852] 210cdbbd-9e8d-2832-87c1-a1a2c71cde80-1 generated ready=True bytes=36830919
[3210/3852] baf673ae-8e94-22f8-82be-ce30b52711a4-2 generated ready=True bytes=7496140
[3211/3852] baf673ae-8e94-22f8-82be-ce30b52711a4-1 generated ready=True bytes=16453716
[3212/3852] c7895f4e-339c-2d13-80d3-90eaa1403a25-3 generated ready=True bytes=7058818
[3213/3852] 5630cfcb-12bf-2860-87ee-b4e4a5bf0cb0-1 generated ready=True bytes=36757439
[3214/3852] 1776ad80-4db7-2333-8b18-f02ef42f3569-1 generated ready=True bytes=36724645
[3215/3852] c7895f4e-339c-2d13-80d3-90eaa1403a25-2 generated ready=True bytes=22274110
[3216/3852] 5630cfcb-12bf-2860-87ee-b4e4a5bf0cb0-4 generated ready=True bytes=36744038
[3217/3852] c7895f4e-339c-2d13-80d3-90eaa1403a25-1 generated ready=True bytes=16460589
[3218/3852] 5630cfcb-12bf-2860-87ee-b4e4a5bf0cb0-5 generated ready=True bytes=36748562
[3219/3852] 5630cfcb-12bf-2860-87ee-b4e4a5bf0cb0-7 generated ready=True bytes=16031134
[3220/3852] 5630cfcb-12bf-2860-87ee-b4e4a5bf0cb0-3 generated ready=True bytes=29054359
[3221/3852] 5630cfcb-12bf-2860-87ee-b4e4a5bf0cb0-2 generated ready=True bytes=36769697
[3222/3852] a0905ffe-66f7-2272-9c39-02f47d8bbb0f-1 generated ready=True bytes=7664671
[3223/3852] 5630cfcb-12bf-2860-87ee-b4e4a5bf0cb0-6 generated ready=True bytes=29074790
[3224/3852] a0905ffe-66f7-2272-9c39-02f47d8bbb0f-3 generated ready=True bytes=7671973
[3225/3852] a0905ffe-66f7-2272-9c39-02f47d8bbb0f-2 generated ready=True bytes=22298933
[3226/3852] 47319776-f9f7-2a1a-9461-d2e201735263-1 generated ready=True bytes=36750868
[3227/3852] a0905ffe-66f7-2272-9c39-02f47d8bbb0f-4 generated ready=True bytes=22297814
[3228/3852] 47319776-f9f7-2a1a-9461-d2e201735263-3 generated ready=True bytes=29037473
[3229/3852] 47319776-f9f7-2a1a-9461-d2e201735263-2 generated ready=True bytes=29047316
[3230/3852] a0905ffe-66f7-2272-9c39-02f47d8bbb0f-6 generated ready=True bytes=22308927
[3231/3852] a0905ffe-66f7-2272-9c39-02f47d8bbb0f-5 generated ready=True bytes=22312811
[3232/3852] 0cac7576-8d6f-2d13-8f3c-f01f8f14022c-3 generated ready=True bytes=36737448
[3233/3852] 0cac7576-8d6f-2d13-8f3c-f01f8f14022c-2 generated ready=True bytes=29053920
[3234/3852] 0cac7576-8d6f-2d13-8f3c-f01f8f14022c-1 generated ready=True bytes=16478412
[3235/3852] 0cac7576-8d6f-2d13-8f3c-f01f8f14022c-5 generated ready=True bytes=11305456
[3236/3852] 4acaebce-6c10-2a2a-852f-98c6902bcc88-1 generated ready=True bytes=28935351
[3237/3852] 0cac7576-8d6f-2d13-8f3c-f01f8f14022c-4 generated ready=True bytes=22307205
[3238/3852] 4acaebce-6c10-2a2a-852f-98c6902bcc88-2 generated ready=True bytes=36858153
[3239/3852] 0cac759d-8d6f-2d13-8e8b-c3730d9fe563-1 generated ready=True bytes=36747156
[3240/3852] 0cac759d-8d6f-2d13-8e8b-c3730d9fe563-3 generated ready=True bytes=22287872
[3241/3852] 0cac759d-8d6f-2d13-8e8b-c3730d9fe563-4 generated ready=True bytes=11594900
[3242/3852] 0cac759d-8d6f-2d13-8e8b-c3730d9fe563-2 generated ready=True bytes=36748722
[3243/3852] c7895f50-339c-2d13-828c-1d01eab90a00-1 generated ready=True bytes=29018600
[3244/3852] c7895f50-339c-2d13-828c-1d01eab90a00-2 generated ready=True bytes=16460668
[3245/3852] 4acaebce-6c10-2a2a-852f-98c6902bcc88-3 generated ready=True bytes=36842916
[3246/3852] c7895f50-339c-2d13-828c-1d01eab90a00-3 generated ready=True bytes=16029064
[3247/3852] 752cc57d-920c-26f5-8db9-9831c97088fe-1 generated ready=True bytes=36797820
[3248/3852] 752cc57d-920c-26f5-8db9-9831c97088fe-2 generated ready=True bytes=36815578
[3249/3852] 752cc57d-920c-26f5-8db9-9831c97088fe-3 generated ready=True bytes=22359758
[3250/3852] 752cc57d-920c-26f5-8db9-9831c97088fe-4 generated ready=True bytes=22332097
[3251/3852] 2451c041-fae8-24f6-9213-b8b6af8d86c1-2 generated ready=True bytes=11024488
[3252/3852] 2451c041-fae8-24f6-9213-b8b6af8d86c1-1 generated ready=True bytes=36792718
[3253/3852] 752cc57d-920c-26f5-8db9-9831c97088fe-5 generated ready=True bytes=29094412
[3254/3852] 752cc57d-920c-26f5-8db9-9831c97088fe-6 generated ready=True bytes=36808324
too few visible objects, scene missalignment possible
[3255/3852] c92fb580-f771-2064-866d-8aeb53e8360d-4 missing_output ready=False bytes=0
[3256/3852] 09582252-e2c2-2de1-96bf-d41dd0362f39-1 generated ready=True bytes=36744028
[3257/3852] c92fb580-f771-2064-866d-8aeb53e8360d-1 generated ready=True bytes=28927471
[3258/3852] c92fb580-f771-2064-866d-8aeb53e8360d-2 generated ready=True bytes=36784549
[3259/3852] 422885ab-192d-25fc-8448-e7f34c7b5eea-1 generated ready=True bytes=36726947
[3260/3852] c92fb580-f771-2064-866d-8aeb53e8360d-3 generated ready=True bytes=36759060
[3261/3852] 09582252-e2c2-2de1-96bf-d41dd0362f39-2 generated ready=True bytes=36774813
[3262/3852] 422885ab-192d-25fc-8448-e7f34c7b5eea-2 generated ready=True bytes=36730910
[3263/3852] e44d238c-52a2-2879-89d9-a29ba04436e0-2 generated ready=True bytes=36907856
[3264/3852] e44d238c-52a2-2879-89d9-a29ba04436e0-4 generated ready=True bytes=22381490
[3265/3852] e44d238c-52a2-2879-89d9-a29ba04436e0-1 generated ready=True bytes=36913325
[3266/3852] e44d238c-52a2-2879-89d9-a29ba04436e0-5 generated ready=True bytes=36818365
[3267/3852] e44d238c-52a2-2879-89d9-a29ba04436e0-6 generated ready=True bytes=11082185
[3268/3852] e44d238c-52a2-2879-89d9-a29ba04436e0-3 generated ready=True bytes=36965482
[3269/3852] c7895f61-339c-2d13-8004-3cbebf317f21-2 generated ready=True bytes=22117906
[3270/3852] c7895f61-339c-2d13-8004-3cbebf317f21-1 generated ready=True bytes=22263808
[3271/3852] 8f0f1467-55de-28ce-8331-b670a7274af9-1 generated ready=True bytes=36870421
[3272/3852] 8e0f1c39-9e28-2339-8432-ca5ca8653c58-1 generated ready=True bytes=22264547
[3273/3852] f62fd5f4-9a3f-2f44-8b81-246b93170189-3 generated ready=True bytes=22160230
[3274/3852] f62fd5f4-9a3f-2f44-8b81-246b93170189-2 generated ready=True bytes=36793048
[3275/3852] f62fd5f4-9a3f-2f44-8b81-246b93170189-1 generated ready=True bytes=22363987
[3276/3852] 8e0f1c39-9e28-2339-8432-ca5ca8653c58-2 generated ready=True bytes=22278511
[3277/3852] f62fd5f4-9a3f-2f44-8b81-246b93170189-4 generated ready=True bytes=29054905
[3278/3852] f62fd5f4-9a3f-2f44-8b81-246b93170189-5 generated ready=True bytes=36749756
[3279/3852] 1d234012-e280-2b1a-8dea-0d1d53e0572d-4 generated ready=True bytes=7265841
[3280/3852] 352e9c57-69fb-27a7-8bc7-4cf12e417e21-1 generated ready=True bytes=11570542
[3281/3852] 1d234012-e280-2b1a-8dea-0d1d53e0572d-1 generated ready=True bytes=29117439
[3282/3852] 352e9c57-69fb-27a7-8bc7-4cf12e417e21-2 generated ready=True bytes=16455170
[3283/3852] 352e9c57-69fb-27a7-8bc7-4cf12e417e21-3 generated ready=True bytes=11139885
[3284/3852] ffa41874-6f78-2040-85a8-8056ac60c764-2 generated ready=True bytes=22267702
[3285/3852] ffa41874-6f78-2040-85a8-8056ac60c764-3 generated ready=True bytes=16175583
[3286/3852] 1d234012-e280-2b1a-8dea-0d1d53e0572d-3 generated ready=True bytes=36831453
[3287/3852] ffa41874-6f78-2040-85a8-8056ac60c764-1 generated ready=True bytes=29054024
[3288/3852] ddc737b5-765b-241a-9efa-a3356768562d-1 generated ready=True bytes=7653328
[3289/3852] 1d234012-e280-2b1a-8dea-0d1d53e0572d-2 generated ready=True bytes=36955776
[3290/3852] ddc737b5-765b-241a-9efa-a3356768562d-4 generated ready=True bytes=7643739
[3291/3852] ddc737b5-765b-241a-9efa-a3356768562d-2 generated ready=True bytes=22274378
[3292/3852] ddc737b5-765b-241a-9efa-a3356768562d-3 generated ready=True bytes=11579223
[3293/3852] ddc737b5-765b-241a-9efa-a3356768562d-5 generated ready=True bytes=22268943
[3294/3852] 13124cc2-cec3-27a6-86ad-946fe3a73493-1 generated ready=True bytes=16488491
too few visible objects, scene missalignment possible
[3295/3852] 1c211548-f201-2d25-8686-8e8069116451-1 missing_output ready=False bytes=0
[3296/3852] 13124cc2-cec3-27a6-86ad-946fe3a73493-3 generated ready=True bytes=29026519
too few visible objects, scene missalignment possible
[3297/3852] 1c211548-f201-2d25-8686-8e8069116451-3 missing_output ready=False bytes=0
[3298/3852] 13124cc2-cec3-27a6-86ad-946fe3a73493-4 generated ready=True bytes=16463840
[3299/3852] a644cb91-0ee5-2f66-9da1-5edabca2f13d-1 generated ready=True bytes=7077926
[3300/3852] 1c211548-f201-2d25-8686-8e8069116451-2 generated ready=True bytes=16457861
[3301/3852] 13124cc2-cec3-27a6-86ad-946fe3a73493-2 generated ready=True bytes=36746515
[3302/3852] 1c211548-f201-2d25-8686-8e8069116451-4 generated ready=True bytes=22276778
[3303/3852] 1dd720a1-2ba0-22d9-8b6e-bb00c888a414-1 generated ready=True bytes=36735772
[3304/3852] 09582212-e2c2-2de1-9700-fa44b14fbded-2 generated ready=True bytes=11003759
[3305/3852] 09582212-e2c2-2de1-9700-fa44b14fbded-1 generated ready=True bytes=22279482
[3306/3852] 1dd720a1-2ba0-22d9-8b6e-bb00c888a414-2 generated ready=True bytes=22295499
[3307/3852] 1776ad8a-4db7-2333-8909-97b950726515-2 generated ready=True bytes=11279357
[3308/3852] 1dd720a1-2ba0-22d9-8b6e-bb00c888a414-3 generated ready=True bytes=22142392
[3309/3852] 1776ad8a-4db7-2333-8909-97b950726515-1 generated ready=True bytes=22263851
[3310/3852] 6a360551-fa53-2915-9739-7b7c1857bed3-1 generated ready=True bytes=16450717
[3311/3852] c92fb5ad-f771-2064-8720-947242f8d474-3 generated ready=True bytes=16449779
[3312/3852] c92fb5ad-f771-2064-8720-947242f8d474-4 generated ready=True bytes=16453590
too few visible objects, scene missalignment possible
[3313/3852] c92fb5ad-f771-2064-8720-947242f8d474-5 missing_output ready=False bytes=0
[3314/3852] c92fb5ad-f771-2064-8720-947242f8d474-1 generated ready=True bytes=36766222
[3315/3852] 10b1793c-3938-2467-897f-85961a4b3677-1 generated ready=True bytes=11137735
[3316/3852] 6a360551-fa53-2915-9739-7b7c1857bed3-2 generated ready=True bytes=29025771
[3317/3852] 5341b7db-8a66-2cdd-85c5-66dbe881bd5f-2 generated ready=True bytes=22267795
[3318/3852] c92fb5ad-f771-2064-8720-947242f8d474-2 generated ready=True bytes=29064165
[3319/3852] 5341b7db-8a66-2cdd-85c5-66dbe881bd5f-3 generated ready=True bytes=16443186
[3320/3852] 5341b7db-8a66-2cdd-85c5-66dbe881bd5f-4 generated ready=True bytes=7634600
[3321/3852] c12890d8-d3df-2d0d-87cc-da303a47b893-2 generated ready=True bytes=28967612
[3322/3852] 5341b7db-8a66-2cdd-85c5-66dbe881bd5f-1 generated ready=True bytes=36739875
[3323/3852] c12890d8-d3df-2d0d-87cc-da303a47b893-4 generated ready=True bytes=29098221
[3324/3852] c12890d8-d3df-2d0d-87cc-da303a47b893-3 generated ready=True bytes=36820885
[3325/3852] c12890d8-d3df-2d0d-87cc-da303a47b893-1 generated ready=True bytes=36858371
[3326/3852] c12890d8-d3df-2d0d-87cc-da303a47b893-6 generated ready=True bytes=36779099
[3327/3852] 19f1a897-a988-2bf8-8f8d-f3b64da81c2a-1 generated ready=True bytes=29037821
[3328/3852] 19f1a897-a988-2bf8-8f8d-f3b64da81c2a-2 generated ready=True bytes=29032522
[3329/3852] c12890d8-d3df-2d0d-87cc-da303a47b893-5 generated ready=True bytes=36791415
[3330/3852] 19f1a897-a988-2bf8-8f8d-f3b64da81c2a-3 generated ready=True bytes=22271426
[3331/3852] 8eabc46b-5af7-2f32-84ce-53d68eca91fb-1 generated ready=True bytes=16438643
[3332/3852] c92fb59e-f771-2064-8431-6a20d3396067-2 generated ready=True bytes=36751503
[3333/3852] c92fb59e-f771-2064-8431-6a20d3396067-3 generated ready=True bytes=22308203
[3334/3852] 422885b1-192d-25fc-868c-110216f86479-1 generated ready=True bytes=36733188
[3335/3852] 8eabc46b-5af7-2f32-84ce-53d68eca91fb-2 generated ready=True bytes=11576494
[3336/3852] c92fb59e-f771-2064-8431-6a20d3396067-1 generated ready=True bytes=36834451
[3337/3852] 10b17965-3938-2467-8997-5dabffaa41a9-2 generated ready=True bytes=22291179
[3338/3852] 7272e198-a01b-20f6-8a8b-6688d9ac044e-1 generated ready=True bytes=29042019
[3339/3852] 10b17965-3938-2467-8997-5dabffaa41a9-3 generated ready=True bytes=28928739
[3340/3852] 10b17965-3938-2467-8997-5dabffaa41a9-1 generated ready=True bytes=36756765
[3341/3852] 7272e198-a01b-20f6-8a8b-6688d9ac044e-2 generated ready=True bytes=29095606
too few visible objects, scene missalignment possible
[3342/3852] baf0a8f2-26d4-2033-890f-b1b42adeac06-4 missing_output ready=False bytes=0
[3343/3852] baf0a8f2-26d4-2033-890f-b1b42adeac06-1 generated ready=True bytes=29038589
[3344/3852] ee527b51-0df9-2dae-829e-a0543a6e4074-2 generated ready=True bytes=29049510
[3345/3852] ee527b51-0df9-2dae-829e-a0543a6e4074-3 generated ready=True bytes=11002415
[3346/3852] baf0a8f2-26d4-2033-890f-b1b42adeac06-3 generated ready=True bytes=16454526
[3347/3852] baf0a8f2-26d4-2033-890f-b1b42adeac06-2 generated ready=True bytes=29062547
[3348/3852] 55551073-36f1-29c0-8a7d-91902bdddb1f-1 generated ready=True bytes=7497221
[3349/3852] ee527b51-0df9-2dae-829e-a0543a6e4074-1 generated ready=True bytes=36783189
[3350/3852] 20c993cf-698f-29c5-86c7-e2ee784936a1-1 generated ready=True bytes=7651629
[3351/3852] 55551073-36f1-29c0-8a7d-91902bdddb1f-3 generated ready=True bytes=11574633
[3352/3852] 55551073-36f1-29c0-8a7d-91902bdddb1f-2 generated ready=True bytes=22266828
[3353/3852] 55551073-36f1-29c0-8a7d-91902bdddb1f-5 generated ready=True bytes=11141337
[3354/3852] 55551073-36f1-29c0-8a7d-91902bdddb1f-4 generated ready=True bytes=11571891
[3355/3852] 95be45d7-a558-22da-9c39-ea7e57c68be5-1 generated ready=True bytes=11566192
[3356/3852] dc42b382-8d5c-2d2a-8424-d19d7bc2eec3-1 generated ready=True bytes=22021771
[3357/3852] 95be45d7-a558-22da-9c39-ea7e57c68be5-2 generated ready=True bytes=16449419
[3358/3852] dbeb4d1b-faf9-2324-9ac8-cbad7aa51d12-1 generated ready=True bytes=36747482
[3359/3852] dbeb4d1b-faf9-2324-9ac8-cbad7aa51d12-2 generated ready=True bytes=36735873
[3360/3852] 20c993cf-698f-29c5-86c7-e2ee784936a1-2 generated ready=True bytes=29029670
[3361/3852] dbeb4d1b-faf9-2324-9ac8-cbad7aa51d12-3 generated ready=True bytes=36740130
[3362/3852] 531cff00-0021-28f6-8f9c-d0fe2a031f9e-2 generated ready=True bytes=11610029
[3363/3852] ad408c9f-84db-2095-8acf-bdfbe88fbf78-1 generated ready=True bytes=7645311
[3364/3852] 531cff00-0021-28f6-8f9c-d0fe2a031f9e-3 generated ready=True bytes=22281142
[3365/3852] ad408c9f-84db-2095-8acf-bdfbe88fbf78-2 generated ready=True bytes=16450925
[3366/3852] 531cff00-0021-28f6-8f9c-d0fe2a031f9e-1 generated ready=True bytes=28903243
[3367/3852] ad408c9f-84db-2095-8acf-bdfbe88fbf78-3 generated ready=True bytes=16029189
[3368/3852] 531cff00-0021-28f6-8f9c-d0fe2a031f9e-4 generated ready=True bytes=29070240
too few visible objects, scene missalignment possible
[3369/3852] c92fb5af-f771-2064-8476-871572e38970-4 missing_output ready=False bytes=0
[3370/3852] c92fb5af-f771-2064-8476-871572e38970-2 generated ready=True bytes=22314174
[3371/3852] c92fb5af-f771-2064-8476-871572e38970-3 generated ready=True bytes=36765416
[3372/3852] 6bde60de-9162-246f-8cb4-87b39c9ac5e7-1 generated ready=True bytes=22314174
too few visible objects, scene missalignment possible
[3373/3852] 6bde60de-9162-246f-8cb4-87b39c9ac5e7-4 missing_output ready=False bytes=0
[3374/3852] c92fb5af-f771-2064-8476-871572e38970-1 generated ready=True bytes=36810398
[3375/3852] 6bde60de-9162-246f-8cb4-87b39c9ac5e7-2 generated ready=True bytes=29078046
[3376/3852] 6bde60de-9162-246f-8cb4-87b39c9ac5e7-3 generated ready=True bytes=29054402
[3377/3852] ab835fa1-54c6-29a1-9982-116396773f00-2 generated ready=True bytes=36823508
[3378/3852] ab835fa1-54c6-29a1-9982-116396773f00-3 generated ready=True bytes=36808761
[3379/3852] 55551071-36f1-29c0-8a92-6c77b608161f-2 generated ready=True bytes=16451429
[3380/3852] ab835fa1-54c6-29a1-9982-116396773f00-1 generated ready=True bytes=22244516
[3381/3852] ab835fa1-54c6-29a1-9982-116396773f00-4 generated ready=True bytes=36833107
[3382/3852] 55551071-36f1-29c0-8a92-6c77b608161f-1 generated ready=True bytes=28876505
[3383/3852] 55551071-36f1-29c0-8a92-6c77b608161f-3 generated ready=True bytes=22279504
too few visible objects, scene missalignment possible
[3384/3852] bf9a3dcd-45a5-2e80-8071-e4eeb6596460-3 missing_output ready=False bytes=0
[3385/3852] bf9a3dcd-45a5-2e80-8071-e4eeb6596460-1 generated ready=True bytes=16321790
[3386/3852] bf9a3dcd-45a5-2e80-8071-e4eeb6596460-2 generated ready=True bytes=22274503
[3387/3852] 55551071-36f1-29c0-8a92-6c77b608161f-4 generated ready=True bytes=29035858
[3388/3852] c7895f39-339c-2d13-81c3-261003fc3b01-2 generated ready=True bytes=29034152
[3389/3852] c7895f39-339c-2d13-81c3-261003fc3b01-3 generated ready=True bytes=29037610
[3390/3852] c7895f39-339c-2d13-81c3-261003fc3b01-4 generated ready=True bytes=22281952
[3391/3852] c7895f39-339c-2d13-81c3-261003fc3b01-5 generated ready=True bytes=22132032
[3392/3852] 75c259b9-9ca2-2844-9473-43d990560f90-3 generated ready=True bytes=22299586
[3393/3852] 75c259b9-9ca2-2844-9473-43d990560f90-1 generated ready=True bytes=36763781
[3394/3852] 75c259b9-9ca2-2844-9473-43d990560f90-2 generated ready=True bytes=29073488
[3395/3852] c7895f39-339c-2d13-81c3-261003fc3b01-1 generated ready=True bytes=29059879
[3396/3852] 1d233ffe-e280-2b1a-8f1e-7ddb66c98d36-3 generated ready=True bytes=16464171
[3397/3852] 1d233ffe-e280-2b1a-8f1e-7ddb66c98d36-2 generated ready=True bytes=29031539
[3398/3852] 1d233ffe-e280-2b1a-8f1e-7ddb66c98d36-6 generated ready=True bytes=7359330
[3399/3852] 1d233ffe-e280-2b1a-8f1e-7ddb66c98d36-4 generated ready=True bytes=29030009
[3400/3852] def7fbb9-48c2-2895-9249-16ce01ca2e59-2 generated ready=True bytes=36723500
[3401/3852] 1d233ffe-e280-2b1a-8f1e-7ddb66c98d36-1 generated ready=True bytes=29040521
[3402/3852] def7fbb9-48c2-2895-9249-16ce01ca2e59-4 generated ready=True bytes=16021515
[3403/3852] def7fbb9-48c2-2895-9249-16ce01ca2e59-1 generated ready=True bytes=36772021
[3404/3852] 0cac75ce-8d6f-2d13-8cf1-add4e795b9b0-2 generated ready=True bytes=16459968
[3405/3852] 0cac75ce-8d6f-2d13-8cf1-add4e795b9b0-1 generated ready=True bytes=29041913
[3406/3852] 0cac75ce-8d6f-2d13-8cf1-add4e795b9b0-4 generated ready=True bytes=7656585
[3407/3852] def7fbb9-48c2-2895-9249-16ce01ca2e59-3 generated ready=True bytes=36737452
[3408/3852] 1d233ffe-e280-2b1a-8f1e-7ddb66c98d36-5 generated ready=True bytes=29041484
[3409/3852] 0cac75ce-8d6f-2d13-8cf1-add4e795b9b0-5 generated ready=True bytes=11300589
[3410/3852] 55551093-36f1-29c0-8b29-f80bcfdcc5df-3 generated ready=True bytes=11278613
[3411/3852] 55551093-36f1-29c0-8b29-f80bcfdcc5df-1 generated ready=True bytes=29021481
[3412/3852] 0cac75ce-8d6f-2d13-8cf1-add4e795b9b0-3 generated ready=True bytes=36742859
[3413/3852] 55551093-36f1-29c0-8b29-f80bcfdcc5df-2 generated ready=True bytes=29031718
[3414/3852] 2ea047cd-aeca-2021-8b73-675adae64f19-1 generated ready=True bytes=36777538
[3415/3852] 2ea047cd-aeca-2021-8b73-675adae64f19-2 generated ready=True bytes=36830652
[3416/3852] 2ea047cd-aeca-2021-8b73-675adae64f19-4 generated ready=True bytes=22341306
[3417/3852] 2ea047cd-aeca-2021-8b73-675adae64f19-5 generated ready=True bytes=28941698
[3418/3852] 0958222f-e2c2-2de1-94fd-986561908cee-1 generated ready=True bytes=28953817
[3419/3852] 2e4a3962-d452-21a0-9fd2-7a325c600a49-1 generated ready=True bytes=29054531
[3420/3852] 2ea047cd-aeca-2021-8b73-675adae64f19-3 generated ready=True bytes=36858539
[3421/3852] 4e858ca1-fd93-2cb4-84b6-490997979830-2 generated ready=True bytes=22375739
[3422/3852] 4e858ca1-fd93-2cb4-84b6-490997979830-1 generated ready=True bytes=22421476
[3423/3852] 4e858ca1-fd93-2cb4-84b6-490997979830-3 generated ready=True bytes=36851414
[3424/3852] 4e858ca1-fd93-2cb4-84b6-490997979830-4 generated ready=True bytes=36864860
[3425/3852] 4e858ca1-fd93-2cb4-84b6-490997979830-8 generated ready=True bytes=7754145
[3426/3852] 4e858ca1-fd93-2cb4-84b6-490997979830-5 generated ready=True bytes=36841024
[3427/3852] 0cac7680-8d6f-2d13-8e05-f6da6172d239-1 generated ready=True bytes=36735096
[3428/3852] 0cac7680-8d6f-2d13-8e05-f6da6172d239-2 generated ready=True bytes=16456067
[3429/3852] 0cac7680-8d6f-2d13-8e05-f6da6172d239-3 generated ready=True bytes=16449532
[3430/3852] 0cac7680-8d6f-2d13-8e05-f6da6172d239-4 generated ready=True bytes=7352370
[3431/3852] 5341b7d7-8a66-2cdd-8413-00cf17af67ba-1 generated ready=True bytes=22283818
[3432/3852] 5341b7d7-8a66-2cdd-8413-00cf17af67ba-2 generated ready=True bytes=36750497
[3433/3852] 5341b7d7-8a66-2cdd-8413-00cf17af67ba-3 generated ready=True bytes=29050743
[3434/3852] 4e858ca1-fd93-2cb4-84b6-490997979830-6 generated ready=True bytes=36852553
[3435/3852] 1d233fec-e280-2b1a-8e12-986a9af880f0-1 generated ready=True bytes=29052680
[3436/3852] 1d233fec-e280-2b1a-8e12-986a9af880f0-2 generated ready=True bytes=29056636
[3437/3852] 4e858ca1-fd93-2cb4-84b6-490997979830-7 generated ready=True bytes=36858256
[3438/3852] 1d233fec-e280-2b1a-8e12-986a9af880f0-3 generated ready=True bytes=36760289
[3439/3852] 752cc595-920c-26f5-8d66-d08f8f111c92-1 generated ready=True bytes=36799081
[3440/3852] 752cc595-920c-26f5-8d66-d08f8f111c92-2 generated ready=True bytes=36768719
[3441/3852] 4e858ca1-fd93-2cb4-84b6-490997979830-9 generated ready=True bytes=29155590
[3442/3852] 752cc595-920c-26f5-8d66-d08f8f111c92-4 generated ready=True bytes=28976876
[3443/3852] 6bde60af-9162-246f-8f0e-7b3e8cb00aaf-2 generated ready=True bytes=16181830
[3444/3852] 6bde60af-9162-246f-8f0e-7b3e8cb00aaf-1 generated ready=True bytes=29047588
[3445/3852] 752cc595-920c-26f5-8d66-d08f8f111c92-3 generated ready=True bytes=28971448
[3446/3852] a7616234-a0aa-2dea-80e1-69c253cfa9b2-1 generated ready=True bytes=36734371
[3447/3852] 10b1795f-3938-2467-8aa6-c985377d32fb-2 generated ready=True bytes=36735969
[3448/3852] a7616234-a0aa-2dea-80e1-69c253cfa9b2-3 generated ready=True bytes=22296422
[3449/3852] 10b1795f-3938-2467-8aa6-c985377d32fb-1 generated ready=True bytes=22292643
[3450/3852] 10b1795f-3938-2467-8aa6-c985377d32fb-3 generated ready=True bytes=36742549
[3451/3852] a7616234-a0aa-2dea-80e1-69c253cfa9b2-4 generated ready=True bytes=29035446
[3452/3852] 6a360565-fa53-2915-974c-3a8844e1a451-1 generated ready=True bytes=11419442
[3453/3852] 0958224e-e2c2-2de1-943b-38e36345e2e7-1 generated ready=True bytes=36725234
[3454/3852] a7616234-a0aa-2dea-80e1-69c253cfa9b2-2 generated ready=True bytes=36764279
[3455/3852] a7616234-a0aa-2dea-80e1-69c253cfa9b2-5 generated ready=True bytes=11179802
[3456/3852] 0958224e-e2c2-2de1-943b-38e36345e2e7-2 generated ready=True bytes=29051005
[3457/3852] 1d2f8512-d757-207c-8c76-9ce179890827-3 generated ready=True bytes=22272025
[3458/3852] 1d2f8512-d757-207c-8c76-9ce179890827-2 generated ready=True bytes=22285159
[3459/3852] 7272e189-a01b-20f6-8a2e-05b6c8395143-1 generated ready=True bytes=29025996
[3460/3852] 1d2f8512-d757-207c-8c76-9ce179890827-1 generated ready=True bytes=22294778
[3461/3852] 1d2f8512-d757-207c-8c76-9ce179890827-5 generated ready=True bytes=11024394
[3462/3852] 7272e189-a01b-20f6-8a2e-05b6c8395143-3 generated ready=True bytes=7076768
[3463/3852] 0d7054f5-4c6e-2ab6-844f-c1328fe572bf-2 generated ready=True bytes=29047720
[3464/3852] 0d7054f5-4c6e-2ab6-844f-c1328fe572bf-3 generated ready=True bytes=11000713
[3465/3852] 09582256-e2c2-2de1-9662-c4bc7ca7c497-1 generated ready=True bytes=29048219
[3466/3852] 7272e189-a01b-20f6-8a2e-05b6c8395143-2 generated ready=True bytes=22293309
[3467/3852] 09582256-e2c2-2de1-9662-c4bc7ca7c497-3 generated ready=True bytes=7067681
[3468/3852] 09582256-e2c2-2de1-9662-c4bc7ca7c497-2 generated ready=True bytes=29074825
[3469/3852] c92fb586-f771-2064-8678-a16eca03ac79-2 generated ready=True bytes=28880776
[3470/3852] c92fb586-f771-2064-8678-a16eca03ac79-3 generated ready=True bytes=16166430
[3471/3852] c92fb586-f771-2064-8678-a16eca03ac79-1 generated ready=True bytes=36738697
[3472/3852] 0d7054f5-4c6e-2ab6-844f-c1328fe572bf-1 generated ready=True bytes=36786790
[3473/3852] 1d2f8512-d757-207c-8c76-9ce179890827-4 generated ready=True bytes=36760603
[3474/3852] 8eabc44d-5af7-2f32-8529-ab5255a6ae7f-3 generated ready=True bytes=16444190
too few visible objects, scene missalignment possible
[3475/3852] 8eabc44d-5af7-2f32-8529-ab5255a6ae7f-4 missing_output ready=False bytes=0
too few visible objects, scene missalignment possible
[3476/3852] 20c993c5-698f-29c5-8604-3248ede4091f-1 missing_output ready=False bytes=0
[3477/3852] 8eabc44d-5af7-2f32-8529-ab5255a6ae7f-1 generated ready=True bytes=29018353
[3478/3852] 8eabc44d-5af7-2f32-8529-ab5255a6ae7f-2 generated ready=True bytes=36724903
[3479/3852] 185d7429-3698-223c-8a42-8c2d18d51531-2 generated ready=True bytes=22140456
[3480/3852] 185d7429-3698-223c-8a42-8c2d18d51531-3 generated ready=True bytes=29046168
[3481/3852] baf67393-8e94-22f8-8198-961bc5ea7f20-1 generated ready=True bytes=36769699
[3482/3852] baf67393-8e94-22f8-8198-961bc5ea7f20-2 generated ready=True bytes=16523134
[3483/3852] 185d7429-3698-223c-8a42-8c2d18d51531-1 generated ready=True bytes=28899566
[3484/3852] baf67393-8e94-22f8-8198-961bc5ea7f20-4 generated ready=True bytes=7685676
[3485/3852] baf67393-8e94-22f8-8198-961bc5ea7f20-3 generated ready=True bytes=29070016
[3486/3852] d7d40d56-7a5d-2b36-970b-9aad70998d20-1 generated ready=True bytes=16461564
too few visible objects, scene missalignment possible
[3487/3852] d7d40d56-7a5d-2b36-970b-9aad70998d20-4 missing_output ready=False bytes=0
[3488/3852] d7d40d56-7a5d-2b36-970b-9aad70998d20-3 generated ready=True bytes=22262832
[3489/3852] 501ebf0b-a3bb-263f-86fd-7ef000a19588-1 generated ready=True bytes=22321245
[3490/3852] c7895f5f-339c-2d13-82db-e99a08b5f679-2 generated ready=True bytes=36722172
[3491/3852] 0958222d-e2c2-2de1-9732-e2fb990692ef-1 generated ready=True bytes=16090501
[3492/3852] d7d40d56-7a5d-2b36-970b-9aad70998d20-2 generated ready=True bytes=16319821
[3493/3852] c7895f5f-339c-2d13-82db-e99a08b5f679-3 generated ready=True bytes=7348080
[3494/3852] c7895f5f-339c-2d13-82db-e99a08b5f679-1 generated ready=True bytes=36731759
[3495/3852] 0ad2d39b-79e2-2212-99ae-830c292cd079-2 generated ready=True bytes=22292113
[3496/3852] 0ad2d39b-79e2-2212-99ae-830c292cd079-1 generated ready=True bytes=36748485
[3497/3852] 6a36052d-fa53-2915-9764-30d81b2cc2b5-2 generated ready=True bytes=7346418
[3498/3852] 0ad2d39b-79e2-2212-99ae-830c292cd079-3 generated ready=True bytes=22296029
[3499/3852] 13124cc0-cec3-27a6-84bd-1f56cb6d11a8-1 generated ready=True bytes=11574615
[3500/3852] 6a36052d-fa53-2915-9764-30d81b2cc2b5-1 generated ready=True bytes=29020032
[3501/3852] 13124cc0-cec3-27a6-84bd-1f56cb6d11a8-4 generated ready=True bytes=36718682
[3502/3852] 13124cc0-cec3-27a6-84bd-1f56cb6d11a8-2 generated ready=True bytes=22134552
[3503/3852] 13124cc0-cec3-27a6-84bd-1f56cb6d11a8-3 generated ready=True bytes=22288301
[3504/3852] 0cac760d-8d6f-2d13-8ea2-109ce4da9ac9-3 generated ready=True bytes=22271457
[3505/3852] 0cac760d-8d6f-2d13-8ea2-109ce4da9ac9-4 generated ready=True bytes=22134776
[3506/3852] 4e858c9f-fd93-2cb4-8427-8d729dcc80ae-1 generated ready=True bytes=7645747
[3507/3852] 0cac760d-8d6f-2d13-8ea2-109ce4da9ac9-1 generated ready=True bytes=22274859
[3508/3852] 0cac760d-8d6f-2d13-8ea2-109ce4da9ac9-2 generated ready=True bytes=36754596
[3509/3852] 6bde60ba-9162-246f-8eaf-b462f3cf6234-2 generated ready=True bytes=16084120
[3510/3852] d7d40d46-7a5d-2b36-9734-659bccb1c202-1 generated ready=True bytes=16445303
[3511/3852] d7d40d46-7a5d-2b36-9734-659bccb1c202-2 generated ready=True bytes=7340232
[3512/3852] 6bde6055-9162-246f-8f44-e3efc21c9e14-1 generated ready=True bytes=22141317
[3513/3852] 4e858c9f-fd93-2cb4-8427-8d729dcc80ae-2 generated ready=True bytes=29043946
[3514/3852] 6bde60ba-9162-246f-8eaf-b462f3cf6234-1 generated ready=True bytes=29097213
[3515/3852] 0f2f271f-b736-2f71-8f74-15fd679c80d5-1 generated ready=True bytes=16328793
[3516/3852] 0f2f271f-b736-2f71-8f74-15fd679c80d5-4 generated ready=True bytes=11595769
[3517/3852] 0f2f271f-b736-2f71-8f74-15fd679c80d5-5 generated ready=True bytes=29032103
[3518/3852] 0f2f271f-b736-2f71-8f74-15fd679c80d5-2 generated ready=True bytes=29060333
[3519/3852] 8f0f144d-55de-28ce-8075-69a0a3b631b5-1 generated ready=True bytes=29035105
[3520/3852] 5341b7c1-8a66-2cdd-853b-598d8f2780ce-1 generated ready=True bytes=29046915
[3521/3852] 0f2f271f-b736-2f71-8f74-15fd679c80d5-3 generated ready=True bytes=36754067
[3522/3852] 5341b7c1-8a66-2cdd-853b-598d8f2780ce-2 generated ready=True bytes=22284827
[3523/3852] 0cac7646-8d6f-2d13-8d24-1bc724028d31-1 generated ready=True bytes=29026324
[3524/3852] 0cac7646-8d6f-2d13-8d24-1bc724028d31-3 generated ready=True bytes=36735599
[3525/3852] 0cac7646-8d6f-2d13-8d24-1bc724028d31-4 generated ready=True bytes=21983310
[3526/3852] 0cac7646-8d6f-2d13-8d24-1bc724028d31-2 generated ready=True bytes=29042491
[3527/3852] eee5b056-ee2d-28f4-9bbe-f7ddf37895a6-2 generated ready=True bytes=36728772
[3528/3852] eee5b056-ee2d-28f4-9bbe-f7ddf37895a6-1 generated ready=True bytes=36775072
[3529/3852] eee5b056-ee2d-28f4-9bbe-f7ddf37895a6-3 generated ready=True bytes=28882174
[3530/3852] 6bde60c6-9162-246f-8d25-4df09330450c-3 generated ready=True bytes=22271227
[3531/3852] 6bde60c6-9162-246f-8d25-4df09330450c-1 generated ready=True bytes=29028070
[3532/3852] 6bde60c6-9162-246f-8d25-4df09330450c-2 generated ready=True bytes=29027670
[3533/3852] 569d8f0f-72aa-2f24-89a6-77f8b8779ae9-2 generated ready=True bytes=16466319
[3534/3852] 569d8f0f-72aa-2f24-89a6-77f8b8779ae9-4 generated ready=True bytes=29047498
[3535/3852] 8eabc41a-5af7-2f32-8677-c1e3f9b04e62-1 generated ready=True bytes=22151827
[3536/3852] 8eabc41a-5af7-2f32-8677-c1e3f9b04e62-2 generated ready=True bytes=16472479
[3537/3852] 2e36953d-e133-204c-9045-d52ab9f09dcb-1 generated ready=True bytes=16084245
[3538/3852] 569d8f0f-72aa-2f24-89a6-77f8b8779ae9-3 generated ready=True bytes=29094861
[3539/3852] 569d8f0f-72aa-2f24-89a6-77f8b8779ae9-1 generated ready=True bytes=29054972
[3540/3852] 4138584f-a238-2435-8242-4c9b86032127-1 generated ready=True bytes=29048389
[3541/3852] 4138584f-a238-2435-8242-4c9b86032127-2 generated ready=True bytes=29054431
[3542/3852] 4138584f-a238-2435-8242-4c9b86032127-4 generated ready=True bytes=36749040
[3543/3852] 8eabc41a-5af7-2f32-8677-c1e3f9b04e62-3 generated ready=True bytes=36760911
[3544/3852] 4138584f-a238-2435-8242-4c9b86032127-3 generated ready=True bytes=36759695
[3545/3852] 6bde608f-9162-246f-8e28-7c487fbbdfa1-2 generated ready=True bytes=7495157
[3546/3852] 6bde608f-9162-246f-8e28-7c487fbbdfa1-1 generated ready=True bytes=16459224
[3547/3852] f4f31600-8408-2255-971c-b8c20605563a-3 generated ready=True bytes=36782459
[3548/3852] baf673b0-8e94-22f8-8136-0b6b5028de14-1 generated ready=True bytes=29083731
[3549/3852] f4f31600-8408-2255-971c-b8c20605563a-4 generated ready=True bytes=36777988
[3550/3852] f4f31600-8408-2255-971c-b8c20605563a-2 generated ready=True bytes=36863498
[3551/3852] f4f31600-8408-2255-971c-b8c20605563a-1 generated ready=True bytes=36861252
[3552/3852] 6ed38500-7db9-2d45-810c-865e82827b54-1 generated ready=True bytes=11569937
[3553/3852] 5555108b-36f1-29c0-8bdd-1e94534bc134-1 generated ready=True bytes=16351542
[3554/3852] 6ed38500-7db9-2d45-810c-865e82827b54-3 generated ready=True bytes=36716899
[3555/3852] 5555108b-36f1-29c0-8bdd-1e94534bc134-2 generated ready=True bytes=28905414
[3556/3852] 6a36054b-fa53-2915-946e-4ec15f811f6e-1 generated ready=True bytes=16444792
[3557/3852] 6ed38500-7db9-2d45-810c-865e82827b54-4 generated ready=True bytes=7066688
[3558/3852] 6ed38500-7db9-2d45-810c-865e82827b54-2 generated ready=True bytes=36736944
[3559/3852] 50e7c0b1-0730-2a5f-8471-b240fa51b1d7-2 generated ready=True bytes=22157886
[3560/3852] 5555108b-36f1-29c0-8bdd-1e94534bc134-3 generated ready=True bytes=11320057
[3561/3852] 751a55a7-fe61-2c3b-8caa-1aa9dfb86ece-2 generated ready=True bytes=36729545
[3562/3852] 751a55a7-fe61-2c3b-8caa-1aa9dfb86ece-3 generated ready=True bytes=11001340
[3563/3852] 50e7c0b1-0730-2a5f-8471-b240fa51b1d7-1 generated ready=True bytes=22314253
[3564/3852] 50e7c0b1-0730-2a5f-8471-b240fa51b1d7-3 generated ready=True bytes=29052457
[3565/3852] 751a55a7-fe61-2c3b-8caa-1aa9dfb86ece-1 generated ready=True bytes=36807806
[3566/3852] 43b8cae7-6678-2e38-9986-dc6f18ac7bb0-1 generated ready=True bytes=16456011
[3567/3852] 43b8cae7-6678-2e38-9986-dc6f18ac7bb0-2 generated ready=True bytes=22277800
[3568/3852] 43b8cae7-6678-2e38-9986-dc6f18ac7bb0-3 generated ready=True bytes=11154344
[3569/3852] 8f0f1447-55de-28ce-83c5-092887498eea-1 generated ready=True bytes=16023619
[3570/3852] 1d2f850e-d757-207c-8eea-5d41656673f4-3 generated ready=True bytes=29054933
too few visible objects, scene missalignment possible
[3571/3852] 20c993c7-698f-29c5-8685-0d1a2a4a3496-1 missing_output ready=False bytes=0
[3572/3852] 1d2f850e-d757-207c-8eea-5d41656673f4-2 generated ready=True bytes=36740803
[3573/3852] 1d2f850e-d757-207c-8eea-5d41656673f4-1 generated ready=True bytes=29081149
[3574/3852] ba6fdaa2-a4c1-2dca-81a8-2aacd785edd7-1 generated ready=True bytes=36750234
[3575/3852] ad408c95-84db-2095-8af5-735ff2eb50f5-1 generated ready=True bytes=36781585
[3576/3852] ad408c95-84db-2095-8af5-735ff2eb50f5-2 generated ready=True bytes=36782780
[3577/3852] ad408c95-84db-2095-8af5-735ff2eb50f5-3 generated ready=True bytes=36773494
[3578/3852] 634d11d7-6833-255d-8c1e-2a0af54ac101-2 generated ready=True bytes=7238105
[3579/3852] 1776ad82-4db7-2333-89e4-d73159ac81d0-1 generated ready=True bytes=22264877
[3580/3852] 4acaebc8-6c10-2a2a-8525-fe9c4b7f4b25-1 generated ready=True bytes=36775591
[3581/3852] 4acaebc8-6c10-2a2a-8525-fe9c4b7f4b25-2 generated ready=True bytes=36790966
[3582/3852] 4acaebc8-6c10-2a2a-8525-fe9c4b7f4b25-3 generated ready=True bytes=22015883
[3583/3852] ad408c95-84db-2095-8af5-735ff2eb50f5-4 generated ready=True bytes=22043345
[3584/3852] 634d11d7-6833-255d-8c1e-2a0af54ac101-1 generated ready=True bytes=36800277
[3585/3852] 752cc581-920c-26f5-8e51-9520e8441118-1 generated ready=True bytes=36871014
[3586/3852] 752cc581-920c-26f5-8e51-9520e8441118-2 generated ready=True bytes=36871521
[3587/3852] 752cc581-920c-26f5-8e51-9520e8441118-3 generated ready=True bytes=36856878
[3588/3852] 0f2f2713-b736-2f71-8c10-dcecbef587f9-2 generated ready=True bytes=16458236
[3589/3852] 0f2f2713-b736-2f71-8c10-dcecbef587f9-1 generated ready=True bytes=36734184
[3590/3852] 0f2f2713-b736-2f71-8c10-dcecbef587f9-3 generated ready=True bytes=11604222
[3591/3852] 0f2f2713-b736-2f71-8c10-dcecbef587f9-4 generated ready=True bytes=16452674
[3592/3852] 752cc581-920c-26f5-8e51-9520e8441118-4 generated ready=True bytes=29143319
[3593/3852] 0f2f2713-b736-2f71-8c10-dcecbef587f9-5 generated ready=True bytes=29029011
[3594/3852] 13124cad-cec3-27a6-857f-914a832a87c3-1 generated ready=True bytes=22278026
[3595/3852] 80b85891-4a8d-222f-85d0-2b8bf16d79a8-2 generated ready=True bytes=7057403
[3596/3852] b8837e3a-57ec-29c6-8b54-d440ca79a11f-1 generated ready=True bytes=29015465
[3597/3852] 0f2f2713-b736-2f71-8c10-dcecbef587f9-6 generated ready=True bytes=11159714
[3598/3852] 13124cad-cec3-27a6-857f-914a832a87c3-2 generated ready=True bytes=22282536
[3599/3852] 80b85891-4a8d-222f-85d0-2b8bf16d79a8-1 generated ready=True bytes=36740227
too few visible objects, scene missalignment possible
[3600/3852] 0cac764c-8d6f-2d13-8fec-15edfc3e53ad-1 missing_output ready=False bytes=0
[3601/3852] 5555108d-36f1-29c0-8b37-5efa2bef59d4-2 generated ready=True bytes=11458862
[3602/3852] 5555108d-36f1-29c0-8b37-5efa2bef59d4-3 generated ready=True bytes=22140191
[3603/3852] 0cac764c-8d6f-2d13-8fec-15edfc3e53ad-4 generated ready=True bytes=16453421
too few visible objects, scene missalignment possible
[3604/3852] 0cac764c-8d6f-2d13-8fec-15edfc3e53ad-5 missing_output ready=False bytes=0
[3605/3852] 0cac764c-8d6f-2d13-8fec-15edfc3e53ad-2 generated ready=True bytes=29058961
[3606/3852] 5555108d-36f1-29c0-8b37-5efa2bef59d4-1 generated ready=True bytes=28930678
[3607/3852] bf9a3db8-45a5-2e80-8112-d2c2429fdb79-1 generated ready=True bytes=22258967
[3608/3852] bf9a3db8-45a5-2e80-8112-d2c2429fdb79-2 generated ready=True bytes=29022797
[3609/3852] bf9a3db8-45a5-2e80-8112-d2c2429fdb79-3 generated ready=True bytes=29014520
[3610/3852] 0cac75fc-8d6f-2d13-8c59-13d52e366f38-1 generated ready=True bytes=22268138
[3611/3852] ae73fa15-5a60-2398-8646-dd46c46a9a3d-1 generated ready=True bytes=6907822
[3612/3852] 0cac764c-8d6f-2d13-8fec-15edfc3e53ad-3 generated ready=True bytes=22289406
[3613/3852] 77361fbc-d054-2a22-8bd1-20da69ee28dc-1 generated ready=True bytes=28906823
[3614/3852] 0cac75fc-8d6f-2d13-8c59-13d52e366f38-2 generated ready=True bytes=29041076
[3615/3852] dc42b378-8d5c-2d2a-8477-c1f077da4e56-3 generated ready=True bytes=16046913
[3616/3852] 5104a9cd-adc4-2a85-91f5-8030e69ee955-1 generated ready=True bytes=36873135
[3617/3852] 5104a9cd-adc4-2a85-91f5-8030e69ee955-2 generated ready=True bytes=36910977
[3618/3852] dc42b378-8d5c-2d2a-8477-c1f077da4e56-2 generated ready=True bytes=36773840
[3619/3852] dc42b378-8d5c-2d2a-8477-c1f077da4e56-1 generated ready=True bytes=36774793
[3620/3852] 5104a9cd-adc4-2a85-91f5-8030e69ee955-5 generated ready=True bytes=22078493
[3621/3852] 5104a9cd-adc4-2a85-91f5-8030e69ee955-3 generated ready=True bytes=37016884
[3622/3852] 5104a9cd-adc4-2a85-91f5-8030e69ee955-4 generated ready=True bytes=36920227
[3623/3852] 0cac762f-8d6f-2d13-8e48-ed83163799fb-4 generated ready=True bytes=11604288
[3624/3852] 0cac762f-8d6f-2d13-8e48-ed83163799fb-1 generated ready=True bytes=7675452
[3625/3852] 0cac762f-8d6f-2d13-8e48-ed83163799fb-3 generated ready=True bytes=22305970
[3626/3852] 0cac762f-8d6f-2d13-8e48-ed83163799fb-2 generated ready=True bytes=29076029
too few visible objects, scene missalignment possible
[3627/3852] 0cac762f-8d6f-2d13-8e48-ed83163799fb-8 missing_output ready=False bytes=0
[3628/3852] 0cac762f-8d6f-2d13-8e48-ed83163799fb-7 generated ready=True bytes=11613795
[3629/3852] 0cac762f-8d6f-2d13-8e48-ed83163799fb-5 generated ready=True bytes=22320097
[3630/3852] 0cac762f-8d6f-2d13-8e48-ed83163799fb-6 generated ready=True bytes=29070160
[3631/3852] 0cac762f-8d6f-2d13-8e48-ed83163799fb-9 generated ready=True bytes=16202088
[3632/3852] 531cff10-0021-28f6-8f94-80db8fdbbbee-1 generated ready=True bytes=22395727
[3633/3852] 531cff10-0021-28f6-8f94-80db8fdbbbee-3 generated ready=True bytes=29165629
[3634/3852] 531cff10-0021-28f6-8f94-80db8fdbbbee-4 generated ready=True bytes=29157498
[3635/3852] 531cff10-0021-28f6-8f94-80db8fdbbbee-2 generated ready=True bytes=36848210
[3636/3852] 531cff10-0021-28f6-8f94-80db8fdbbbee-5 generated ready=True bytes=29159359
[3637/3852] 531cff10-0021-28f6-8f94-80db8fdbbbee-7 generated ready=True bytes=22128856
[3638/3852] 68bae770-3567-2f7c-80b4-0ff21a8fee10-3 generated ready=True bytes=22293607
[3639/3852] 68bae770-3567-2f7c-80b4-0ff21a8fee10-4 generated ready=True bytes=7211486
[3640/3852] 68bae770-3567-2f7c-80b4-0ff21a8fee10-2 generated ready=True bytes=29064564
[3641/3852] 68bae770-3567-2f7c-80b4-0ff21a8fee10-1 generated ready=True bytes=29064857
[3642/3852] c7895f44-339c-2d13-8103-3e9dcc3be375-2 generated ready=True bytes=11579514
[3643/3852] 8eabc437-5af7-2f32-8703-8e6aeb65db26-1 generated ready=True bytes=22283141
[3644/3852] c7895f44-339c-2d13-8103-3e9dcc3be375-3 generated ready=True bytes=7364293
[3645/3852] c7895f44-339c-2d13-8103-3e9dcc3be375-1 generated ready=True bytes=11601022
[3646/3852] 8eabc437-5af7-2f32-8703-8e6aeb65db26-3 generated ready=True bytes=28898193
[3647/3852] c7895f09-339c-2d13-830d-e150ff0df2b3-2 generated ready=True bytes=7493281
[3648/3852] c7895f09-339c-2d13-830d-e150ff0df2b3-1 generated ready=True bytes=16445230
[3649/3852] 8eabc437-5af7-2f32-8703-8e6aeb65db26-2 generated ready=True bytes=36759255
[3650/3852] 531cff10-0021-28f6-8f94-80db8fdbbbee-6 generated ready=True bytes=36955859
[3651/3852] 185d7421-3698-223c-8b02-a4befeb2dab9-2 generated ready=True bytes=22325931
[3652/3852] 185d7421-3698-223c-8b02-a4befeb2dab9-1 generated ready=True bytes=22202705
[3653/3852] 185d7421-3698-223c-8b02-a4befeb2dab9-4 generated ready=True bytes=29076724
[3654/3852] 185d7421-3698-223c-8b02-a4befeb2dab9-5 generated ready=True bytes=22348084
[3655/3852] fcf66db2-622d-291c-8493-4f2517282f3f-1 generated ready=True bytes=22179273
[3656/3852] 185d7421-3698-223c-8b02-a4befeb2dab9-3 generated ready=True bytes=28968151
[3657/3852] fcf66db2-622d-291c-8493-4f2517282f3f-4 generated ready=True bytes=29060672
[3658/3852] fcf66db2-622d-291c-8493-4f2517282f3f-6 generated ready=True bytes=28906712
[3659/3852] fcf66db2-622d-291c-8493-4f2517282f3f-5 generated ready=True bytes=36792796
[3660/3852] fcf66db2-622d-291c-8493-4f2517282f3f-3 generated ready=True bytes=36848820
[3661/3852] 0ad2d382-79e2-2212-98b3-641bf9d552c1-1 generated ready=True bytes=22328938
[3662/3852] fcf66db2-622d-291c-8493-4f2517282f3f-2 generated ready=True bytes=29138437
[3663/3852] 0ad2d382-79e2-2212-98b3-641bf9d552c1-2 generated ready=True bytes=29084248
[3664/3852] c7895f25-339c-2d13-820a-5cfc7d4d3359-1 generated ready=True bytes=7631696
[3665/3852] 0ad2d382-79e2-2212-98b3-641bf9d552c1-5 generated ready=True bytes=29069833
[3666/3852] c7895f25-339c-2d13-820a-5cfc7d4d3359-2 generated ready=True bytes=22258244
[3667/3852] c7895f25-339c-2d13-820a-5cfc7d4d3359-3 generated ready=True bytes=11568164
[3668/3852] c7895f25-339c-2d13-820a-5cfc7d4d3359-4 generated ready=True bytes=11568363
[3669/3852] 0ad2d382-79e2-2212-98b3-641bf9d552c1-3 generated ready=True bytes=36782357
[3670/3852] 1d234008-e280-2b1a-8cc9-c573097cd272-1 generated ready=True bytes=16440096
[3671/3852] 0ad2d382-79e2-2212-98b3-641bf9d552c1-4 generated ready=True bytes=29076062
[3672/3852] 1d234008-e280-2b1a-8cc9-c573097cd272-2 generated ready=True bytes=7640198
too few visible objects, scene missalignment possible
[3673/3852] 1d234008-e280-2b1a-8cc9-c573097cd272-3 missing_output ready=False bytes=0
[3674/3852] d7d40d35-7a5d-2b36-9739-6072a7a25907-1 generated ready=True bytes=16443491
[3675/3852] d7d40d35-7a5d-2b36-9739-6072a7a25907-2 generated ready=True bytes=22266833
[3676/3852] 6bde608d-9162-246f-8dde-3f158d134d50-2 generated ready=True bytes=21989238
[3677/3852] d7d40d35-7a5d-2b36-9739-6072a7a25907-3 generated ready=True bytes=21983831
[3678/3852] 6bde608d-9162-246f-8dde-3f158d134d50-1 generated ready=True bytes=16470576
[3679/3852] 7ab2a9c1-ebc6-2056-896d-09dd5328b781-1 generated ready=True bytes=7502340
[3680/3852] 185d7427-3698-223c-8996-74a451349121-1 generated ready=True bytes=22131575
[3681/3852] 7ab2a9c1-ebc6-2056-896d-09dd5328b781-3 generated ready=True bytes=29020655
[3682/3852] 185d7427-3698-223c-8996-74a451349121-3 generated ready=True bytes=22275390
[3683/3852] 185d7427-3698-223c-8996-74a451349121-2 generated ready=True bytes=22283868
too few visible objects, scene missalignment possible
[3684/3852] 7ab2a9c1-ebc6-2056-896d-09dd5328b781-5 missing_output ready=False bytes=0
[3685/3852] 7ab2a9c1-ebc6-2056-896d-09dd5328b781-2 generated ready=True bytes=22270391
[3686/3852] 7ab2a9c1-ebc6-2056-896d-09dd5328b781-4 generated ready=True bytes=29027011
[3687/3852] 6bde6097-9162-246f-8d95-70c71505f2e3-1 generated ready=True bytes=11151815
too few visible objects, scene missalignment possible
[3688/3852] 0cac7664-8d6f-2d13-8e1d-b97c9ab20b12-4 missing_output ready=False bytes=0
[3689/3852] 0ad2d395-79e2-2212-9b89-83581fad7390-1 generated ready=True bytes=22275713
[3690/3852] 0cac7664-8d6f-2d13-8e1d-b97c9ab20b12-3 generated ready=True bytes=22280020
[3691/3852] 0cac7664-8d6f-2d13-8e1d-b97c9ab20b12-2 generated ready=True bytes=29044465
[3692/3852] 0ad2d395-79e2-2212-9b89-83581fad7390-3 generated ready=True bytes=22271008
[3693/3852] 0cac7664-8d6f-2d13-8e1d-b97c9ab20b12-1 generated ready=True bytes=36743149
[3694/3852] 0ad2d395-79e2-2212-9b89-83581fad7390-4 generated ready=True bytes=22134866
[3695/3852] 6a36051f-fa53-2915-9497-19bbbf3df0c4-1 generated ready=True bytes=22265559
[3696/3852] 6a36051f-fa53-2915-9497-19bbbf3df0c4-3 generated ready=True bytes=11571803
[3697/3852] 0ad2d395-79e2-2212-9b89-83581fad7390-2 generated ready=True bytes=36756408
[3698/3852] 6a36051f-fa53-2915-9497-19bbbf3df0c4-2 generated ready=True bytes=29032233
[3699/3852] 569d8f1e-72aa-2f24-8a3e-837f59c9e1dc-2 generated ready=True bytes=29066989
[3700/3852] 569d8f1e-72aa-2f24-8a3e-837f59c9e1dc-4 generated ready=True bytes=16504909
[3701/3852] 422885bd-192d-25fc-8571-abff2237f383-1 generated ready=True bytes=22279725
[3702/3852] 569d8f1e-72aa-2f24-8a3e-837f59c9e1dc-1 generated ready=True bytes=36773919
[3703/3852] baf67397-8e94-22f8-8066-c32fbe984412-1 generated ready=True bytes=16493616
[3704/3852] 422885bd-192d-25fc-8571-abff2237f383-2 generated ready=True bytes=22303515
[3705/3852] baf67397-8e94-22f8-8066-c32fbe984412-2 generated ready=True bytes=16071456
[3706/3852] 0cac7558-8d6f-2d13-8fe1-c8af0362735d-1 generated ready=True bytes=36858381
[3707/3852] 0cac7558-8d6f-2d13-8fe1-c8af0362735d-3 generated ready=True bytes=36878151
[3708/3852] 0cac7558-8d6f-2d13-8fe1-c8af0362735d-2 generated ready=True bytes=36922810
[3709/3852] ea31825e-0a4c-2749-91f9-1cc45973a0f6-1 generated ready=True bytes=22154211
[3710/3852] 0cac7558-8d6f-2d13-8fe1-c8af0362735d-4 generated ready=True bytes=36826483
[3711/3852] 569d8f1e-72aa-2f24-8a3e-837f59c9e1dc-3 generated ready=True bytes=36832016
[3712/3852] 7747a51f-9431-24e8-8720-19e267b3b828-1 generated ready=True bytes=36800743
[3713/3852] ea31825e-0a4c-2749-91f9-1cc45973a0f6-4 generated ready=True bytes=22143513
[3714/3852] ea31825e-0a4c-2749-91f9-1cc45973a0f6-3 generated ready=True bytes=22331237
[3715/3852] 7747a51f-9431-24e8-8720-19e267b3b828-3 generated ready=True bytes=36810137
[3716/3852] ea31825e-0a4c-2749-91f9-1cc45973a0f6-2 generated ready=True bytes=22336046
[3717/3852] 7747a51f-9431-24e8-8720-19e267b3b828-2 generated ready=True bytes=36820642
[3718/3852] 7747a51f-9431-24e8-8720-19e267b3b828-5 generated ready=True bytes=29161404
[3719/3852] a38a57d8-8a91-2e91-9237-0f8c220feef5-1 generated ready=True bytes=22257424
[3720/3852] 7747a51f-9431-24e8-8720-19e267b3b828-6 generated ready=True bytes=11089872
[3721/3852] a38a57d8-8a91-2e91-9237-0f8c220feef5-2 generated ready=True bytes=11284220
[3722/3852] 7747a51f-9431-24e8-8720-19e267b3b828-4 generated ready=True bytes=36861313
[3723/3852] c7895f1d-339c-2d13-820f-f998ab956707-1 generated ready=True bytes=22286825
[3724/3852] c7895f1d-339c-2d13-820f-f998ab956707-3 generated ready=True bytes=22295436
[3725/3852] c7895f1d-339c-2d13-820f-f998ab956707-2 generated ready=True bytes=29048918
[3726/3852] 6bde6074-9162-246f-8d34-5d8a64c07009-2 generated ready=True bytes=28889962
[3727/3852] 6bde6074-9162-246f-8d34-5d8a64c07009-1 generated ready=True bytes=22265727
[3728/3852] c7895f1d-339c-2d13-820f-f998ab956707-4 generated ready=True bytes=22300042
[3729/3852] ddc73795-765b-241a-9c5d-b97744afe077-3 generated ready=True bytes=11576642
[3730/3852] ddc73795-765b-241a-9c5d-b97744afe077-2 generated ready=True bytes=7646659
[3731/3852] ddc73795-765b-241a-9c5d-b97744afe077-4 generated ready=True bytes=11290761
[3732/3852] ddc73795-765b-241a-9c5d-b97744afe077-1 generated ready=True bytes=16457797
[3733/3852] 717ad1f3-b350-2996-8897-3c57a14e3d05-2 generated ready=True bytes=11159320
[3734/3852] fcf66d94-622d-291c-85fc-284b68d64c81-1 generated ready=True bytes=36732305
[3735/3852] 717ad1f3-b350-2996-8897-3c57a14e3d05-1 generated ready=True bytes=22278939
[3736/3852] fcf66d94-622d-291c-85fc-284b68d64c81-2 generated ready=True bytes=36738163
[3737/3852] fcf66d94-622d-291c-85fc-284b68d64c81-3 generated ready=True bytes=29062290
[3738/3852] 10b17969-3938-2467-8b12-9a43fea68e63-1 generated ready=True bytes=36746440
[3739/3852] 634d11d9-6833-255d-8fa2-ce325873192d-2 generated ready=True bytes=16079726
[3740/3852] 10b17969-3938-2467-8b12-9a43fea68e63-2 generated ready=True bytes=36766893
[3741/3852] 20c993cd-698f-29c5-8575-6a18e0e920cc-1 generated ready=True bytes=16459512
[3742/3852] 10b17969-3938-2467-8b12-9a43fea68e63-4 generated ready=True bytes=36766673
[3743/3852] 634d11d9-6833-255d-8fa2-ce325873192d-1 generated ready=True bytes=29108387
[3744/3852] 20c993cd-698f-29c5-8575-6a18e0e920cc-4 generated ready=True bytes=22281649
[3745/3852] 10b17969-3938-2467-8b12-9a43fea68e63-3 generated ready=True bytes=29128873
[3746/3852] 10b1795d-3938-2467-887f-fedbef4df869-2 generated ready=True bytes=22276850
[3747/3852] 20c993cd-698f-29c5-8575-6a18e0e920cc-3 generated ready=True bytes=22304676
[3748/3852] 20c993cd-698f-29c5-8575-6a18e0e920cc-2 generated ready=True bytes=22316711
[3749/3852] 10b1795d-3938-2467-887f-fedbef4df869-1 generated ready=True bytes=22282893
[3750/3852] 170725d2-9f1b-2d87-803b-c3210c0d30ff-2 generated ready=True bytes=22130799
[3751/3852] 10b1795d-3938-2467-887f-fedbef4df869-3 generated ready=True bytes=36749475
[3752/3852] 10b1795d-3938-2467-887f-fedbef4df869-4 generated ready=True bytes=22293714
[3753/3852] 170725d2-9f1b-2d87-803b-c3210c0d30ff-3 generated ready=True bytes=16331161
[3754/3852] 170725d2-9f1b-2d87-803b-c3210c0d30ff-1 generated ready=True bytes=29047065
[3755/3852] dbeb4d09-faf9-2324-9b85-dabd70dba4d0-3 generated ready=True bytes=29030363
[3756/3852] dbeb4d09-faf9-2324-9b85-dabd70dba4d0-2 generated ready=True bytes=22287025
[3757/3852] dbeb4d09-faf9-2324-9b85-dabd70dba4d0-1 generated ready=True bytes=36768677
[3758/3852] 0cac75c6-8d6f-2d13-8d35-f0128b4fb7a9-2 generated ready=True bytes=22271824
[3759/3852] 0cac75c6-8d6f-2d13-8d35-f0128b4fb7a9-3 generated ready=True bytes=22269853
[3760/3852] c7895f6f-339c-2d13-830a-81f71c3bfb78-2 generated ready=True bytes=22260091
[3761/3852] 0cac75c6-8d6f-2d13-8d35-f0128b4fb7a9-1 generated ready=True bytes=29041996
[3762/3852] 10b17932-3938-2467-8b89-08efc4dc9924-1 generated ready=True bytes=16301967
[3763/3852] 10b17932-3938-2467-8b89-08efc4dc9924-3 generated ready=True bytes=7053325
[3764/3852] 10b17932-3938-2467-8b89-08efc4dc9924-2 generated ready=True bytes=11566274
[3765/3852] c7895f6f-339c-2d13-830a-81f71c3bfb78-3 generated ready=True bytes=29023480
[3766/3852] c7895f6f-339c-2d13-830a-81f71c3bfb78-1 generated ready=True bytes=29042352
[3767/3852] 73315a2d-185c-2c8a-87e9-d8dfe07ae3cb-1 generated ready=True bytes=29103428
[3768/3852] 73315a2d-185c-2c8a-87e9-d8dfe07ae3cb-3 generated ready=True bytes=36799762
[3769/3852] 73315a2d-185c-2c8a-87e9-d8dfe07ae3cb-2 generated ready=True bytes=36807909
[3770/3852] 73315a2d-185c-2c8a-87e9-d8dfe07ae3cb-4 generated ready=True bytes=22054557
[3771/3852] 20c993b5-698f-29c5-85a5-12b8deae78fb-1 generated ready=True bytes=36716526
[3772/3852] 20c993b5-698f-29c5-85a5-12b8deae78fb-2 generated ready=True bytes=29013097
[3773/3852] 20c993b5-698f-29c5-85a5-12b8deae78fb-3 generated ready=True bytes=29038319
[3774/3852] 0cac755a-8d6f-2d13-8fed-b1be02f4ef77-3 generated ready=True bytes=22358063
too few visible objects, scene missalignment possible
[3775/3852] a8952593-9035-254b-8f40-bc82e6bcbbb1-1 missing_output ready=False bytes=0
[3776/3852] 0cac755a-8d6f-2d13-8fed-b1be02f4ef77-2 generated ready=True bytes=22356783
[3777/3852] 0cac755a-8d6f-2d13-8fed-b1be02f4ef77-1 generated ready=True bytes=36866240
[3778/3852] 02b33dfb-be2b-2d54-92d2-cd012b2b3c40-2 generated ready=True bytes=22266636
[3779/3852] 02b33dfb-be2b-2d54-92d2-cd012b2b3c40-1 generated ready=True bytes=29020363
[3780/3852] 02b33dfb-be2b-2d54-92d2-cd012b2b3c40-3 generated ready=True bytes=7631839
[3781/3852] 20c993b5-698f-29c5-85a5-12b8deae78fb-4 generated ready=True bytes=36726380
[3782/3852] ba6fda96-a4c1-2dca-8248-86e771ef875a-2 generated ready=True bytes=36831251
[3783/3852] ba6fda96-a4c1-2dca-8248-86e771ef875a-1 generated ready=True bytes=22353244
[3784/3852] ba6fda96-a4c1-2dca-8248-86e771ef875a-3 generated ready=True bytes=36838529
[3785/3852] ba6fda96-a4c1-2dca-8248-86e771ef875a-4 generated ready=True bytes=22345227
[3786/3852] ba6fda96-a4c1-2dca-8248-86e771ef875a-5 generated ready=True bytes=36795027
[3787/3852] 6993478c-1286-2e5b-8023-181d6efc14f9-1 generated ready=True bytes=36788687
[3788/3852] 6993478c-1286-2e5b-8023-181d6efc14f9-2 generated ready=True bytes=36799199
[3789/3852] 6993478c-1286-2e5b-8023-181d6efc14f9-5 generated ready=True bytes=11019438
[3790/3852] 6993478c-1286-2e5b-8023-181d6efc14f9-3 generated ready=True bytes=36758357
[3791/3852] 6993478c-1286-2e5b-8023-181d6efc14f9-4 generated ready=True bytes=36766193
[3792/3852] 1d234010-e280-2b1a-8da8-205855a16b6b-2 generated ready=True bytes=16454321
[3793/3852] 1d234010-e280-2b1a-8da8-205855a16b6b-3 generated ready=True bytes=11289425
[3794/3852] 1d234010-e280-2b1a-8da8-205855a16b6b-1 generated ready=True bytes=36760513
[3795/3852] 77361fc2-d054-2a22-8ae5-c56022c5e974-1 generated ready=True bytes=36746251
[3796/3852] 422885c3-192d-25fc-844a-645180810bfd-1 generated ready=True bytes=36759452
[3797/3852] bf9a3dd7-45a5-2e80-8330-58904c51c1a9-4 generated ready=True bytes=29027777
[3798/3852] bf9a3dd7-45a5-2e80-8330-58904c51c1a9-1 generated ready=True bytes=22277967
[3799/3852] bf9a3dd7-45a5-2e80-8330-58904c51c1a9-3 generated ready=True bytes=28890198
[3800/3852] 1776ad84-4db7-2333-8aa7-2cc9126d5f71-1 generated ready=True bytes=16458208
too few visible objects, scene missalignment possible
[3801/3852] 6bde60da-9162-246f-8ec0-a5f4760ef7b8-2 missing_output ready=False bytes=0
[3802/3852] bf9a3dd7-45a5-2e80-8330-58904c51c1a9-5 generated ready=True bytes=21984988
[3803/3852] bf9a3dd7-45a5-2e80-8330-58904c51c1a9-2 generated ready=True bytes=36734184
[3804/3852] c7895f8a-339c-2d13-82a6-bc530140d95d-1 generated ready=True bytes=22259680
[3805/3852] 7747a500-9431-24e8-8705-84f904e3bc57-1 generated ready=True bytes=36834618
[3806/3852] 7747a500-9431-24e8-8705-84f904e3bc57-2 generated ready=True bytes=36905708
[3807/3852] 7747a500-9431-24e8-8705-84f904e3bc57-3 generated ready=True bytes=36953988
[3808/3852] 7747a500-9431-24e8-8705-84f904e3bc57-5 generated ready=True bytes=11095452
[3809/3852] 6bde60da-9162-246f-8ec0-a5f4760ef7b8-1 generated ready=True bytes=29084830
[3810/3852] 0cac7604-8d6f-2d13-8e39-784396ee3b8c-1 generated ready=True bytes=22264334
[3811/3852] 7747a500-9431-24e8-8705-84f904e3bc57-4 generated ready=True bytes=36874162
[3812/3852] 0cac7604-8d6f-2d13-8e39-784396ee3b8c-2 generated ready=True bytes=22272430
[3813/3852] 0cac7604-8d6f-2d13-8e39-784396ee3b8c-3 generated ready=True bytes=7491847
[3814/3852] 6bde6047-9162-246f-8f57-9da22a267db0-2 generated ready=True bytes=16524196
[3815/3852] 0cac7554-8d6f-2d13-8f1f-5f6fcf08f931-2 generated ready=True bytes=29236280
[3816/3852] 569d8f03-72aa-2f24-882f-1ce08cc072e6-1 generated ready=True bytes=11567128
[3817/3852] 0cac7554-8d6f-2d13-8f1f-5f6fcf08f931-3 generated ready=True bytes=11169005
[3818/3852] 569d8f03-72aa-2f24-882f-1ce08cc072e6-2 generated ready=True bytes=16446943
[3819/3852] 569d8f03-72aa-2f24-882f-1ce08cc072e6-3 generated ready=True bytes=11425576
[3820/3852] 6bde6047-9162-246f-8f57-9da22a267db0-1 generated ready=True bytes=29091226
[3821/3852] 5341b7d9-8a66-2cdd-844b-cfdadb69ed63-1 generated ready=True bytes=29026723
[3822/3852] 5341b7d9-8a66-2cdd-844b-cfdadb69ed63-3 generated ready=True bytes=29022729
[3823/3852] 5341b7d9-8a66-2cdd-844b-cfdadb69ed63-2 generated ready=True bytes=29038630
[3824/3852] 0cac7554-8d6f-2d13-8f1f-5f6fcf08f931-1 generated ready=True bytes=29281454
[3825/3852] 0cac763b-8d6f-2d13-8c67-de3d97b48d39-1 generated ready=True bytes=16456733
[3826/3852] 0cac763b-8d6f-2d13-8c67-de3d97b48d39-2 generated ready=True bytes=22282768
[3827/3852] 47319770-f9f7-2a1a-9583-5aa0374a4d35-3 generated ready=True bytes=16440227
[3828/3852] 0cac763b-8d6f-2d13-8c67-de3d97b48d39-4 generated ready=True bytes=7070155
[3829/3852] 0cac763b-8d6f-2d13-8c67-de3d97b48d39-3 generated ready=True bytes=29032434
[3830/3852] 0cac75fe-8d6f-2d13-8dd8-87c100e95f4d-1 generated ready=True bytes=22273260
too few visible objects, scene missalignment possible
[3831/3852] 6bde6051-9162-246f-8fa1-c88a8a60a97e-1 missing_output ready=False bytes=0
[3832/3852] 0cac7644-8d6f-2d13-8e31-4a5219d710b9-1 generated ready=True bytes=22282271
[3833/3852] 0cac75fe-8d6f-2d13-8dd8-87c100e95f4d-2 generated ready=True bytes=29041674
[3834/3852] 47319770-f9f7-2a1a-9583-5aa0374a4d35-1 generated ready=True bytes=36853220
[3835/3852] 47319770-f9f7-2a1a-9583-5aa0374a4d35-2 generated ready=True bytes=36916025
[3836/3852] 0cac7644-8d6f-2d13-8e31-4a5219d710b9-2 generated ready=True bytes=29056299
[3837/3852] 0cac7644-8d6f-2d13-8e31-4a5219d710b9-3 generated ready=True bytes=29044022
[3838/3852] a38a57dc-8a91-2e91-937b-fac2c2e4949f-1 generated ready=True bytes=29035233
[3839/3852] 0cac7662-8d6f-2d13-8e2c-189aab269bae-1 generated ready=True bytes=22273239
[3840/3852] 0cac7662-8d6f-2d13-8e2c-189aab269bae-2 generated ready=True bytes=22283338
too few visible objects, scene missalignment possible
[3841/3852] 0cac7662-8d6f-2d13-8e2c-189aab269bae-4 missing_output ready=False bytes=0
[3842/3852] a38a57dc-8a91-2e91-937b-fac2c2e4949f-2 generated ready=True bytes=22295958
[3843/3852] a38a57dc-8a91-2e91-937b-fac2c2e4949f-3 generated ready=True bytes=36734407
[3844/3852] 0ad2d399-79e2-2212-99cf-7a3512734bd7-1 generated ready=True bytes=36765246
[3845/3852] 0cac7662-8d6f-2d13-8e2c-189aab269bae-3 generated ready=True bytes=22285559
[3846/3852] 0ad2d399-79e2-2212-99cf-7a3512734bd7-3 generated ready=True bytes=29054780
[3847/3852] 0ad2d399-79e2-2212-99cf-7a3512734bd7-2 generated ready=True bytes=36809802
[3848/3852] 0ad2d399-79e2-2212-99cf-7a3512734bd7-4 generated ready=True bytes=28922265
[3849/3852] 569d8f20-72aa-2f24-8a85-2d43d390ff9d-3 generated ready=True bytes=22264220
[3850/3852] 569d8f20-72aa-2f24-8a85-2d43d390ff9d-1 generated ready=True bytes=29025525
[3851/3852] 569d8f20-72aa-2f24-8a85-2d43d390ff9d-4 generated ready=True bytes=28889614
[3852/3852] 569d8f20-72aa-2f24-8a85-2d43d390ff9d-2 generated ready=True bytes=29096761
{
  "all_split_subgraph_count": 3852,
  "audit_only": false,
  "blockers": [],
  "claim_limit": "No Open3DSG raw dump, prediction JSONL, geometry join, metric, or improvement claim exists after preprocessing.",
  "config_patch": "experiments/H001_geom_reliability/sources/open3dsg/train_preprocess/config_patch.diff",
  "date_checked": "2026-05-07T22:51:29+00:00",
  "force": false,
  "limit": null,
  "next_action": "Acquire Open3DSG checkpoint/model artifacts, then run raw dump smoke.",
  "offset": 0,
  "open3dsg_source": "local_dataset/Open3DSG_staged/h001_runtime/source/open3dsg_source",
  "preprocessed_root": "local_dataset/Open3DSG_staged/training_repro/output/datasets/OpenSG_3RScan/preprocessed",
  "processed_subgraph_count": 3852,
  "schema_version": "h001_open3dsg_preprocess_v1",
  "split": "train",
  "staged_root": "local_dataset/Open3DSG_staged/training_repro",
  "status": "preprocess_partial_ready",
  "summary": {
    "actions": {
      "already_ready": 7,
      "generated": 3737,
      "missing_output": 108
    },
    "failed_records": [
      {
        "action": "missing_output",
        "after": {
          "exists": false,
          "objects_count": null,
          "predicate_count": null,
          "size_bytes": 0,
          "valid_pickle": false
        },
        "before": {
          "exists": false,
          "objects_count": null,
          "predicate_count": null,
          "size_bytes": 0,
          "valid_pickle": false
        },
        "error": null,
        "object_count_annotation": 8,
        "path": "local_dataset/Open3DSG_staged/training_repro/output/datasets/OpenSG_3RScan/preprocessed/0cac7538-8d6f-2d13-8c23-d635c21d0f17/data_dict_2.pkl",
        "relationship_count": 4,
        "relationship_id": "0cac7538-8d6f-2d13-8c23-d635c21d0f17-2",
        "scan_id": "0cac7538-8d6f-2d13-8c23-d635c21d0f17",
        "split": 2,
        "traceback": null
      },
      {
        "action": "missing_output",
        "after": {
          "exists": false,
          "objects_count": null,
          "predicate_count": null,
          "size_bytes": 0,
          "valid_pickle": false
        },
        "before": {
          "exists": false,
          "objects_count": null,
          "predicate_count": null,
          "size_bytes": 0,
          "valid_pickle": false
        },
        "error": null,
        "object_count_annotation": 9,
        "path": "local_dataset/Open3DSG_staged/training_repro/output/datasets/OpenSG_3RScan/preprocessed/0cac753c-8d6f-2d13-8e27-e0664fc33bb9/data_dict_1.pkl",
        "relationship_count": 29,
        "relationship_id": "0cac753c-8d6f-2d13-8e27-e0664fc33bb9-1",
        "scan_id": "0cac753c-8d6f-2d13-8e27-e0664fc33bb9",
        "split": 1,
        "traceback": null
      },
      {
        "action": "missing_output",
        "after": {
          "exists": false,
          "objects_count": null,
          "predicate_count": null,
          "size_bytes": 0,
          "valid_pickle": false
        },
        "before": {
          "exists": false,
          "objects_count": null,
          "predicate_count": null,
          "size_bytes": 0,
          "valid_pickle": false
        },
        "error": null,
        "object_count_annotation": 5,
        "path": "local_dataset/Open3DSG_staged/training_repro/output/datasets/OpenSG_3RScan/preprocessed/0cac757e-8d6f-2d13-8f1d-ef6123d53655/data_dict_5.pkl",
        "relationship_count": 10,
        "relationship_id": "0cac757e-8d6f-2d13-8f1d-ef6123d53655-5",
        "scan_id": "0cac757e-8d6f-2d13-8f1d-ef6123d53655",
        "split": 5,
        "traceback": null
      },
      {
        "action": "missing_output",
        "after": {
          "exists": false,
          "objects_count": null,
          "predicate_count": null,
          "size_bytes": 0,
          "valid_pickle": false
        },
        "before": {
          "exists": false,
          "objects_count": null,
          "predicate_count": null,
          "size_bytes": 0,
          "valid_pickle": false
        },
        "error": null,
        "object_count_annotation": 9,
        "path": "local_dataset/Open3DSG_staged/training_repro/output/datasets/OpenSG_3RScan/preprocessed/0cac75a1-8d6f-2d13-8dab-0ecc3b317dc7/data_dict_2.pkl",
        "relationship_count": 19,
        "relationship_id": "0cac75a1-8d6f-2d13-8dab-0ecc3b317dc7-2",
        "scan_id": "0cac75a1-8d6f-2d13-8dab-0ecc3b317dc7",
        "split": 2,
        "traceback": null
      },
      {
        "action": "missing_output",
        "after": {
          "exists": false,
          "objects_count": null,
          "predicate_count": null,
          "size_bytes": 0,
          "valid_pickle": false
        },
        "before": {
          "exists": false,
          "objects_count": null,
          "predicate_count": null,
          "size_bytes": 0,
          "valid_pickle": false
        },
        "error": null,
        "object_count_annotation": 8,
        "path": "local_dataset/Open3DSG_staged/training_repro/output/datasets/OpenSG_3RScan/preprocessed/0cac75a7-8d6f-2d13-8fdc-083ff44d10fb/data_dict_3.pkl",
        "relationship_count": 13,
        "relationship_id": "0cac75a7-8d6f-2d13-8fdc-083ff44d10fb-3",
        "scan_id": "0cac75a7-8d6f-2d13-8fdc-083ff44d10fb",
        "split": 3,
        "traceback": null
      },
      {
        "action": "missing_output",
        "after": {
          "exists": false,
          "objects_count": null,
          "predicate_count": null,
          "size_bytes": 0,
          "valid_pickle": false
        },
        "before": {
          "exists": false,
          "objects_count": null,
          "predicate_count": null,
          "size_bytes": 0,
          "valid_pickle": false
        },
        "error": null,
        "object_count_annotation": 6,
        "path": "local_dataset/Open3DSG_staged/training_repro/output/datasets/OpenSG_3RScan/preprocessed/0cac75af-8d6f-2d13-8f9e-ed3f62665aed/data_dict_1.pkl",
        "relationship_count": 11,
        "relationship_id": "0cac75af-8d6f-2d13-8f9e-ed3f62665aed-1",
        "scan_id": "0cac75af-8d6f-2d13-8f9e-ed3f62665aed",
        "split": 1,
        "traceback": null
      },
      {
        "action": "missing_output",
        "after": {
          "exists": false,
          "objects_count": null,
          "predicate_count": null,
          "size_bytes": 0,
          "valid_pickle": false
        },
        "before": {
          "exists": false,
          "objects_count": null,
          "predicate_count": null,
          "size_bytes": 0,
          "valid_pickle": false
        },
        "error": null,
        "object_count_annotation": 5,
        "path": "local_dataset/Open3DSG_staged/training_repro/output/datasets/OpenSG_3RScan/preprocessed/0cac75c4-8d6f-2d13-8c37-fcfaf141ae5a/data_dict_4.pkl",
        "relationship_count": 14,
        "relationship_id": "0cac75c4-8d6f-2d13-8c37-fcfaf141ae5a-4",
        "scan_id": "0cac75c4-8d6f-2d13-8c37-fcfaf141ae5a",
        "split": 4,
        "traceback": null
      },
      {
        "action": "missing_output",
        "after": {
          "exists": false,
          "objects_count": null,
          "predicate_count": null,
          "size_bytes": 0,
          "valid_pickle": false
        },
        "before": {
          "exists": false,
          "objects_count": null,
          "predicate_count": null,
          "size_bytes": 0,
          "valid_pickle": false
        },
        "error": null,
        "object_count_annotation": 5,
        "path": "local_dataset/Open3DSG_staged/training_repro/output/datasets/OpenSG_3RScan/preprocessed/0cac75cc-8d6f-2d13-8ddf-7b3c05e8709c/data_dict_3.pkl",
        "relationship_count": 14,
        "relationship_id": "0cac75cc-8d6f-2d13-8ddf-7b3c05e8709c-3",
        "scan_id": "0cac75cc-8d6f-2d13-8ddf-7b3c05e8709c",
        "split": 3,
        "traceback": null
      },
      {
        "action": "missing_output",
        "after": {
          "exists": false,
          "objects_count": null,
          "predicate_count": null,
          "size_bytes": 0,
          "valid_pickle": false
        },
        "before": {
          "exists": false,
          "objects_count": null,
          "predicate_count": null,
          "size_bytes": 0,
          "valid_pickle": false
        },
        "error": null,
        "object_count_annotation": 9,
        "path": "local_dataset/Open3DSG_staged/training_repro/output/datasets/OpenSG_3RScan/preprocessed/0cac75d0-8d6f-2d13-8c26-d771a31c3f50/data_dict_2.pkl",
        "relationship_count": 43,
        "relationship_id": "0cac75d0-8d6f-2d13-8c26-d771a31c3f50-2",
        "scan_id": "0cac75d0-8d6f-2d13-8c26-d771a31c3f50",
        "split": 2,
        "traceback": null
      },
      {
        "action": "missing_output",
        "after": {
          "exists": false,
          "objects_count": null,
          "predicate_count": null,
          "size_bytes": 0,
          "valid_pickle": false
        },
        "before": {
          "exists": false,
          "objects_count": null,
          "predicate_count": null,
          "size_bytes": 0,
          "valid_pickle": false
        },
        "error": null,
        "object_count_annotation": 5,
        "path": "local_dataset/Open3DSG_staged/training_repro/output/datasets/OpenSG_3RScan/preprocessed/0cac75f4-8d6f-2d13-8c10-ce688f7ac0af/data_dict_5.pkl",
        "relationship_count": 6,
        "relationship_id": "0cac75f4-8d6f-2d13-8c10-ce688f7ac0af-5",
        "scan_id": "0cac75f4-8d6f-2d13-8c10-ce688f7ac0af",
        "split": 5,
        "traceback": null
      },
      {
        "action": "missing_output",
        "after": {
          "exists": false,
          "objects_count": null,
          "predicate_count": null,
          "size_bytes": 0,
          "valid_pickle": false
        },
        "before": {
          "exists": false,
          "objects_count": null,
          "predicate_count": null,
          "size_bytes": 0,
          "valid_pickle": false
        },
        "error": null,
        "object_count_annotation": 9,
        "path": "local_dataset/Open3DSG_staged/training_repro/output/datasets/OpenSG_3RScan/preprocessed/0cac762f-8d6f-2d13-8e48-ed83163799fb/data_dict_8.pkl",
        "relationship_count": 37,
        "relationship_id": "0cac762f-8d6f-2d13-8e48-ed83163799fb-8",
        "scan_id": "0cac762f-8d6f-2d13-8e48-ed83163799fb",
        "split": 8,
        "traceback": null
      },
      {
        "action": "missing_output",
        "after": {
          "exists": false,
          "objects_count": null,
          "predicate_count": null,
          "size_bytes": 0,
          "valid_pickle": false
        },
        "before": {
          "exists": false,
          "objects_count": null,
          "predicate_count": null,
          "size_bytes": 0,
          "valid_pickle": false
        },
        "error": null,
        "object_count_annotation": 9,
        "path": "local_dataset/Open3DSG_staged/training_repro/output/datasets/OpenSG_3RScan/preprocessed/0cac764c-8d6f-2d13-8fec-15edfc3e53ad/data_dict_1.pkl",
        "relationship_count": 14,
        "relationship_id": "0cac764c-8d6f-2d13-8fec-15edfc3e53ad-1",
        "scan_id": "0cac764c-8d6f-2d13-8fec-15edfc3e53ad",
        "split": 1,
        "traceback": null
      },
      {
        "action": "missing_output",
        "after": {
          "exists": false,
          "objects_count": null,
          "predicate_count": null,
          "size_bytes": 0,
          "valid_pickle": false
        },
        "before": {
          "exists": false,
          "objects_count": null,
          "predicate_count": null,
          "size_bytes": 0,
          "valid_pickle": false
        },
        "error": null,
        "object_count_annotation": 5,
        "path": "local_dataset/Open3DSG_staged/training_repro/output/datasets/OpenSG_3RScan/preprocessed/0cac764c-8d6f-2d13-8fec-15edfc3e53ad/data_dict_5.pkl",
        "relationship_count": 3,
        "relationship_id": "0cac764c-8d6f-2d13-8fec-15edfc3e53ad-5",
        "scan_id": "0cac764c-8d6f-2d13-8fec-15edfc3e53ad",
        "split": 5,
        "traceback": null
      },
      {
        "action": "missing_output",
        "after": {
          "exists": false,
          "objects_count": null,
          "predicate_count": null,
          "size_bytes": 0,
          "valid_pickle": false
        },
        "before": {
          "exists": false,
          "objects_count": null,
          "predicate_count": null,
          "size_bytes": 0,
          "valid_pickle": false
        },
        "error": null,
        "object_count_annotation": 9,
        "path": "local_dataset/Open3DSG_staged/training_repro/output/datasets/OpenSG_3RScan/preprocessed/0cac7660-8d6f-2d13-8ecb-3e29d78a7718/data_dict_3.pkl",
        "relationship_count": 21,
        "relationship_id": "0cac7660-8d6f-2d13-8ecb-3e29d78a7718-3",
        "scan_id": "0cac7660-8d6f-2d13-8ecb-3e29d78a7718",
        "split": 3,
        "traceback": null
      },
      {
        "action": "missing_output",
        "after": {
          "exists": false,
          "objects_count": null,
          "predicate_count": null,
          "size_bytes": 0,
          "valid_pickle": false
        },
        "before": {
          "exists": false,
          "objects_count": null,
          "predicate_count": null,
          "size_bytes": 0,
          "valid_pickle": false
        },
        "error": null,
        "object_count_annotation": 5,
        "path": "local_dataset/Open3DSG_staged/training_repro/output/datasets/OpenSG_3RScan/preprocessed/0cac7662-8d6f-2d13-8e2c-189aab269bae/data_dict_4.pkl",
        "relationship_count": 8,
        "relationship_id": "0cac7662-8d6f-2d13-8e2c-189aab269bae-4",
        "scan_id": "0cac7662-8d6f-2d13-8e2c-189aab269bae",
        "split": 4,
        "traceback": null
      },
      {
        "action": "missing_output",
        "after": {
          "exists": false,
          "objects_count": null,
          "predicate_count": null,
          "size_bytes": 0,
          "valid_pickle": false
        },
        "before": {
          "exists": false,
          "objects_count": null,
          "predicate_count": null,
          "size_bytes": 0,
          "valid_pickle": false
        },
        "error": null,
        "object_count_annotation": 5,
        "path": "local_dataset/Open3DSG_staged/training_repro/output/datasets/OpenSG_3RScan/preprocessed/0cac7664-8d6f-2d13-8e1d-b97c9ab20b12/data_dict_4.pkl",
        "relationship_count": 17,
        "relationship_id": "0cac7664-8d6f-2d13-8e1d-b97c9ab20b12-4",
        "scan_id": "0cac7664-8d6f-2d13-8e1d-b97c9ab20b12",
        "split": 4,
        "traceback": null
      },
      {
        "action": "missing_output",
        "after": {
          "exists": false,
          "objects_count": null,
          "predicate_count": null,
          "size_bytes": 0,
          "valid_pickle": false
        },
        "before": {
          "exists": false,
          "objects_count": null,
          "predicate_count": null,
          "size_bytes": 0,
          "valid_pickle": false
        },
        "error": null,
        "object_count_annotation": 5,
        "path": "local_dataset/Open3DSG_staged/training_repro/output/datasets/OpenSG_3RScan/preprocessed/0cac768a-8d6f-2d13-8dd3-3cbb7d916641/data_dict_1.pkl",
        "relationship_count": 4,
        "relationship_id": "0cac768a-8d6f-2d13-8dd3-3cbb7d916641-1",
        "scan_id": "0cac768a-8d6f-2d13-8dd3-3cbb7d916641",
        "split": 1,
        "traceback": null
      },
      {
        "action": "missing_output",
        "after": {
          "exists": false,
          "objects_count": null,
          "predicate_count": null,
          "size_bytes": 0,
          "valid_pickle": false
        },
        "before": {
          "exists": false,
          "objects_count": null,
          "predicate_count": null,
          "size_bytes": 0,
          "valid_pickle": false
        },
        "error": null,
        "object_count_annotation": 9,
        "path": "local_dataset/Open3DSG_staged/training_repro/output/datasets/OpenSG_3RScan/preprocessed/13124cc6-cec3-27a6-86dc-7f23b894c85c/data_dict_1.pkl",
        "relationship_count": 15,
        "relationship_id": "13124cc6-cec3-27a6-86dc-7f23b894c85c-1",
        "scan_id": "13124cc6-cec3-27a6-86dc-7f23b894c85c",
        "split": 1,
        "traceback": null
      },
      {
        "action": "missing_output",
        "after": {
          "exists": false,
          "objects_count": null,
          "predicate_count": null,
          "size_bytes": 0,
          "valid_pickle": false
        },
        "before": {
          "exists": false,
          "objects_count": null,
          "predicate_count": null,
          "size_bytes": 0,
          "valid_pickle": false
        },
        "error": null,
        "object_count_annotation": 5,
        "path": "local_dataset/Open3DSG_staged/training_repro/output/datasets/OpenSG_3RScan/preprocessed/13124cc6-cec3-27a6-86dc-7f23b894c85c/data_dict_3.pkl",
        "relationship_count": 9,
        "relationship_id": "13124cc6-cec3-27a6-86dc-7f23b894c85c-3",
        "scan_id": "13124cc6-cec3-27a6-86dc-7f23b894c85c",
        "split": 3,
        "traceback": null
      },
      {
        "action": "missing_output",
        "after": {
          "exists": false,
          "objects_count": null,
          "predicate_count": null,
          "size_bytes": 0,
          "valid_pickle": false
        },
        "before": {
          "exists": false,
          "objects_count": null,
          "predicate_count": null,
          "size_bytes": 0,
          "valid_pickle": false
        },
        "error": null,
        "object_count_annotation": 5,
        "path": "local_dataset/Open3DSG_staged/training_repro/output/datasets/OpenSG_3RScan/preprocessed/1776ad78-4db7-2333-887f-d6b6a617255a/data_dict_4.pkl",
        "relationship_count": 4,
        "relationship_id": "1776ad78-4db7-2333-887f-d6b6a617255a-4",
        "scan_id": "1776ad78-4db7-2333-887f-d6b6a617255a",
        "split": 4,
        "traceback": null
      },
      {
        "action": "missing_output",
        "after": {
          "exists": false,
          "objects_count": null,
          "predicate_count": null,
          "size_bytes": 0,
          "valid_pickle": false
        },
        "before": {
          "exists": false,
          "objects_count": null,
          "predicate_count": null,
          "size_bytes": 0,
          "valid_pickle": false
        },
        "error": null,
        "object_count_annotation": 9,
        "path": "local_dataset/Open3DSG_staged/training_repro/output/datasets/OpenSG_3RScan/preprocessed/1c211548-f201-2d25-8686-8e8069116451/data_dict_1.pkl",
        "relationship_count": 18,
        "relationship_id": "1c211548-f201-2d25-8686-8e8069116451-1",
        "scan_id": "1c211548-f201-2d25-8686-8e8069116451",
        "split": 1,
        "traceback": null
      },
      {
        "action": "missing_output",
        "after": {
          "exists": false,
          "objects_count": null,
          "predicate_count": null,
          "size_bytes": 0,
          "valid_pickle": false
        },
        "before": {
          "exists": false,
          "objects_count": null,
          "predicate_count": null,
          "size_bytes": 0,
          "valid_pickle": false
        },
        "error": null,
        "object_count_annotation": 9,
        "path": "local_dataset/Open3DSG_staged/training_repro/output/datasets/OpenSG_3RScan/preprocessed/1c211548-f201-2d25-8686-8e8069116451/data_dict_3.pkl",
        "relationship_count": 34,
        "relationship_id": "1c211548-f201-2d25-8686-8e8069116451-3",
        "scan_id": "1c211548-f201-2d25-8686-8e8069116451",
        "split": 3,
        "traceback": null
      },
      {
        "action": "missing_output",
        "after": {
          "exists": false,
          "objects_count": null,
          "predicate_count": null,
          "size_bytes": 0,
          "valid_pickle": false
        },
        "before": {
          "exists": false,
          "objects_count": null,
          "predicate_count": null,
          "size_bytes": 0,
          "valid_pickle": false
        },
        "error": null,
        "object_count_annotation": 2,
        "path": "local_dataset/Open3DSG_staged/training_repro/output/datasets/OpenSG_3RScan/preprocessed/1d234000-e280-2b1a-8d5e-bd2403a8dbfa/data_dict_1.pkl",
        "relationship_count": 1,
        "relationship_id": "1d234000-e280-2b1a-8d5e-bd2403a8dbfa-1",
        "scan_id": "1d234000-e280-2b1a-8d5e-bd2403a8dbfa",
        "split": 1,
        "traceback": null
      },
      {
        "action": "missing_output",
        "after": {
          "exists": false,
          "objects_count": null,
          "predicate_count": null,
          "size_bytes": 0,
          "valid_pickle": false
        },
        "before": {
          "exists": false,
          "objects_count": null,
          "predicate_count": null,
          "size_bytes": 0,
          "valid_pickle": false
        },
        "error": null,
        "object_count_annotation": 3,
        "path": "local_dataset/Open3DSG_staged/training_repro/output/datasets/OpenSG_3RScan/preprocessed/1d234002-e280-2b1a-8c8d-6aafb5b35a24/data_dict_1.pkl",
        "relationship_count": 2,
        "relationship_id": "1d234002-e280-2b1a-8c8d-6aafb5b35a24-1",
        "scan_id": "1d234002-e280-2b1a-8c8d-6aafb5b35a24",
        "split": 1,
        "traceback": null
      },
      {
        "action": "missing_output",
        "after": {
          "exists": false,
          "objects_count": null,
          "predicate_count": null,
          "size_bytes": 0,
          "valid_pickle": false
        },
        "before": {
          "exists": false,
          "objects_count": null,
          "predicate_count": null,
          "size_bytes": 0,
          "valid_pickle": false
        },
        "error": null,
        "object_count_annotation": 5,
        "path": "local_dataset/Open3DSG_staged/training_repro/output/datasets/OpenSG_3RScan/preprocessed/1d234006-e280-2b1a-8e34-b2f670259e8d/data_dict_3.pkl",
        "relationship_count": 5,
        "relationship_id": "1d234006-e280-2b1a-8e34-b2f670259e8d-3",
        "scan_id": "1d234006-e280-2b1a-8e34-b2f670259e8d",
        "split": 3,
        "traceback": null
      },
      {
        "action": "missing_output",
        "after": {
          "exists": false,
          "objects_count": null,
          "predicate_count": null,
          "size_bytes": 0,
          "valid_pickle": false
        },
        "before": {
          "exists": false,
          "objects_count": null,
          "predicate_count": null,
          "size_bytes": 0,
          "valid_pickle": false
        },
        "error": null,
        "object_count_annotation": 5,
        "path": "local_dataset/Open3DSG_staged/training_repro/output/datasets/OpenSG_3RScan/preprocessed/1d234008-e280-2b1a-8cc9-c573097cd272/data_dict_3.pkl",
        "relationship_count": 5,
        "relationship_id": "1d234008-e280-2b1a-8cc9-c573097cd272-3",
        "scan_id": "1d234008-e280-2b1a-8cc9-c573097cd272",
        "split": 3,
        "traceback": null
      },
      {
        "action": "missing_output",
        "after": {
          "exists": false,
          "objects_count": null,
          "predicate_count": null,
          "size_bytes": 0,
          "valid_pickle": false
        },
        "before": {
          "exists": false,
          "objects_count": null,
          "predicate_count": null,
          "size_bytes": 0,
          "valid_pickle": false
        },
        "error": null,
        "object_count_annotation": 3,
        "path": "local_dataset/Open3DSG_staged/training_repro/output/datasets/OpenSG_3RScan/preprocessed/20c99397-698f-29c5-8534-5304111c28af/data_dict_1.pkl",
        "relationship_count": 6,
        "relationship_id": "20c99397-698f-29c5-8534-5304111c28af-1",
        "scan_id": "20c99397-698f-29c5-8534-5304111c28af",
        "split": 1,
        "traceback": null
      },
      {
        "action": "missing_output",
        "after": {
          "exists": false,
          "objects_count": null,
          "predicate_count": null,
          "size_bytes": 0,
          "valid_pickle": false
        },
        "before": {
          "exists": false,
          "objects_count": null,
          "predicate_count": null,
          "size_bytes": 0,
          "valid_pickle": false
        },
        "error": null,
        "object_count_annotation": 9,
        "path": "local_dataset/Open3DSG_staged/training_repro/output/datasets/OpenSG_3RScan/preprocessed/20c993ad-698f-29c5-8580-879f93258149/data_dict_4.pkl",
        "relationship_count": 18,
        "relationship_id": "20c993ad-698f-29c5-8580-879f93258149-4",
        "scan_id": "20c993ad-698f-29c5-8580-879f93258149",
        "split": 4,
        "traceback": null
      },
      {
        "action": "missing_output",
        "after": {
          "exists": false,
          "objects_count": null,
          "predicate_count": null,
          "size_bytes": 0,
          "valid_pickle": false
        },
        "before": {
          "exists": false,
          "objects_count": null,
          "predicate_count": null,
          "size_bytes": 0,
          "valid_pickle": false
        },
        "error": null,
        "object_count_annotation": 3,
        "path": "local_dataset/Open3DSG_staged/training_repro/output/datasets/OpenSG_3RScan/preprocessed/20c993c5-698f-29c5-8604-3248ede4091f/data_dict_1.pkl",
        "relationship_count": 4,
        "relationship_id": "20c993c5-698f-29c5-8604-3248ede4091f-1",
        "scan_id": "20c993c5-698f-29c5-8604-3248ede4091f",
        "split": 1,
        "traceback": null
      },
      {
        "action": "missing_output",
        "after": {
          "exists": false,
          "objects_count": null,
          "predicate_count": null,
          "size_bytes": 0,
          "valid_pickle": false
        },
        "before": {
          "exists": false,
          "objects_count": null,
          "predicate_count": null,
          "size_bytes": 0,
          "valid_pickle": false
        },
        "error": null,
        "object_count_annotation": 4,
        "path": "local_dataset/Open3DSG_staged/training_repro/output/datasets/OpenSG_3RScan/preprocessed/20c993c7-698f-29c5-8685-0d1a2a4a3496/data_dict_1.pkl",
        "relationship_count": 4,
        "relationship_id": "20c993c7-698f-29c5-8685-0d1a2a4a3496-1",
        "scan_id": "20c993c7-698f-29c5-8685-0d1a2a4a3496",
        "split": 1,
        "traceback": null
      },
      {
        "action": "missing_output",
        "after": {
          "exists": false,
          "objects_count": null,
          "predicate_count": null,
          "size_bytes": 0,
          "valid_pickle": false
        },
        "before": {
          "exists": false,
          "objects_count": null,
          "predicate_count": null,
          "size_bytes": 0,
          "valid_pickle": false
        },
        "error": null,
        "object_count_annotation": 9,
        "path": "local_dataset/Open3DSG_staged/training_repro/output/datasets/OpenSG_3RScan/preprocessed/20c993cb-698f-29c5-86fd-1a409a569219/data_dict_5.pkl",
        "relationship_count": 38,
        "relationship_id": "20c993cb-698f-29c5-86fd-1a409a569219-5",
        "scan_id": "20c993cb-698f-29c5-86fd-1a409a569219",
        "split": 5,
        "traceback": null
      },
      {
        "action": "missing_output",
        "after": {
          "exists": false,
          "objects_count": null,
          "predicate_count": null,
          "size_bytes": 0,
          "valid_pickle": false
        },
        "before": {
          "exists": false,
          "objects_count": null,
          "predicate_count": null,
          "size_bytes": 0,
          "valid_pickle": false
        },
        "error": null,
        "object_count_annotation": 9,
        "path": "local_dataset/Open3DSG_staged/training_repro/output/datasets/OpenSG_3RScan/preprocessed/20c993cb-698f-29c5-86fd-1a409a569219/data_dict_6.pkl",
        "relationship_count": 19,
        "relationship_id": "20c993cb-698f-29c5-86fd-1a409a569219-6",
        "scan_id": "20c993cb-698f-29c5-86fd-1a409a569219",
        "split": 6,
        "traceback": null
      },
      {
        "action": "missing_output",
        "after": {
          "exists": false,
          "objects_count": null,
          "predicate_count": null,
          "size_bytes": 0,
          "valid_pickle": false
        },
        "before": {
          "exists": false,
          "objects_count": null,
          "predicate_count": null,
          "size_bytes": 0,
          "valid_pickle": false
        },
        "error": null,
        "object_count_annotation": 9,
        "path": "local_dataset/Open3DSG_staged/training_repro/output/datasets/OpenSG_3RScan/preprocessed/2451c057-fae8-24f6-92b8-df89e0429f6e/data_dict_2.pkl",
        "relationship_count": 7,
        "relationship_id": "2451c057-fae8-24f6-92b8-df89e0429f6e-2",
        "scan_id": "2451c057-fae8-24f6-92b8-df89e0429f6e",
        "split": 2,
        "traceback": null
      },
      {
        "action": "missing_output",
        "after": {
          "exists": false,
          "objects_count": null,
          "predicate_count": null,
          "size_bytes": 0,
          "valid_pickle": false
        },
        "before": {
          "exists": false,
          "objects_count": null,
          "predicate_count": null,
          "size_bytes": 0,
          "valid_pickle": false
        },
        "error": null,
        "object_count_annotation": 9,
        "path": "local_dataset/Open3DSG_staged/training_repro/output/datasets/OpenSG_3RScan/preprocessed/352e9c36-69fb-27a7-889f-69b450a22b74/data_dict_6.pkl",
        "relationship_count": 71,
        "relationship_id": "352e9c36-69fb-27a7-889f-69b450a22b74-6",
        "scan_id": "352e9c36-69fb-27a7-889f-69b450a22b74",
        "split": 6,
        "traceback": null
      },
      {
        "action": "missing_output",
        "after": {
          "exists": false,
          "objects_count": null,
          "predicate_count": null,
          "size_bytes": 0,
          "valid_pickle": false
        },
        "before": {
          "exists": false,
          "objects_count": null,
          "predicate_count": null,
          "size_bytes": 0,
          "valid_pickle": false
        },
        "error": null,
        "object_count_annotation": 7,
        "path": "local_dataset/Open3DSG_staged/training_repro/output/datasets/OpenSG_3RScan/preprocessed/355465d0-d29b-29f9-94f2-7707ac505bae/data_dict_2.pkl",
        "relationship_count": 64,
        "relationship_id": "355465d0-d29b-29f9-94f2-7707ac505bae-2",
        "scan_id": "355465d0-d29b-29f9-94f2-7707ac505bae",
        "split": 2,
        "traceback": null
      },
      {
        "action": "missing_output",
        "after": {
          "exists": false,
          "objects_count": null,
          "predicate_count": null,
          "size_bytes": 0,
          "valid_pickle": false
        },
        "before": {
          "exists": false,
          "objects_count": null,
          "predicate_count": null,
          "size_bytes": 0,
          "valid_pickle": false
        },
        "error": null,
        "object_count_annotation": 9,
        "path": "local_dataset/Open3DSG_staged/training_repro/output/datasets/OpenSG_3RScan/preprocessed/355465d4-d29b-29f9-9550-e366a10d6924/data_dict_1.pkl",
        "relationship_count": 81,
        "relationship_id": "355465d4-d29b-29f9-9550-e366a10d6924-1",
        "scan_id": "355465d4-d29b-29f9-9550-e366a10d6924",
        "split": 1,
        "traceback": null
      },
      {
        "action": "missing_output",
        "after": {
          "exists": false,
          "objects_count": null,
          "predicate_count": null,
          "size_bytes": 0,
          "valid_pickle": false
        },
        "before": {
          "exists": false,
          "objects_count": null,
          "predicate_count": null,
          "size_bytes": 0,
          "valid_pickle": false
        },
        "error": null,
        "object_count_annotation": 8,
        "path": "local_dataset/Open3DSG_staged/training_repro/output/datasets/OpenSG_3RScan/preprocessed/35788e22-696e-2374-8898-bc5d06109906/data_dict_8.pkl",
        "relationship_count": 47,
        "relationship_id": "35788e22-696e-2374-8898-bc5d06109906-8",
        "scan_id": "35788e22-696e-2374-8898-bc5d06109906",
        "split": 8,
        "traceback": null
      },
      {
        "action": "missing_output",
        "after": {
          "exists": false,
          "objects_count": null,
          "predicate_count": null,
          "size_bytes": 0,
          "valid_pickle": false
        },
        "before": {
          "exists": false,
          "objects_count": null,
          "predicate_count": null,
          "size_bytes": 0,
          "valid_pickle": false
        },
        "error": null,
        "object_count_annotation": 7,
        "path": "local_dataset/Open3DSG_staged/training_repro/output/datasets/OpenSG_3RScan/preprocessed/43b8caf1-6678-2e38-9ab4-0bdde7337aac/data_dict_1.pkl",
        "relationship_count": 9,
        "relationship_id": "43b8caf1-6678-2e38-9ab4-0bdde7337aac-1",
        "scan_id": "43b8caf1-6678-2e38-9ab4-0bdde7337aac",
        "split": 1,
        "traceback": null
      },
      {
        "action": "missing_output",
        "after": {
          "exists": false,
          "objects_count": null,
          "predicate_count": null,
          "size_bytes": 0,
          "valid_pickle": false
        },
        "before": {
          "exists": false,
          "objects_count": null,
          "predicate_count": null,
          "size_bytes": 0,
          "valid_pickle": false
        },
        "error": null,
        "object_count_annotation": 5,
        "path": "local_dataset/Open3DSG_staged/training_repro/output/datasets/OpenSG_3RScan/preprocessed/48005c67-7d67-29ec-85e7-ad30a2aac1e0/data_dict_5.pkl",
        "relationship_count": 3,
        "relationship_id": "48005c67-7d67-29ec-85e7-ad30a2aac1e0-5",
        "scan_id": "48005c67-7d67-29ec-85e7-ad30a2aac1e0",
        "split": 5,
        "traceback": null
      },
      {
        "action": "missing_output",
        "after": {
          "exists": false,
          "objects_count": null,
          "predicate_count": null,
          "size_bytes": 0,
          "valid_pickle": false
        },
        "before": {
          "exists": false,
          "objects_count": null,
          "predicate_count": null,
          "size_bytes": 0,
          "valid_pickle": false
        },
        "error": null,
        "object_count_annotation": 2,
        "path": "local_dataset/Open3DSG_staged/training_repro/output/datasets/OpenSG_3RScan/preprocessed/4a9a43d8-7736-2874-86fc-098deb94c868/data_dict_1.pkl",
        "relationship_count": 1,
        "relationship_id": "4a9a43d8-7736-2874-86fc-098deb94c868-1",
        "scan_id": "4a9a43d8-7736-2874-86fc-098deb94c868",
        "split": 1,
        "traceback": null
      },
      {
        "action": "missing_output",
        "after": {
          "exists": false,
          "objects_count": null,
          "predicate_count": null,
          "size_bytes": 0,
          "valid_pickle": false
        },
        "before": {
          "exists": false,
          "objects_count": null,
          "predicate_count": null,
          "size_bytes": 0,
          "valid_pickle": false
        },
        "error": null,
        "object_count_annotation": 9,
        "path": "local_dataset/Open3DSG_staged/training_repro/output/datasets/OpenSG_3RScan/preprocessed/4e858c93-fd93-2cb4-86d6-12f652012a40/data_dict_3.pkl",
        "relationship_count": 85,
        "relationship_id": "4e858c93-fd93-2cb4-86d6-12f652012a40-3",
        "scan_id": "4e858c93-fd93-2cb4-86d6-12f652012a40",
        "split": 3,
        "traceback": null
      },
      {
        "action": "missing_output",
        "after": {
          "exists": false,
          "objects_count": null,
          "predicate_count": null,
          "size_bytes": 0,
          "valid_pickle": false
        },
        "before": {
          "exists": false,
          "objects_count": null,
          "predicate_count": null,
          "size_bytes": 0,
          "valid_pickle": false
        },
        "error": null,
        "object_count_annotation": 9,
        "path": "local_dataset/Open3DSG_staged/training_repro/output/datasets/OpenSG_3RScan/preprocessed/4e858c9d-fd93-2cb4-859e-c508af1e5449/data_dict_1.pkl",
        "relationship_count": 48,
        "relationship_id": "4e858c9d-fd93-2cb4-859e-c508af1e5449-1",
        "scan_id": "4e858c9d-fd93-2cb4-859e-c508af1e5449",
        "split": 1,
        "traceback": null
      },
      {
        "action": "missing_output",
        "after": {
          "exists": false,
          "objects_count": null,
          "predicate_count": null,
          "size_bytes": 0,
          "valid_pickle": false
        },
        "before": {
          "exists": false,
          "objects_count": null,
          "predicate_count": null,
          "size_bytes": 0,
          "valid_pickle": false
        },
        "error": null,
        "object_count_annotation": 6,
        "path": "local_dataset/Open3DSG_staged/training_repro/output/datasets/OpenSG_3RScan/preprocessed/5341b79b-8a66-2cdd-84cd-d6dfbb614837/data_dict_3.pkl",
        "relationship_count": 2,
        "relationship_id": "5341b79b-8a66-2cdd-84cd-d6dfbb614837-3",
        "scan_id": "5341b79b-8a66-2cdd-84cd-d6dfbb614837",
        "split": 3,
        "traceback": null
      },
      {
        "action": "missing_output",
        "after": {
          "exists": false,
          "objects_count": null,
          "predicate_count": null,
          "size_bytes": 0,
          "valid_pickle": false
        },
        "before": {
          "exists": false,
          "objects_count": null,
          "predicate_count": null,
          "size_bytes": 0,
          "valid_pickle": false
        },
        "error": null,
        "object_count_annotation": 9,
        "path": "local_dataset/Open3DSG_staged/training_repro/output/datasets/OpenSG_3RScan/preprocessed/5341b7b5-8a66-2cdd-841d-805bfa2c44b5/data_dict_4.pkl",
        "relationship_count": 12,
        "relationship_id": "5341b7b5-8a66-2cdd-841d-805bfa2c44b5-4",
        "scan_id": "5341b7b5-8a66-2cdd-841d-805bfa2c44b5",
        "split": 4,
        "traceback": null
      },
      {
        "action": "missing_output",
        "after": {
          "exists": false,
          "objects_count": null,
          "predicate_count": null,
          "size_bytes": 0,
          "valid_pickle": false
        },
        "before": {
          "exists": false,
          "objects_count": null,
          "predicate_count": null,
          "size_bytes": 0,
          "valid_pickle": false
        },
        "error": null,
        "object_count_annotation": 9,
        "path": "local_dataset/Open3DSG_staged/training_repro/output/datasets/OpenSG_3RScan/preprocessed/5555106a-36f1-29c0-8913-df1ba3c3cfd5/data_dict_5.pkl",
        "relationship_count": 9,
        "relationship_id": "5555106a-36f1-29c0-8913-df1ba3c3cfd5-5",
        "scan_id": "5555106a-36f1-29c0-8913-df1ba3c3cfd5",
        "split": 5,
        "traceback": null
      },
      {
        "action": "missing_output",
        "after": {
          "exists": false,
          "objects_count": null,
          "predicate_count": null,
          "size_bytes": 0,
          "valid_pickle": false
        },
        "before": {
          "exists": false,
          "objects_count": null,
          "predicate_count": null,
          "size_bytes": 0,
          "valid_pickle": false
        },
        "error": null,
        "object_count_annotation": 7,
        "path": "local_dataset/Open3DSG_staged/training_repro/output/datasets/OpenSG_3RScan/preprocessed/55551079-36f1-29c0-8bcf-aa3b2450b9c5/data_dict_2.pkl",
        "relationship_count": 4,
        "relationship_id": "55551079-36f1-29c0-8bcf-aa3b2450b9c5-2",
        "scan_id": "55551079-36f1-29c0-8bcf-aa3b2450b9c5",
        "split": 2,
        "traceback": null
      },
      {
        "action": "missing_output",
        "after": {
          "exists": false,
          "objects_count": null,
          "predicate_count": null,
          "size_bytes": 0,
          "valid_pickle": false
        },
        "before": {
          "exists": false,
          "objects_count": null,
          "predicate_count": null,
          "size_bytes": 0,
          "valid_pickle": false
        },
        "error": null,
        "object_count_annotation": 5,
        "path": "local_dataset/Open3DSG_staged/training_repro/output/datasets/OpenSG_3RScan/preprocessed/569d8f11-72aa-2f24-88ea-bd6aa4f1d84c/data_dict_5.pkl",
        "relationship_count": 3,
        "relationship_id": "569d8f11-72aa-2f24-88ea-bd6aa4f1d84c-5",
        "scan_id": "569d8f11-72aa-2f24-88ea-bd6aa4f1d84c",
        "split": 5,
        "traceback": null
      },
      {
        "action": "missing_output",
        "after": {
          "exists": false,
          "objects_count": null,
          "predicate_count": null,
          "size_bytes": 0,
          "valid_pickle": false
        },
        "before": {
          "exists": false,
          "objects_count": null,
          "predicate_count": null,
          "size_bytes": 0,
          "valid_pickle": false
        },
        "error": null,
        "object_count_annotation": 2,
        "path": "local_dataset/Open3DSG_staged/training_repro/output/datasets/OpenSG_3RScan/preprocessed/56d957e9-0184-2301-8c3e-ff1c86c6b50c/data_dict_1.pkl",
        "relationship_count": 1,
        "relationship_id": "56d957e9-0184-2301-8c3e-ff1c86c6b50c-1",
        "scan_id": "56d957e9-0184-2301-8c3e-ff1c86c6b50c",
        "split": 1,
        "traceback": null
      },
      {
        "action": "missing_output",
        "after": {
          "exists": false,
          "objects_count": null,
          "predicate_count": null,
          "size_bytes": 0,
          "valid_pickle": false
        },
        "before": {
          "exists": false,
          "objects_count": null,
          "predicate_count": null,
          "size_bytes": 0,
          "valid_pickle": false
        },
        "error": null,
        "object_count_annotation": 2,
        "path": "local_dataset/Open3DSG_staged/training_repro/output/datasets/OpenSG_3RScan/preprocessed/56d957ed-0184-2301-8f4f-616c3b537e45/data_dict_1.pkl",
        "relationship_count": 1,
        "relationship_id": "56d957ed-0184-2301-8f4f-616c3b537e45-1",
        "scan_id": "56d957ed-0184-2301-8f4f-616c3b537e45",
        "split": 1,
        "traceback": null
      },
      {
        "action": "missing_output",
        "after": {
          "exists": false,
          "objects_count": null,
          "predicate_count": null,
          "size_bytes": 0,
          "valid_pickle": false
        },
        "before": {
          "exists": false,
          "objects_count": null,
          "predicate_count": null,
          "size_bytes": 0,
          "valid_pickle": false
        },
        "error": null,
        "object_count_annotation": 5,
        "path": "local_dataset/Open3DSG_staged/training_repro/output/datasets/OpenSG_3RScan/preprocessed/68bae772-3567-2f7c-804c-d77a47cdc508/data_dict_4.pkl",
        "relationship_count": 1,
        "relationship_id": "68bae772-3567-2f7c-804c-d77a47cdc508-4",
        "scan_id": "68bae772-3567-2f7c-804c-d77a47cdc508",
        "split": 4,
        "traceback": null
      },
      {
        "action": "missing_output",
        "after": {
          "exists": false,
          "objects_count": null,
          "predicate_count": null,
          "size_bytes": 0,
          "valid_pickle": false
        },
        "before": {
          "exists": false,
          "objects_count": null,
          "predicate_count": null,
          "size_bytes": 0,
          "valid_pickle": false
        },
        "error": null,
        "object_count_annotation": 9,
        "path": "local_dataset/Open3DSG_staged/training_repro/output/datasets/OpenSG_3RScan/preprocessed/6a36053b-fa53-2915-9716-6b5361c7791a/data_dict_3.pkl",
        "relationship_count": 2,
        "relationship_id": "6a36053b-fa53-2915-9716-6b5361c7791a-3",
        "scan_id": "6a36053b-fa53-2915-9716-6b5361c7791a",
        "split": 3,
        "traceback": null
      },
      {
        "action": "missing_output",
        "after": {
          "exists": false,
          "objects_count": null,
          "predicate_count": null,
          "size_bytes": 0,
          "valid_pickle": false
        },
        "before": {
          "exists": false,
          "objects_count": null,
          "predicate_count": null,
          "size_bytes": 0,
          "valid_pickle": false
        },
        "error": null,
        "object_count_annotation": 9,
        "path": "local_dataset/Open3DSG_staged/training_repro/output/datasets/OpenSG_3RScan/preprocessed/6a36053f-fa53-2915-9579-3938283bc154/data_dict_1.pkl",
        "relationship_count": 12,
        "relationship_id": "6a36053f-fa53-2915-9579-3938283bc154-1",
        "scan_id": "6a36053f-fa53-2915-9579-3938283bc154",
        "split": 1,
        "traceback": null
      },
      {
        "action": "missing_output",
        "after": {
          "exists": false,
          "objects_count": null,
          "predicate_count": null,
          "size_bytes": 0,
          "valid_pickle": false
        },
        "before": {
          "exists": false,
          "objects_count": null,
          "predicate_count": null,
          "size_bytes": 0,
          "valid_pickle": false
        },
        "error": null,
        "object_count_annotation": 8,
        "path": "local_dataset/Open3DSG_staged/training_repro/output/datasets/OpenSG_3RScan/preprocessed/6a360543-fa53-2915-95a7-697af24d1d25/data_dict_4.pkl",
        "relationship_count": 16,
        "relationship_id": "6a360543-fa53-2915-95a7-697af24d1d25-4",
        "scan_id": "6a360543-fa53-2915-95a7-697af24d1d25",
        "split": 4,
        "traceback": null
      },
      {
        "action": "missing_output",
        "after": {
          "exists": false,
          "objects_count": null,
          "predicate_count": null,
          "size_bytes": 0,
          "valid_pickle": false
        },
        "before": {
          "exists": false,
          "objects_count": null,
          "predicate_count": null,
          "size_bytes": 0,
          "valid_pickle": false
        },
        "error": null,
        "object_count_annotation": 9,
        "path": "local_dataset/Open3DSG_staged/training_repro/output/datasets/OpenSG_3RScan/preprocessed/6bde6045-9162-246f-8dff-b27ff180a6ae/data_dict_2.pkl",
        "relationship_count": 18,
        "relationship_id": "6bde6045-9162-246f-8dff-b27ff180a6ae-2",
        "scan_id": "6bde6045-9162-246f-8dff-b27ff180a6ae",
        "split": 2,
        "traceback": null
      },
      {
        "action": "missing_output",
        "after": {
          "exists": false,
          "objects_count": null,
          "predicate_count": null,
          "size_bytes": 0,
          "valid_pickle": false
        },
        "before": {
          "exists": false,
          "objects_count": null,
          "predicate_count": null,
          "size_bytes": 0,
          "valid_pickle": false
        },
        "error": null,
        "object_count_annotation": 2,
        "path": "local_dataset/Open3DSG_staged/training_repro/output/datasets/OpenSG_3RScan/preprocessed/6bde604d-9162-246f-8d7d-631c1e992162/data_dict_1.pkl",
        "relationship_count": 1,
        "relationship_id": "6bde604d-9162-246f-8d7d-631c1e992162-1",
        "scan_id": "6bde604d-9162-246f-8d7d-631c1e992162",
        "split": 1,
        "traceback": null
      },
      {
        "action": "missing_output",
        "after": {
          "exists": false,
          "objects_count": null,
          "predicate_count": null,
          "size_bytes": 0,
          "valid_pickle": false
        },
        "before": {
          "exists": false,
          "objects_count": null,
          "predicate_count": null,
          "size_bytes": 0,
          "valid_pickle": false
        },
        "error": null,
        "object_count_annotation": 2,
        "path": "local_dataset/Open3DSG_staged/training_repro/output/datasets/OpenSG_3RScan/preprocessed/6bde6051-9162-246f-8fa1-c88a8a60a97e/data_dict_1.pkl",
        "relationship_count": 1,
        "relationship_id": "6bde6051-9162-246f-8fa1-c88a8a60a97e-1",
        "scan_id": "6bde6051-9162-246f-8fa1-c88a8a60a97e",
        "split": 1,
        "traceback": null
      },
      {
        "action": "missing_output",
        "after": {
          "exists": false,
          "objects_count": null,
          "predicate_count": null,
          "size_bytes": 0,
          "valid_pickle": false
        },
        "before": {
          "exists": false,
          "objects_count": null,
          "predicate_count": null,
          "size_bytes": 0,
          "valid_pickle": false
        },
        "error": null,
        "object_count_annotation": 2,
        "path": "local_dataset/Open3DSG_staged/training_repro/output/datasets/OpenSG_3RScan/preprocessed/6bde6053-9162-246f-8d5d-54e5e3dd721d/data_dict_1.pkl",
        "relationship_count": 1,
        "relationship_id": "6bde6053-9162-246f-8d5d-54e5e3dd721d-1",
        "scan_id": "6bde6053-9162-246f-8d5d-54e5e3dd721d",
        "split": 1,
        "traceback": null
      },
      {
        "action": "missing_output",
        "after": {
          "exists": false,
          "objects_count": null,
          "predicate_count": null,
          "size_bytes": 0,
          "valid_pickle": false
        },
        "before": {
          "exists": false,
          "objects_count": null,
          "predicate_count": null,
          "size_bytes": 0,
          "valid_pickle": false
        },
        "error": null,
        "object_count_annotation": 5,
        "path": "local_dataset/Open3DSG_staged/training_repro/output/datasets/OpenSG_3RScan/preprocessed/6bde60a3-9162-246f-8ca3-48f7e86e95b8/data_dict_3.pkl",
        "relationship_count": 1,
        "relationship_id": "6bde60a3-9162-246f-8ca3-48f7e86e95b8-3",
        "scan_id": "6bde60a3-9162-246f-8ca3-48f7e86e95b8",
        "split": 3,
        "traceback": null
      },
      {
        "action": "missing_output",
        "after": {
          "exists": false,
          "objects_count": null,
          "predicate_count": null,
          "size_bytes": 0,
          "valid_pickle": false
        },
        "before": {
          "exists": false,
          "objects_count": null,
          "predicate_count": null,
          "size_bytes": 0,
          "valid_pickle": false
        },
        "error": null,
        "object_count_annotation": 5,
        "path": "local_dataset/Open3DSG_staged/training_repro/output/datasets/OpenSG_3RScan/preprocessed/6bde60da-9162-246f-8ec0-a5f4760ef7b8/data_dict_2.pkl",
        "relationship_count": 4,
        "relationship_id": "6bde60da-9162-246f-8ec0-a5f4760ef7b8-2",
        "scan_id": "6bde60da-9162-246f-8ec0-a5f4760ef7b8",
        "split": 2,
        "traceback": null
      },
      {
        "action": "missing_output",
        "after": {
          "exists": false,
          "objects_count": null,
          "predicate_count": null,
          "size_bytes": 0,
          "valid_pickle": false
        },
        "before": {
          "exists": false,
          "objects_count": null,
          "predicate_count": null,
          "size_bytes": 0,
          "valid_pickle": false
        },
        "error": null,
        "object_count_annotation": 5,
        "path": "local_dataset/Open3DSG_staged/training_repro/output/datasets/OpenSG_3RScan/preprocessed/6bde60de-9162-246f-8cb4-87b39c9ac5e7/data_dict_4.pkl",
        "relationship_count": 5,
        "relationship_id": "6bde60de-9162-246f-8cb4-87b39c9ac5e7-4",
        "scan_id": "6bde60de-9162-246f-8cb4-87b39c9ac5e7",
        "split": 4,
        "traceback": null
      },
      {
        "action": "missing_output",
        "after": {
          "exists": false,
          "objects_count": null,
          "predicate_count": null,
          "size_bytes": 0,
          "valid_pickle": false
        },
        "before": {
          "exists": false,
          "objects_count": null,
          "predicate_count": null,
          "size_bytes": 0,
          "valid_pickle": false
        },
        "error": null,
        "object_count_annotation": 9,
        "path": "local_dataset/Open3DSG_staged/training_repro/output/datasets/OpenSG_3RScan/preprocessed/74ef846e-9dce-2d66-83d5-294aac7b1b0f/data_dict_5.pkl",
        "relationship_count": 4,
        "relationship_id": "74ef846e-9dce-2d66-83d5-294aac7b1b0f-5",
        "scan_id": "74ef846e-9dce-2d66-83d5-294aac7b1b0f",
        "split": 5,
        "traceback": null
      },
      {
        "action": "missing_output",
        "after": {
          "exists": false,
          "objects_count": null,
          "predicate_count": null,
          "size_bytes": 0,
          "valid_pickle": false
        },
        "before": {
          "exists": false,
          "objects_count": null,
          "predicate_count": null,
          "size_bytes": 0,
          "valid_pickle": false
        },
        "error": null,
        "object_count_annotation": 5,
        "path": "local_dataset/Open3DSG_staged/training_repro/output/datasets/OpenSG_3RScan/preprocessed/74ef846e-9dce-2d66-83d5-294aac7b1b0f/data_dict_6.pkl",
        "relationship_count": 10,
        "relationship_id": "74ef846e-9dce-2d66-83d5-294aac7b1b0f-6",
        "scan_id": "74ef846e-9dce-2d66-83d5-294aac7b1b0f",
        "split": 6,
        "traceback": null
      },
      {
        "action": "missing_output",
        "after": {
          "exists": false,
          "objects_count": null,
          "predicate_count": null,
          "size_bytes": 0,
          "valid_pickle": false
        },
        "before": {
          "exists": false,
          "objects_count": null,
          "predicate_count": null,
          "size_bytes": 0,
          "valid_pickle": false
        },
        "error": null,
        "object_count_annotation": 9,
        "path": "local_dataset/Open3DSG_staged/training_repro/output/datasets/OpenSG_3RScan/preprocessed/74ef8470-9dce-2d66-8339-4b51b8406cef/data_dict_4.pkl",
        "relationship_count": 11,
        "relationship_id": "74ef8470-9dce-2d66-8339-4b51b8406cef-4",
        "scan_id": "74ef8470-9dce-2d66-8339-4b51b8406cef",
        "split": 4,
        "traceback": null
      },
      {
        "action": "missing_output",
        "after": {
          "exists": false,
          "objects_count": null,
          "predicate_count": null,
          "size_bytes": 0,
          "valid_pickle": false
        },
        "before": {
          "exists": false,
          "objects_count": null,
          "predicate_count": null,
          "size_bytes": 0,
          "valid_pickle": false
        },
        "error": null,
        "object_count_annotation": 5,
        "path": "local_dataset/Open3DSG_staged/training_repro/output/datasets/OpenSG_3RScan/preprocessed/74ef8470-9dce-2d66-8339-4b51b8406cef/data_dict_5.pkl",
        "relationship_count": 4,
        "relationship_id": "74ef8470-9dce-2d66-8339-4b51b8406cef-5",
        "scan_id": "74ef8470-9dce-2d66-8339-4b51b8406cef",
        "split": 5,
        "traceback": null
      },
      {
        "action": "missing_output",
        "after": {
          "exists": false,
          "objects_count": null,
          "predicate_count": null,
          "size_bytes": 0,
          "valid_pickle": false
        },
        "before": {
          "exists": false,
          "objects_count": null,
          "predicate_count": null,
          "size_bytes": 0,
          "valid_pickle": false
        },
        "error": null,
        "object_count_annotation": 3,
        "path": "local_dataset/Open3DSG_staged/training_repro/output/datasets/OpenSG_3RScan/preprocessed/77941464-cfdf-29cb-87f4-0465d3b9ab00/data_dict_1.pkl",
        "relationship_count": 11,
        "relationship_id": "77941464-cfdf-29cb-87f4-0465d3b9ab00-1",
        "scan_id": "77941464-cfdf-29cb-87f4-0465d3b9ab00",
        "split": 1,
        "traceback": null
      },
      {
        "action": "missing_output",
        "after": {
          "exists": false,
          "objects_count": null,
          "predicate_count": null,
          "size_bytes": 0,
          "valid_pickle": false
        },
        "before": {
          "exists": false,
          "objects_count": null,
          "predicate_count": null,
          "size_bytes": 0,
          "valid_pickle": false
        },
        "error": null,
        "object_count_annotation": 6,
        "path": "local_dataset/Open3DSG_staged/training_repro/output/datasets/OpenSG_3RScan/preprocessed/7ab2a9c1-ebc6-2056-896d-09dd5328b781/data_dict_5.pkl",
        "relationship_count": 8,
        "relationship_id": "7ab2a9c1-ebc6-2056-896d-09dd5328b781-5",
        "scan_id": "7ab2a9c1-ebc6-2056-896d-09dd5328b781",
        "split": 5,
        "traceback": null
      },
      {
        "action": "missing_output",
        "after": {
          "exists": false,
          "objects_count": null,
          "predicate_count": null,
          "size_bytes": 0,
          "valid_pickle": false
        },
        "before": {
          "exists": false,
          "objects_count": null,
          "predicate_count": null,
          "size_bytes": 0,
          "valid_pickle": false
        },
        "error": null,
        "object_count_annotation": 9,
        "path": "local_dataset/Open3DSG_staged/training_repro/output/datasets/OpenSG_3RScan/preprocessed/7ab2a9cb-ebc6-2056-8ba2-7835e43d47d3/data_dict_2.pkl",
        "relationship_count": 29,
        "relationship_id": "7ab2a9cb-ebc6-2056-8ba2-7835e43d47d3-2",
        "scan_id": "7ab2a9cb-ebc6-2056-8ba2-7835e43d47d3",
        "split": 2,
        "traceback": null
      },
      {
        "action": "missing_output",
        "after": {
          "exists": false,
          "objects_count": null,
          "predicate_count": null,
          "size_bytes": 0,
          "valid_pickle": false
        },
        "before": {
          "exists": false,
          "objects_count": null,
          "predicate_count": null,
          "size_bytes": 0,
          "valid_pickle": false
        },
        "error": null,
        "object_count_annotation": 5,
        "path": "local_dataset/Open3DSG_staged/training_repro/output/datasets/OpenSG_3RScan/preprocessed/7ab2a9cd-ebc6-2056-88a0-7f85836edb91/data_dict_3.pkl",
        "relationship_count": 5,
        "relationship_id": "7ab2a9cd-ebc6-2056-88a0-7f85836edb91-3",
        "scan_id": "7ab2a9cd-ebc6-2056-88a0-7f85836edb91",
        "split": 3,
        "traceback": null
      },
      {
        "action": "missing_output",
        "after": {
          "exists": false,
          "objects_count": null,
          "predicate_count": null,
          "size_bytes": 0,
          "valid_pickle": false
        },
        "before": {
          "exists": false,
          "objects_count": null,
          "predicate_count": null,
          "size_bytes": 0,
          "valid_pickle": false
        },
        "error": null,
        "object_count_annotation": 5,
        "path": "local_dataset/Open3DSG_staged/training_repro/output/datasets/OpenSG_3RScan/preprocessed/7ab2a9d3-ebc6-2056-8afd-e80dc7e1558f/data_dict_3.pkl",
        "relationship_count": 2,
        "relationship_id": "7ab2a9d3-ebc6-2056-8afd-e80dc7e1558f-3",
        "scan_id": "7ab2a9d3-ebc6-2056-8afd-e80dc7e1558f",
        "split": 3,
        "traceback": null
      },
      {
        "action": "missing_output",
        "after": {
          "exists": false,
          "objects_count": null,
          "predicate_count": null,
          "size_bytes": 0,
          "valid_pickle": false
        },
        "before": {
          "exists": false,
          "objects_count": null,
          "predicate_count": null,
          "size_bytes": 0,
          "valid_pickle": false
        },
        "error": null,
        "object_count_annotation": 9,
        "path": "local_dataset/Open3DSG_staged/training_repro/output/datasets/OpenSG_3RScan/preprocessed/8eabc409-5af7-2f32-85b1-54d9794543c9/data_dict_2.pkl",
        "relationship_count": 32,
        "relationship_id": "8eabc409-5af7-2f32-85b1-54d9794543c9-2",
        "scan_id": "8eabc409-5af7-2f32-85b1-54d9794543c9",
        "split": 2,
        "traceback": null
      },
      {
        "action": "missing_output",
        "after": {
          "exists": false,
          "objects_count": null,
          "predicate_count": null,
          "size_bytes": 0,
          "valid_pickle": false
        },
        "before": {
          "exists": false,
          "objects_count": null,
          "predicate_count": null,
          "size_bytes": 0,
          "valid_pickle": false
        },
        "error": null,
        "object_count_annotation": 5,
        "path": "local_dataset/Open3DSG_staged/training_repro/output/datasets/OpenSG_3RScan/preprocessed/8eabc430-5af7-2f32-84da-1b01b293f2d3/data_dict_4.pkl",
        "relationship_count": 4,
        "relationship_id": "8eabc430-5af7-2f32-84da-1b01b293f2d3-4",
        "scan_id": "8eabc430-5af7-2f32-84da-1b01b293f2d3",
        "split": 4,
        "traceback": null
      },
      {
        "action": "missing_output",
        "after": {
          "exists": false,
          "objects_count": null,
          "predicate_count": null,
          "size_bytes": 0,
          "valid_pickle": false
        },
        "before": {
          "exists": false,
          "objects_count": null,
          "predicate_count": null,
          "size_bytes": 0,
          "valid_pickle": false
        },
        "error": null,
        "object_count_annotation": 7,
        "path": "local_dataset/Open3DSG_staged/training_repro/output/datasets/OpenSG_3RScan/preprocessed/8eabc441-5af7-2f32-85e5-f1bd241503de/data_dict_5.pkl",
        "relationship_count": 5,
        "relationship_id": "8eabc441-5af7-2f32-85e5-f1bd241503de-5",
        "scan_id": "8eabc441-5af7-2f32-85e5-f1bd241503de",
        "split": 5,
        "traceback": null
      },
      {
        "action": "missing_output",
        "after": {
          "exists": false,
          "objects_count": null,
          "predicate_count": null,
          "size_bytes": 0,
          "valid_pickle": false
        },
        "before": {
          "exists": false,
          "objects_count": null,
          "predicate_count": null,
          "size_bytes": 0,
          "valid_pickle": false
        },
        "error": null,
        "object_count_annotation": 9,
        "path": "local_dataset/Open3DSG_staged/training_repro/output/datasets/OpenSG_3RScan/preprocessed/8eabc447-5af7-2f32-8712-301083e291b3/data_dict_2.pkl",
        "relationship_count": 33,
        "relationship_id": "8eabc447-5af7-2f32-8712-301083e291b3-2",
        "scan_id": "8eabc447-5af7-2f32-8712-301083e291b3",
        "split": 2,
        "traceback": null
      },
      {
        "action": "missing_output",
        "after": {
          "exists": false,
          "objects_count": null,
          "predicate_count": null,
          "size_bytes": 0,
          "valid_pickle": false
        },
        "before": {
          "exists": false,
          "objects_count": null,
          "predicate_count": null,
          "size_bytes": 0,
          "valid_pickle": false
        },
        "error": null,
        "object_count_annotation": 9,
        "path": "local_dataset/Open3DSG_staged/training_repro/output/datasets/OpenSG_3RScan/preprocessed/8eabc447-5af7-2f32-8712-301083e291b3/data_dict_3.pkl",
        "relationship_count": 7,
        "relationship_id": "8eabc447-5af7-2f32-8712-301083e291b3-3",
        "scan_id": "8eabc447-5af7-2f32-8712-301083e291b3",
        "split": 3,
        "traceback": null
      },
      {
        "action": "missing_output",
        "after": {
          "exists": false,
          "objects_count": null,
          "predicate_count": null,
          "size_bytes": 0,
          "valid_pickle": false
        },
        "before": {
          "exists": false,
          "objects_count": null,
          "predicate_count": null,
          "size_bytes": 0,
          "valid_pickle": false
        },
        "error": null,
        "object_count_annotation": 5,
        "path": "local_dataset/Open3DSG_staged/training_repro/output/datasets/OpenSG_3RScan/preprocessed/8eabc44d-5af7-2f32-8529-ab5255a6ae7f/data_dict_4.pkl",
        "relationship_count": 3,
        "relationship_id": "8eabc44d-5af7-2f32-8529-ab5255a6ae7f-4",
        "scan_id": "8eabc44d-5af7-2f32-8529-ab5255a6ae7f",
        "split": 4,
        "traceback": null
      },
      {
        "action": "missing_output",
        "after": {
          "exists": false,
          "objects_count": null,
          "predicate_count": null,
          "size_bytes": 0,
          "valid_pickle": false
        },
        "before": {
          "exists": false,
          "objects_count": null,
          "predicate_count": null,
          "size_bytes": 0,
          "valid_pickle": false
        },
        "error": null,
        "object_count_annotation": 9,
        "path": "local_dataset/Open3DSG_staged/training_repro/output/datasets/OpenSG_3RScan/preprocessed/8eabc46d-5af7-2f32-85bd-f957e754c064/data_dict_2.pkl",
        "relationship_count": 19,
        "relationship_id": "8eabc46d-5af7-2f32-85bd-f957e754c064-2",
        "scan_id": "8eabc46d-5af7-2f32-85bd-f957e754c064",
        "split": 2,
        "traceback": null
      },
      {
        "action": "missing_output",
        "after": {
          "exists": false,
          "objects_count": null,
          "predicate_count": null,
          "size_bytes": 0,
          "valid_pickle": false
        },
        "before": {
          "exists": false,
          "objects_count": null,
          "predicate_count": null,
          "size_bytes": 0,
          "valid_pickle": false
        },
        "error": null,
        "object_count_annotation": 9,
        "path": "local_dataset/Open3DSG_staged/training_repro/output/datasets/OpenSG_3RScan/preprocessed/a0905fdf-66f7-2272-9c4c-e2390af0546d/data_dict_1.pkl",
        "relationship_count": 24,
        "relationship_id": "a0905fdf-66f7-2272-9c4c-e2390af0546d-1",
        "scan_id": "a0905fdf-66f7-2272-9c4c-e2390af0546d",
        "split": 1,
        "traceback": null
      },
      {
        "action": "missing_output",
        "after": {
          "exists": false,
          "objects_count": null,
          "predicate_count": null,
          "size_bytes": 0,
          "valid_pickle": false
        },
        "before": {
          "exists": false,
          "objects_count": null,
          "predicate_count": null,
          "size_bytes": 0,
          "valid_pickle": false
        },
        "error": null,
        "object_count_annotation": 6,
        "path": "local_dataset/Open3DSG_staged/training_repro/output/datasets/OpenSG_3RScan/preprocessed/a38a57da-8a91-2e91-93eb-0b7f675da4ba/data_dict_2.pkl",
        "relationship_count": 7,
        "relationship_id": "a38a57da-8a91-2e91-93eb-0b7f675da4ba-2",
        "scan_id": "a38a57da-8a91-2e91-93eb-0b7f675da4ba",
        "split": 2,
        "traceback": null
      },
      {
        "action": "missing_output",
        "after": {
          "exists": false,
          "objects_count": null,
          "predicate_count": null,
          "size_bytes": 0,
          "valid_pickle": false
        },
        "before": {
          "exists": false,
          "objects_count": null,
          "predicate_count": null,
          "size_bytes": 0,
          "valid_pickle": false
        },
        "error": null,
        "object_count_annotation": 5,
        "path": "local_dataset/Open3DSG_staged/training_repro/output/datasets/OpenSG_3RScan/preprocessed/a644cb93-0ee5-2f66-9efb-b16adfb14eff/data_dict_1.pkl",
        "relationship_count": 6,
        "relationship_id": "a644cb93-0ee5-2f66-9efb-b16adfb14eff-1",
        "scan_id": "a644cb93-0ee5-2f66-9efb-b16adfb14eff",
        "split": 1,
        "traceback": null
      },
      {
        "action": "missing_output",
        "after": {
          "exists": false,
          "objects_count": null,
          "predicate_count": null,
          "size_bytes": 0,
          "valid_pickle": false
        },
        "before": {
          "exists": false,
          "objects_count": null,
          "predicate_count": null,
          "size_bytes": 0,
          "valid_pickle": false
        },
        "error": null,
        "object_count_annotation": 2,
        "path": "local_dataset/Open3DSG_staged/training_repro/output/datasets/OpenSG_3RScan/preprocessed/a8952593-9035-254b-8f40-bc82e6bcbbb1/data_dict_1.pkl",
        "relationship_count": 1,
        "relationship_id": "a8952593-9035-254b-8f40-bc82e6bcbbb1-1",
        "scan_id": "a8952593-9035-254b-8f40-bc82e6bcbbb1",
        "split": 1,
        "traceback": null
      },
      {
        "action": "missing_output",
        "after": {
          "exists": false,
          "objects_count": null,
          "predicate_count": null,
          "size_bytes": 0,
          "valid_pickle": false
        },
        "before": {
          "exists": false,
          "objects_count": null,
          "predicate_count": null,
          "size_bytes": 0,
          "valid_pickle": false
        },
        "error": null,
        "object_count_annotation": 6,
        "path": "local_dataset/Open3DSG_staged/training_repro/output/datasets/OpenSG_3RScan/preprocessed/aa20278c-8bc8-2c5b-9d18-016312e4463a/data_dict_7.pkl",
        "relationship_count": 9,
        "relationship_id": "aa20278c-8bc8-2c5b-9d18-016312e4463a-7",
        "scan_id": "aa20278c-8bc8-2c5b-9d18-016312e4463a",
        "split": 7,
        "traceback": null
      },
      {
        "action": "missing_output",
        "after": {
          "exists": false,
          "objects_count": null,
          "predicate_count": null,
          "size_bytes": 0,
          "valid_pickle": false
        },
        "before": {
          "exists": false,
          "objects_count": null,
          "predicate_count": null,
          "size_bytes": 0,
          "valid_pickle": false
        },
        "error": null,
        "object_count_annotation": 9,
        "path": "local_dataset/Open3DSG_staged/training_repro/output/datasets/OpenSG_3RScan/preprocessed/ad408c8b-84db-2095-8b87-5c3079e807fe/data_dict_4.pkl",
        "relationship_count": 24,
        "relationship_id": "ad408c8b-84db-2095-8b87-5c3079e807fe-4",
        "scan_id": "ad408c8b-84db-2095-8b87-5c3079e807fe",
        "split": 4,
        "traceback": null
      },
      {
        "action": "missing_output",
        "after": {
          "exists": false,
          "objects_count": null,
          "predicate_count": null,
          "size_bytes": 0,
          "valid_pickle": false
        },
        "before": {
          "exists": false,
          "objects_count": null,
          "predicate_count": null,
          "size_bytes": 0,
          "valid_pickle": false
        },
        "error": null,
        "object_count_annotation": 9,
        "path": "local_dataset/Open3DSG_staged/training_repro/output/datasets/OpenSG_3RScan/preprocessed/ad408c93-84db-2095-8829-6100d1b70d80/data_dict_1.pkl",
        "relationship_count": 21,
        "relationship_id": "ad408c93-84db-2095-8829-6100d1b70d80-1",
        "scan_id": "ad408c93-84db-2095-8829-6100d1b70d80",
        "split": 1,
        "traceback": null
      },
      {
        "action": "missing_output",
        "after": {
          "exists": false,
          "objects_count": null,
          "predicate_count": null,
          "size_bytes": 0,
          "valid_pickle": false
        },
        "before": {
          "exists": false,
          "objects_count": null,
          "predicate_count": null,
          "size_bytes": 0,
          "valid_pickle": false
        },
        "error": null,
        "object_count_annotation": 9,
        "path": "local_dataset/Open3DSG_staged/training_repro/output/datasets/OpenSG_3RScan/preprocessed/ad408ca1-84db-2095-8970-40e09dac6ed0/data_dict_1.pkl",
        "relationship_count": 23,
        "relationship_id": "ad408ca1-84db-2095-8970-40e09dac6ed0-1",
        "scan_id": "ad408ca1-84db-2095-8970-40e09dac6ed0",
        "split": 1,
        "traceback": null
      },
      {
        "action": "missing_output",
        "after": {
          "exists": false,
          "objects_count": null,
          "predicate_count": null,
          "size_bytes": 0,
          "valid_pickle": false
        },
        "before": {
          "exists": false,
          "objects_count": null,
          "predicate_count": null,
          "size_bytes": 0,
          "valid_pickle": false
        },
        "error": null,
        "object_count_annotation": 7,
        "path": "local_dataset/Open3DSG_staged/training_repro/output/datasets/OpenSG_3RScan/preprocessed/ad408ca9-84db-2095-8afa-cc17150ea346/data_dict_2.pkl",
        "relationship_count": 10,
        "relationship_id": "ad408ca9-84db-2095-8afa-cc17150ea346-2",
        "scan_id": "ad408ca9-84db-2095-8afa-cc17150ea346",
        "split": 2,
        "traceback": null
      },
      {
        "action": "missing_output",
        "after": {
          "exists": false,
          "objects_count": null,
          "predicate_count": null,
          "size_bytes": 0,
          "valid_pickle": false
        },
        "before": {
          "exists": false,
          "objects_count": null,
          "predicate_count": null,
          "size_bytes": 0,
          "valid_pickle": false
        },
        "error": null,
        "object_count_annotation": 9,
        "path": "local_dataset/Open3DSG_staged/training_repro/output/datasets/OpenSG_3RScan/preprocessed/ad408cb3-84db-2095-8930-d8244e349008/data_dict_3.pkl",
        "relationship_count": 20,
        "relationship_id": "ad408cb3-84db-2095-8930-d8244e349008-3",
        "scan_id": "ad408cb3-84db-2095-8930-d8244e349008",
        "split": 3,
        "traceback": null
      },
      {
        "action": "missing_output",
        "after": {
          "exists": false,
          "objects_count": null,
          "predicate_count": null,
          "size_bytes": 0,
          "valid_pickle": false
        },
        "before": {
          "exists": false,
          "objects_count": null,
          "predicate_count": null,
          "size_bytes": 0,
          "valid_pickle": false
        },
        "error": null,
        "object_count_annotation": 5,
        "path": "local_dataset/Open3DSG_staged/training_repro/output/datasets/OpenSG_3RScan/preprocessed/b05fdd5a-fca0-2d4f-89fd-d54bd26a115b/data_dict_4.pkl",
        "relationship_count": 7,
        "relationship_id": "b05fdd5a-fca0-2d4f-89fd-d54bd26a115b-4",
        "scan_id": "b05fdd5a-fca0-2d4f-89fd-d54bd26a115b",
        "split": 4,
        "traceback": null
      },
      {
        "action": "missing_output",
        "after": {
          "exists": false,
          "objects_count": null,
          "predicate_count": null,
          "size_bytes": 0,
          "valid_pickle": false
        },
        "before": {
          "exists": false,
          "objects_count": null,
          "predicate_count": null,
          "size_bytes": 0,
          "valid_pickle": false
        },
        "error": null,
        "object_count_annotation": 4,
        "path": "local_dataset/Open3DSG_staged/training_repro/output/datasets/OpenSG_3RScan/preprocessed/b8837e1f-57ec-29c6-88ad-4c19a5afbf36/data_dict_1.pkl",
        "relationship_count": 5,
        "relationship_id": "b8837e1f-57ec-29c6-88ad-4c19a5afbf36-1",
        "scan_id": "b8837e1f-57ec-29c6-88ad-4c19a5afbf36",
        "split": 1,
        "traceback": null
      },
      {
        "action": "missing_output",
        "after": {
          "exists": false,
          "objects_count": null,
          "predicate_count": null,
          "size_bytes": 0,
          "valid_pickle": false
        },
        "before": {
          "exists": false,
          "objects_count": null,
          "predicate_count": null,
          "size_bytes": 0,
          "valid_pickle": false
        },
        "error": null,
        "object_count_annotation": 9,
        "path": "local_dataset/Open3DSG_staged/training_repro/output/datasets/OpenSG_3RScan/preprocessed/baf0a8f2-26d4-2033-890f-b1b42adeac06/data_dict_4.pkl",
        "relationship_count": 32,
        "relationship_id": "baf0a8f2-26d4-2033-890f-b1b42adeac06-4",
        "scan_id": "baf0a8f2-26d4-2033-890f-b1b42adeac06",
        "split": 4,
        "traceback": null
      },
      {
        "action": "missing_output",
        "after": {
          "exists": false,
          "objects_count": null,
          "predicate_count": null,
          "size_bytes": 0,
          "valid_pickle": false
        },
        "before": {
          "exists": false,
          "objects_count": null,
          "predicate_count": null,
          "size_bytes": 0,
          "valid_pickle": false
        },
        "error": null,
        "object_count_annotation": 4,
        "path": "local_dataset/Open3DSG_staged/training_repro/output/datasets/OpenSG_3RScan/preprocessed/baf6739f-8e94-22f8-82fd-b0cc4f4da8ae/data_dict_1.pkl",
        "relationship_count": 5,
        "relationship_id": "baf6739f-8e94-22f8-82fd-b0cc4f4da8ae-1",
        "scan_id": "baf6739f-8e94-22f8-82fd-b0cc4f4da8ae",
        "split": 1,
        "traceback": null
      },
      {
        "action": "missing_output",
        "after": {
          "exists": false,
          "objects_count": null,
          "predicate_count": null,
          "size_bytes": 0,
          "valid_pickle": false
        },
        "before": {
          "exists": false,
          "objects_count": null,
          "predicate_count": null,
          "size_bytes": 0,
          "valid_pickle": false
        },
        "error": null,
        "object_count_annotation": 5,
        "path": "local_dataset/Open3DSG_staged/training_repro/output/datasets/OpenSG_3RScan/preprocessed/bcb0fe2d-4f39-2c70-9d1a-49a4a6868d7d/data_dict_3.pkl",
        "relationship_count": 6,
        "relationship_id": "bcb0fe2d-4f39-2c70-9d1a-49a4a6868d7d-3",
        "scan_id": "bcb0fe2d-4f39-2c70-9d1a-49a4a6868d7d",
        "split": 3,
        "traceback": null
      },
      {
        "action": "missing_output",
        "after": {
          "exists": false,
          "objects_count": null,
          "predicate_count": null,
          "size_bytes": 0,
          "valid_pickle": false
        },
        "before": {
          "exists": false,
          "objects_count": null,
          "predicate_count": null,
          "size_bytes": 0,
          "valid_pickle": false
        },
        "error": null,
        "object_count_annotation": 5,
        "path": "local_dataset/Open3DSG_staged/training_repro/output/datasets/OpenSG_3RScan/preprocessed/bf9a3dcd-45a5-2e80-8071-e4eeb6596460/data_dict_3.pkl",
        "relationship_count": 5,
        "relationship_id": "bf9a3dcd-45a5-2e80-8071-e4eeb6596460-3",
        "scan_id": "bf9a3dcd-45a5-2e80-8071-e4eeb6596460",
        "split": 3,
        "traceback": null
      },
      {
        "action": "missing_output",
        "after": {
          "exists": false,
          "objects_count": null,
          "predicate_count": null,
          "size_bytes": 0,
          "valid_pickle": false
        },
        "before": {
          "exists": false,
          "objects_count": null,
          "predicate_count": null,
          "size_bytes": 0,
          "valid_pickle": false
        },
        "error": null,
        "object_count_annotation": 9,
        "path": "local_dataset/Open3DSG_staged/training_repro/output/datasets/OpenSG_3RScan/preprocessed/bf9a3de3-45a5-2e80-82fc-a5d0db3138c6/data_dict_1.pkl",
        "relationship_count": 13,
        "relationship_id": "bf9a3de3-45a5-2e80-82fc-a5d0db3138c6-1",
        "scan_id": "bf9a3de3-45a5-2e80-82fc-a5d0db3138c6",
        "split": 1,
        "traceback": null
      },
      {
        "action": "missing_output",
        "after": {
          "exists": false,
          "objects_count": null,
          "predicate_count": null,
          "size_bytes": 0,
          "valid_pickle": false
        },
        "before": {
          "exists": false,
          "objects_count": null,
          "predicate_count": null,
          "size_bytes": 0,
          "valid_pickle": false
        },
        "error": null,
        "object_count_annotation": 9,
        "path": "local_dataset/Open3DSG_staged/training_repro/output/datasets/OpenSG_3RScan/preprocessed/c7895f86-339c-2d13-82c8-3976988cd327/data_dict_1.pkl",
        "relationship_count": 29,
        "relationship_id": "c7895f86-339c-2d13-82c8-3976988cd327-1",
        "scan_id": "c7895f86-339c-2d13-82c8-3976988cd327",
        "split": 1,
        "traceback": null
      },
      {
        "action": "missing_output",
        "after": {
          "exists": false,
          "objects_count": null,
          "predicate_count": null,
          "size_bytes": 0,
          "valid_pickle": false
        },
        "before": {
          "exists": false,
          "objects_count": null,
          "predicate_count": null,
          "size_bytes": 0,
          "valid_pickle": false
        },
        "error": null,
        "object_count_annotation": 7,
        "path": "local_dataset/Open3DSG_staged/training_repro/output/datasets/OpenSG_3RScan/preprocessed/c92fb580-f771-2064-866d-8aeb53e8360d/data_dict_4.pkl",
        "relationship_count": 2,
        "relationship_id": "c92fb580-f771-2064-866d-8aeb53e8360d-4",
        "scan_id": "c92fb580-f771-2064-866d-8aeb53e8360d",
        "split": 4,
        "traceback": null
      },
      {
        "action": "missing_output",
        "after": {
          "exists": false,
          "objects_count": null,
          "predicate_count": null,
          "size_bytes": 0,
          "valid_pickle": false
        },
        "before": {
          "exists": false,
          "objects_count": null,
          "predicate_count": null,
          "size_bytes": 0,
          "valid_pickle": false
        },
        "error": null,
        "object_count_annotation": 6,
        "path": "local_dataset/Open3DSG_staged/training_repro/output/datasets/OpenSG_3RScan/preprocessed/c92fb592-f771-2064-8446-c2605c0202e9/data_dict_4.pkl",
        "relationship_count": 5,
        "relationship_id": "c92fb592-f771-2064-8446-c2605c0202e9-4",
        "scan_id": "c92fb592-f771-2064-8446-c2605c0202e9",
        "split": 4,
        "traceback": null
      },
      {
        "action": "missing_output",
        "after": {
          "exists": false,
          "objects_count": null,
          "predicate_count": null,
          "size_bytes": 0,
          "valid_pickle": false
        },
        "before": {
          "exists": false,
          "objects_count": null,
          "predicate_count": null,
          "size_bytes": 0,
          "valid_pickle": false
        },
        "error": null,
        "object_count_annotation": 5,
        "path": "local_dataset/Open3DSG_staged/training_repro/output/datasets/OpenSG_3RScan/preprocessed/c92fb596-f771-2064-86ba-d429f869e52f/data_dict_5.pkl",
        "relationship_count": 4,
        "relationship_id": "c92fb596-f771-2064-86ba-d429f869e52f-5",
        "scan_id": "c92fb596-f771-2064-86ba-d429f869e52f",
        "split": 5,
        "traceback": null
      },
      {
        "action": "missing_output",
        "after": {
          "exists": false,
          "objects_count": null,
          "predicate_count": null,
          "size_bytes": 0,
          "valid_pickle": false
        },
        "before": {
          "exists": false,
          "objects_count": null,
          "predicate_count": null,
          "size_bytes": 0,
          "valid_pickle": false
        },
        "error": null,
        "object_count_annotation": 5,
        "path": "local_dataset/Open3DSG_staged/training_repro/output/datasets/OpenSG_3RScan/preprocessed/c92fb5ad-f771-2064-8720-947242f8d474/data_dict_5.pkl",
        "relationship_count": 4,
        "relationship_id": "c92fb5ad-f771-2064-8720-947242f8d474-5",
        "scan_id": "c92fb5ad-f771-2064-8720-947242f8d474",
        "split": 5,
        "traceback": null
      },
      {
        "action": "missing_output",
        "after": {
          "exists": false,
          "objects_count": null,
          "predicate_count": null,
          "size_bytes": 0,
          "valid_pickle": false
        },
        "before": {
          "exists": false,
          "objects_count": null,
          "predicate_count": null,
          "size_bytes": 0,
          "valid_pickle": false
        },
        "error": null,
        "object_count_annotation": 5,
        "path": "local_dataset/Open3DSG_staged/training_repro/output/datasets/OpenSG_3RScan/preprocessed/c92fb5af-f771-2064-8476-871572e38970/data_dict_4.pkl",
        "relationship_count": 1,
        "relationship_id": "c92fb5af-f771-2064-8476-871572e38970-4",
        "scan_id": "c92fb5af-f771-2064-8476-871572e38970",
        "split": 4,
        "traceback": null
      },
      {
        "action": "missing_output",
        "after": {
          "exists": false,
          "objects_count": null,
          "predicate_count": null,
          "size_bytes": 0,
          "valid_pickle": false
        },
        "before": {
          "exists": false,
          "objects_count": null,
          "predicate_count": null,
          "size_bytes": 0,
          "valid_pickle": false
        },
        "error": null,
        "object_count_annotation": 5,
        "path": "local_dataset/Open3DSG_staged/training_repro/output/datasets/OpenSG_3RScan/preprocessed/d63767c1-3205-226c-9a47-70f388b93739/data_dict_5.pkl",
        "relationship_count": 3,
        "relationship_id": "d63767c1-3205-226c-9a47-70f388b93739-5",
        "scan_id": "d63767c1-3205-226c-9a47-70f388b93739",
        "split": 5,
        "traceback": null
      },
      {
        "action": "missing_output",
        "after": {
          "exists": false,
          "objects_count": null,
          "predicate_count": null,
          "size_bytes": 0,
          "valid_pickle": false
        },
        "before": {
          "exists": false,
          "objects_count": null,
          "predicate_count": null,
          "size_bytes": 0,
          "valid_pickle": false
        },
        "error": null,
        "object_count_annotation": 5,
        "path": "local_dataset/Open3DSG_staged/training_repro/output/datasets/OpenSG_3RScan/preprocessed/d7d40d56-7a5d-2b36-970b-9aad70998d20/data_dict_4.pkl",
        "relationship_count": 2,
        "relationship_id": "d7d40d56-7a5d-2b36-970b-9aad70998d20-4",
        "scan_id": "d7d40d56-7a5d-2b36-970b-9aad70998d20",
        "split": 4,
        "traceback": null
      },
      {
        "action": "missing_output",
        "after": {
          "exists": false,
          "objects_count": null,
          "predicate_count": null,
          "size_bytes": 0,
          "valid_pickle": false
        },
        "before": {
          "exists": false,
          "objects_count": null,
          "predicate_count": null,
          "size_bytes": 0,
          "valid_pickle": false
        },
        "error": null,
        "object_count_annotation": 7,
        "path": "local_dataset/Open3DSG_staged/training_repro/output/datasets/OpenSG_3RScan/preprocessed/ddc73793-765b-241a-9ecd-b0cebb7cf916/data_dict_6.pkl",
        "relationship_count": 2,
        "relationship_id": "ddc73793-765b-241a-9ecd-b0cebb7cf916-6",
        "scan_id": "ddc73793-765b-241a-9ecd-b0cebb7cf916",
        "split": 6,
        "traceback": null
      },
      {
        "action": "missing_output",
        "after": {
          "exists": false,
          "objects_count": null,
          "predicate_count": null,
          "size_bytes": 0,
          "valid_pickle": false
        },
        "before": {
          "exists": false,
          "objects_count": null,
          "predicate_count": null,
          "size_bytes": 0,
          "valid_pickle": false
        },
        "error": null,
        "object_count_annotation": 9,
        "path": "local_dataset/Open3DSG_staged/training_repro/output/datasets/OpenSG_3RScan/preprocessed/ddc737ab-765b-241a-9c5d-cf3cd8838f28/data_dict_2.pkl",
        "relationship_count": 17,
        "relationship_id": "ddc737ab-765b-241a-9c5d-cf3cd8838f28-2",
        "scan_id": "ddc737ab-765b-241a-9c5d-cf3cd8838f28",
        "split": 2,
        "traceback": null
      },
      {
        "action": "missing_output",
        "after": {
          "exists": false,
          "objects_count": null,
          "predicate_count": null,
          "size_bytes": 0,
          "valid_pickle": false
        },
        "before": {
          "exists": false,
          "objects_count": null,
          "predicate_count": null,
          "size_bytes": 0,
          "valid_pickle": false
        },
        "error": null,
        "object_count_annotation": 9,
        "path": "local_dataset/Open3DSG_staged/training_repro/output/datasets/OpenSG_3RScan/preprocessed/ddc737b3-765b-241a-9c35-6b7662c04fc9/data_dict_5.pkl",
        "relationship_count": 6,
        "relationship_id": "ddc737b3-765b-241a-9c35-6b7662c04fc9-5",
        "scan_id": "ddc737b3-765b-241a-9c35-6b7662c04fc9",
        "split": 5,
        "traceback": null
      },
      {
        "action": "missing_output",
        "after": {
          "exists": false,
          "objects_count": null,
          "predicate_count": null,
          "size_bytes": 0,
          "valid_pickle": false
        },
        "before": {
          "exists": false,
          "objects_count": null,
          "predicate_count": null,
          "size_bytes": 0,
          "valid_pickle": false
        },
        "error": null,
        "object_count_annotation": 5,
        "path": "local_dataset/Open3DSG_staged/training_repro/output/datasets/OpenSG_3RScan/preprocessed/fcf66d98-622d-291c-851a-a16c117a91bb/data_dict_3.pkl",
        "relationship_count": 0,
        "relationship_id": "fcf66d98-622d-291c-851a-a16c117a91bb-3",
        "scan_id": "fcf66d98-622d-291c-851a-a16c117a91bb",
        "split": 3,
        "traceback": null
      },
      {
        "action": "missing_output",
        "after": {
          "exists": false,
          "objects_count": null,
          "predicate_count": null,
          "size_bytes": 0,
          "valid_pickle": false
        },
        "before": {
          "exists": false,
          "objects_count": null,
          "predicate_count": null,
          "size_bytes": 0,
          "valid_pickle": false
        },
        "error": null,
        "object_count_annotation": 5,
        "path": "local_dataset/Open3DSG_staged/training_repro/output/datasets/OpenSG_3RScan/preprocessed/fcf66db0-622d-291c-8734-2a41fae7deb2/data_dict_2.pkl",
        "relationship_count": 14,
        "relationship_id": "fcf66db0-622d-291c-8734-2a41fae7deb2-2",
        "scan_id": "fcf66db0-622d-291c-8734-2a41fae7deb2",
        "split": 2,
        "traceback": null
      },
      {
        "action": "missing_output",
        "after": {
          "exists": false,
          "objects_count": null,
          "predicate_count": null,
          "size_bytes": 0,
          "valid_pickle": false
        },
        "before": {
          "exists": false,
          "objects_count": null,
          "predicate_count": null,
          "size_bytes": 0,
          "valid_pickle": false
        },
        "error": null,
        "object_count_annotation": 5,
        "path": "local_dataset/Open3DSG_staged/training_repro/output/datasets/OpenSG_3RScan/preprocessed/fcf66db4-622d-291c-8720-d0a6bbd17846/data_dict_4.pkl",
        "relationship_count": 5,
        "relationship_id": "fcf66db4-622d-291c-8720-d0a6bbd17846-4",
        "scan_id": "fcf66db4-622d-291c-8720-d0a6bbd17846",
        "split": 4,
        "traceback": null
      },
      {
        "action": "missing_output",
        "after": {
          "exists": false,
          "objects_count": null,
          "predicate_count": null,
          "size_bytes": 0,
          "valid_pickle": false
        },
        "before": {
          "exists": false,
          "objects_count": null,
          "predicate_count": null,
          "size_bytes": 0,
          "valid_pickle": false
        },
        "error": null,
        "object_count_annotation": 9,
        "path": "local_dataset/Open3DSG_staged/training_repro/output/datasets/OpenSG_3RScan/preprocessed/fcf66dbc-622d-291c-8481-6e8761c93e21/data_dict_1.pkl",
        "relationship_count": 28,
        "relationship_id": "fcf66dbc-622d-291c-8481-6e8761c93e21-1",
        "scan_id": "fcf66dbc-622d-291c-8481-6e8761c93e21",
        "split": 1,
        "traceback": null
      }
    ],
    "missing_records": [
      {
        "action": "missing_output",
        "after": {
          "exists": false,
          "objects_count": null,
          "predicate_count": null,
          "size_bytes": 0,
          "valid_pickle": false
        },
        "before": {
          "exists": false,
          "objects_count": null,
          "predicate_count": null,
          "size_bytes": 0,
          "valid_pickle": false
        },
        "error": null,
        "object_count_annotation": 8,
        "path": "local_dataset/Open3DSG_staged/training_repro/output/datasets/OpenSG_3RScan/preprocessed/0cac7538-8d6f-2d13-8c23-d635c21d0f17/data_dict_2.pkl",
        "relationship_count": 4,
        "relationship_id": "0cac7538-8d6f-2d13-8c23-d635c21d0f17-2",
        "scan_id": "0cac7538-8d6f-2d13-8c23-d635c21d0f17",
        "split": 2,
        "traceback": null
      },
      {
        "action": "missing_output",
        "after": {
          "exists": false,
          "objects_count": null,
          "predicate_count": null,
          "size_bytes": 0,
          "valid_pickle": false
        },
        "before": {
          "exists": false,
          "objects_count": null,
          "predicate_count": null,
          "size_bytes": 0,
          "valid_pickle": false
        },
        "error": null,
        "object_count_annotation": 9,
        "path": "local_dataset/Open3DSG_staged/training_repro/output/datasets/OpenSG_3RScan/preprocessed/0cac753c-8d6f-2d13-8e27-e0664fc33bb9/data_dict_1.pkl",
        "relationship_count": 29,
        "relationship_id": "0cac753c-8d6f-2d13-8e27-e0664fc33bb9-1",
        "scan_id": "0cac753c-8d6f-2d13-8e27-e0664fc33bb9",
        "split": 1,
        "traceback": null
      },
      {
        "action": "missing_output",
        "after": {
          "exists": false,
          "objects_count": null,
          "predicate_count": null,
          "size_bytes": 0,
          "valid_pickle": false
        },
        "before": {
          "exists": false,
          "objects_count": null,
          "predicate_count": null,
          "size_bytes": 0,
          "valid_pickle": false
        },
        "error": null,
        "object_count_annotation": 5,
        "path": "local_dataset/Open3DSG_staged/training_repro/output/datasets/OpenSG_3RScan/preprocessed/0cac757e-8d6f-2d13-8f1d-ef6123d53655/data_dict_5.pkl",
        "relationship_count": 10,
        "relationship_id": "0cac757e-8d6f-2d13-8f1d-ef6123d53655-5",
        "scan_id": "0cac757e-8d6f-2d13-8f1d-ef6123d53655",
        "split": 5,
        "traceback": null
      },
      {
        "action": "missing_output",
        "after": {
          "exists": false,
          "objects_count": null,
          "predicate_count": null,
          "size_bytes": 0,
          "valid_pickle": false
        },
        "before": {
          "exists": false,
          "objects_count": null,
          "predicate_count": null,
          "size_bytes": 0,
          "valid_pickle": false
        },
        "error": null,
        "object_count_annotation": 9,
        "path": "local_dataset/Open3DSG_staged/training_repro/output/datasets/OpenSG_3RScan/preprocessed/0cac75a1-8d6f-2d13-8dab-0ecc3b317dc7/data_dict_2.pkl",
        "relationship_count": 19,
        "relationship_id": "0cac75a1-8d6f-2d13-8dab-0ecc3b317dc7-2",
        "scan_id": "0cac75a1-8d6f-2d13-8dab-0ecc3b317dc7",
        "split": 2,
        "traceback": null
      },
      {
        "action": "missing_output",
        "after": {
          "exists": false,
          "objects_count": null,
          "predicate_count": null,
          "size_bytes": 0,
          "valid_pickle": false
        },
        "before": {
          "exists": false,
          "objects_count": null,
          "predicate_count": null,
          "size_bytes": 0,
          "valid_pickle": false
        },
        "error": null,
        "object_count_annotation": 8,
        "path": "local_dataset/Open3DSG_staged/training_repro/output/datasets/OpenSG_3RScan/preprocessed/0cac75a7-8d6f-2d13-8fdc-083ff44d10fb/data_dict_3.pkl",
        "relationship_count": 13,
        "relationship_id": "0cac75a7-8d6f-2d13-8fdc-083ff44d10fb-3",
        "scan_id": "0cac75a7-8d6f-2d13-8fdc-083ff44d10fb",
        "split": 3,
        "traceback": null
      },
      {
        "action": "missing_output",
        "after": {
          "exists": false,
          "objects_count": null,
          "predicate_count": null,
          "size_bytes": 0,
          "valid_pickle": false
        },
        "before": {
          "exists": false,
          "objects_count": null,
          "predicate_count": null,
          "size_bytes": 0,
          "valid_pickle": false
        },
        "error": null,
        "object_count_annotation": 6,
        "path": "local_dataset/Open3DSG_staged/training_repro/output/datasets/OpenSG_3RScan/preprocessed/0cac75af-8d6f-2d13-8f9e-ed3f62665aed/data_dict_1.pkl",
        "relationship_count": 11,
        "relationship_id": "0cac75af-8d6f-2d13-8f9e-ed3f62665aed-1",
        "scan_id": "0cac75af-8d6f-2d13-8f9e-ed3f62665aed",
        "split": 1,
        "traceback": null
      },
      {
        "action": "missing_output",
        "after": {
          "exists": false,
          "objects_count": null,
          "predicate_count": null,
          "size_bytes": 0,
          "valid_pickle": false
        },
        "before": {
          "exists": false,
          "objects_count": null,
          "predicate_count": null,
          "size_bytes": 0,
          "valid_pickle": false
        },
        "error": null,
        "object_count_annotation": 5,
        "path": "local_dataset/Open3DSG_staged/training_repro/output/datasets/OpenSG_3RScan/preprocessed/0cac75c4-8d6f-2d13-8c37-fcfaf141ae5a/data_dict_4.pkl",
        "relationship_count": 14,
        "relationship_id": "0cac75c4-8d6f-2d13-8c37-fcfaf141ae5a-4",
        "scan_id": "0cac75c4-8d6f-2d13-8c37-fcfaf141ae5a",
        "split": 4,
        "traceback": null
      },
      {
        "action": "missing_output",
        "after": {
          "exists": false,
          "objects_count": null,
          "predicate_count": null,
          "size_bytes": 0,
          "valid_pickle": false
        },
        "before": {
          "exists": false,
          "objects_count": null,
          "predicate_count": null,
          "size_bytes": 0,
          "valid_pickle": false
        },
        "error": null,
        "object_count_annotation": 5,
        "path": "local_dataset/Open3DSG_staged/training_repro/output/datasets/OpenSG_3RScan/preprocessed/0cac75cc-8d6f-2d13-8ddf-7b3c05e8709c/data_dict_3.pkl",
        "relationship_count": 14,
        "relationship_id": "0cac75cc-8d6f-2d13-8ddf-7b3c05e8709c-3",
        "scan_id": "0cac75cc-8d6f-2d13-8ddf-7b3c05e8709c",
        "split": 3,
        "traceback": null
      },
      {
        "action": "missing_output",
        "after": {
          "exists": false,
          "objects_count": null,
          "predicate_count": null,
          "size_bytes": 0,
          "valid_pickle": false
        },
        "before": {
          "exists": false,
          "objects_count": null,
          "predicate_count": null,
          "size_bytes": 0,
          "valid_pickle": false
        },
        "error": null,
        "object_count_annotation": 9,
        "path": "local_dataset/Open3DSG_staged/training_repro/output/datasets/OpenSG_3RScan/preprocessed/0cac75d0-8d6f-2d13-8c26-d771a31c3f50/data_dict_2.pkl",
        "relationship_count": 43,
        "relationship_id": "0cac75d0-8d6f-2d13-8c26-d771a31c3f50-2",
        "scan_id": "0cac75d0-8d6f-2d13-8c26-d771a31c3f50",
        "split": 2,
        "traceback": null
      },
      {
        "action": "missing_output",
        "after": {
          "exists": false,
          "objects_count": null,
          "predicate_count": null,
          "size_bytes": 0,
          "valid_pickle": false
        },
        "before": {
          "exists": false,
          "objects_count": null,
          "predicate_count": null,
          "size_bytes": 0,
          "valid_pickle": false
        },
        "error": null,
        "object_count_annotation": 5,
        "path": "local_dataset/Open3DSG_staged/training_repro/output/datasets/OpenSG_3RScan/preprocessed/0cac75f4-8d6f-2d13-8c10-ce688f7ac0af/data_dict_5.pkl",
        "relationship_count": 6,
        "relationship_id": "0cac75f4-8d6f-2d13-8c10-ce688f7ac0af-5",
        "scan_id": "0cac75f4-8d6f-2d13-8c10-ce688f7ac0af",
        "split": 5,
        "traceback": null
      },
      {
        "action": "missing_output",
        "after": {
          "exists": false,
          "objects_count": null,
          "predicate_count": null,
          "size_bytes": 0,
          "valid_pickle": false
        },
        "before": {
          "exists": false,
          "objects_count": null,
          "predicate_count": null,
          "size_bytes": 0,
          "valid_pickle": false
        },
        "error": null,
        "object_count_annotation": 9,
        "path": "local_dataset/Open3DSG_staged/training_repro/output/datasets/OpenSG_3RScan/preprocessed/0cac762f-8d6f-2d13-8e48-ed83163799fb/data_dict_8.pkl",
        "relationship_count": 37,
        "relationship_id": "0cac762f-8d6f-2d13-8e48-ed83163799fb-8",
        "scan_id": "0cac762f-8d6f-2d13-8e48-ed83163799fb",
        "split": 8,
        "traceback": null
      },
      {
        "action": "missing_output",
        "after": {
          "exists": false,
          "objects_count": null,
          "predicate_count": null,
          "size_bytes": 0,
          "valid_pickle": false
        },
        "before": {
          "exists": false,
          "objects_count": null,
          "predicate_count": null,
          "size_bytes": 0,
          "valid_pickle": false
        },
        "error": null,
        "object_count_annotation": 9,
        "path": "local_dataset/Open3DSG_staged/training_repro/output/datasets/OpenSG_3RScan/preprocessed/0cac764c-8d6f-2d13-8fec-15edfc3e53ad/data_dict_1.pkl",
        "relationship_count": 14,
        "relationship_id": "0cac764c-8d6f-2d13-8fec-15edfc3e53ad-1",
        "scan_id": "0cac764c-8d6f-2d13-8fec-15edfc3e53ad",
        "split": 1,
        "traceback": null
      },
      {
        "action": "missing_output",
        "after": {
          "exists": false,
          "objects_count": null,
          "predicate_count": null,
          "size_bytes": 0,
          "valid_pickle": false
        },
        "before": {
          "exists": false,
          "objects_count": null,
          "predicate_count": null,
          "size_bytes": 0,
          "valid_pickle": false
        },
        "error": null,
        "object_count_annotation": 5,
        "path": "local_dataset/Open3DSG_staged/training_repro/output/datasets/OpenSG_3RScan/preprocessed/0cac764c-8d6f-2d13-8fec-15edfc3e53ad/data_dict_5.pkl",
        "relationship_count": 3,
        "relationship_id": "0cac764c-8d6f-2d13-8fec-15edfc3e53ad-5",
        "scan_id": "0cac764c-8d6f-2d13-8fec-15edfc3e53ad",
        "split": 5,
        "traceback": null
      },
      {
        "action": "missing_output",
        "after": {
          "exists": false,
          "objects_count": null,
          "predicate_count": null,
          "size_bytes": 0,
          "valid_pickle": false
        },
        "before": {
          "exists": false,
          "objects_count": null,
          "predicate_count": null,
          "size_bytes": 0,
          "valid_pickle": false
        },
        "error": null,
        "object_count_annotation": 9,
        "path": "local_dataset/Open3DSG_staged/training_repro/output/datasets/OpenSG_3RScan/preprocessed/0cac7660-8d6f-2d13-8ecb-3e29d78a7718/data_dict_3.pkl",
        "relationship_count": 21,
        "relationship_id": "0cac7660-8d6f-2d13-8ecb-3e29d78a7718-3",
        "scan_id": "0cac7660-8d6f-2d13-8ecb-3e29d78a7718",
        "split": 3,
        "traceback": null
      },
      {
        "action": "missing_output",
        "after": {
          "exists": false,
          "objects_count": null,
          "predicate_count": null,
          "size_bytes": 0,
          "valid_pickle": false
        },
        "before": {
          "exists": false,
          "objects_count": null,
          "predicate_count": null,
          "size_bytes": 0,
          "valid_pickle": false
        },
        "error": null,
        "object_count_annotation": 5,
        "path": "local_dataset/Open3DSG_staged/training_repro/output/datasets/OpenSG_3RScan/preprocessed/0cac7662-8d6f-2d13-8e2c-189aab269bae/data_dict_4.pkl",
        "relationship_count": 8,
        "relationship_id": "0cac7662-8d6f-2d13-8e2c-189aab269bae-4",
        "scan_id": "0cac7662-8d6f-2d13-8e2c-189aab269bae",
        "split": 4,
        "traceback": null
      },
      {
        "action": "missing_output",
        "after": {
          "exists": false,
          "objects_count": null,
          "predicate_count": null,
          "size_bytes": 0,
          "valid_pickle": false
        },
        "before": {
          "exists": false,
          "objects_count": null,
          "predicate_count": null,
          "size_bytes": 0,
          "valid_pickle": false
        },
        "error": null,
        "object_count_annotation": 5,
        "path": "local_dataset/Open3DSG_staged/training_repro/output/datasets/OpenSG_3RScan/preprocessed/0cac7664-8d6f-2d13-8e1d-b97c9ab20b12/data_dict_4.pkl",
        "relationship_count": 17,
        "relationship_id": "0cac7664-8d6f-2d13-8e1d-b97c9ab20b12-4",
        "scan_id": "0cac7664-8d6f-2d13-8e1d-b97c9ab20b12",
        "split": 4,
        "traceback": null
      },
      {
        "action": "missing_output",
        "after": {
          "exists": false,
          "objects_count": null,
          "predicate_count": null,
          "size_bytes": 0,
          "valid_pickle": false
        },
        "before": {
          "exists": false,
          "objects_count": null,
          "predicate_count": null,
          "size_bytes": 0,
          "valid_pickle": false
        },
        "error": null,
        "object_count_annotation": 5,
        "path": "local_dataset/Open3DSG_staged/training_repro/output/datasets/OpenSG_3RScan/preprocessed/0cac768a-8d6f-2d13-8dd3-3cbb7d916641/data_dict_1.pkl",
        "relationship_count": 4,
        "relationship_id": "0cac768a-8d6f-2d13-8dd3-3cbb7d916641-1",
        "scan_id": "0cac768a-8d6f-2d13-8dd3-3cbb7d916641",
        "split": 1,
        "traceback": null
      },
      {
        "action": "missing_output",
        "after": {
          "exists": false,
          "objects_count": null,
          "predicate_count": null,
          "size_bytes": 0,
          "valid_pickle": false
        },
        "before": {
          "exists": false,
          "objects_count": null,
          "predicate_count": null,
          "size_bytes": 0,
          "valid_pickle": false
        },
        "error": null,
        "object_count_annotation": 9,
        "path": "local_dataset/Open3DSG_staged/training_repro/output/datasets/OpenSG_3RScan/preprocessed/13124cc6-cec3-27a6-86dc-7f23b894c85c/data_dict_1.pkl",
        "relationship_count": 15,
        "relationship_id": "13124cc6-cec3-27a6-86dc-7f23b894c85c-1",
        "scan_id": "13124cc6-cec3-27a6-86dc-7f23b894c85c",
        "split": 1,
        "traceback": null
      },
      {
        "action": "missing_output",
        "after": {
          "exists": false,
          "objects_count": null,
          "predicate_count": null,
          "size_bytes": 0,
          "valid_pickle": false
        },
        "before": {
          "exists": false,
          "objects_count": null,
          "predicate_count": null,
          "size_bytes": 0,
          "valid_pickle": false
        },
        "error": null,
        "object_count_annotation": 5,
        "path": "local_dataset/Open3DSG_staged/training_repro/output/datasets/OpenSG_3RScan/preprocessed/13124cc6-cec3-27a6-86dc-7f23b894c85c/data_dict_3.pkl",
        "relationship_count": 9,
        "relationship_id": "13124cc6-cec3-27a6-86dc-7f23b894c85c-3",
        "scan_id": "13124cc6-cec3-27a6-86dc-7f23b894c85c",
        "split": 3,
        "traceback": null
      },
      {
        "action": "missing_output",
        "after": {
          "exists": false,
          "objects_count": null,
          "predicate_count": null,
          "size_bytes": 0,
          "valid_pickle": false
        },
        "before": {
          "exists": false,
          "objects_count": null,
          "predicate_count": null,
          "size_bytes": 0,
          "valid_pickle": false
        },
        "error": null,
        "object_count_annotation": 5,
        "path": "local_dataset/Open3DSG_staged/training_repro/output/datasets/OpenSG_3RScan/preprocessed/1776ad78-4db7-2333-887f-d6b6a617255a/data_dict_4.pkl",
        "relationship_count": 4,
        "relationship_id": "1776ad78-4db7-2333-887f-d6b6a617255a-4",
        "scan_id": "1776ad78-4db7-2333-887f-d6b6a617255a",
        "split": 4,
        "traceback": null
      },
      {
        "action": "missing_output",
        "after": {
          "exists": false,
          "objects_count": null,
          "predicate_count": null,
          "size_bytes": 0,
          "valid_pickle": false
        },
        "before": {
          "exists": false,
          "objects_count": null,
          "predicate_count": null,
          "size_bytes": 0,
          "valid_pickle": false
        },
        "error": null,
        "object_count_annotation": 9,
        "path": "local_dataset/Open3DSG_staged/training_repro/output/datasets/OpenSG_3RScan/preprocessed/1c211548-f201-2d25-8686-8e8069116451/data_dict_1.pkl",
        "relationship_count": 18,
        "relationship_id": "1c211548-f201-2d25-8686-8e8069116451-1",
        "scan_id": "1c211548-f201-2d25-8686-8e8069116451",
        "split": 1,
        "traceback": null
      },
      {
        "action": "missing_output",
        "after": {
          "exists": false,
          "objects_count": null,
          "predicate_count": null,
          "size_bytes": 0,
          "valid_pickle": false
        },
        "before": {
          "exists": false,
          "objects_count": null,
          "predicate_count": null,
          "size_bytes": 0,
          "valid_pickle": false
        },
        "error": null,
        "object_count_annotation": 9,
        "path": "local_dataset/Open3DSG_staged/training_repro/output/datasets/OpenSG_3RScan/preprocessed/1c211548-f201-2d25-8686-8e8069116451/data_dict_3.pkl",
        "relationship_count": 34,
        "relationship_id": "1c211548-f201-2d25-8686-8e8069116451-3",
        "scan_id": "1c211548-f201-2d25-8686-8e8069116451",
        "split": 3,
        "traceback": null
      },
      {
        "action": "missing_output",
        "after": {
          "exists": false,
          "objects_count": null,
          "predicate_count": null,
          "size_bytes": 0,
          "valid_pickle": false
        },
        "before": {
          "exists": false,
          "objects_count": null,
          "predicate_count": null,
          "size_bytes": 0,
          "valid_pickle": false
        },
        "error": null,
        "object_count_annotation": 2,
        "path": "local_dataset/Open3DSG_staged/training_repro/output/datasets/OpenSG_3RScan/preprocessed/1d234000-e280-2b1a-8d5e-bd2403a8dbfa/data_dict_1.pkl",
        "relationship_count": 1,
        "relationship_id": "1d234000-e280-2b1a-8d5e-bd2403a8dbfa-1",
        "scan_id": "1d234000-e280-2b1a-8d5e-bd2403a8dbfa",
        "split": 1,
        "traceback": null
      },
      {
        "action": "missing_output",
        "after": {
          "exists": false,
          "objects_count": null,
          "predicate_count": null,
          "size_bytes": 0,
          "valid_pickle": false
        },
        "before": {
          "exists": false,
          "objects_count": null,
          "predicate_count": null,
          "size_bytes": 0,
          "valid_pickle": false
        },
        "error": null,
        "object_count_annotation": 3,
        "path": "local_dataset/Open3DSG_staged/training_repro/output/datasets/OpenSG_3RScan/preprocessed/1d234002-e280-2b1a-8c8d-6aafb5b35a24/data_dict_1.pkl",
        "relationship_count": 2,
        "relationship_id": "1d234002-e280-2b1a-8c8d-6aafb5b35a24-1",
        "scan_id": "1d234002-e280-2b1a-8c8d-6aafb5b35a24",
        "split": 1,
        "traceback": null
      },
      {
        "action": "missing_output",
        "after": {
          "exists": false,
          "objects_count": null,
          "predicate_count": null,
          "size_bytes": 0,
          "valid_pickle": false
        },
        "before": {
          "exists": false,
          "objects_count": null,
          "predicate_count": null,
          "size_bytes": 0,
          "valid_pickle": false
        },
        "error": null,
        "object_count_annotation": 5,
        "path": "local_dataset/Open3DSG_staged/training_repro/output/datasets/OpenSG_3RScan/preprocessed/1d234006-e280-2b1a-8e34-b2f670259e8d/data_dict_3.pkl",
        "relationship_count": 5,
        "relationship_id": "1d234006-e280-2b1a-8e34-b2f670259e8d-3",
        "scan_id": "1d234006-e280-2b1a-8e34-b2f670259e8d",
        "split": 3,
        "traceback": null
      },
      {
        "action": "missing_output",
        "after": {
          "exists": false,
          "objects_count": null,
          "predicate_count": null,
          "size_bytes": 0,
          "valid_pickle": false
        },
        "before": {
          "exists": false,
          "objects_count": null,
          "predicate_count": null,
          "size_bytes": 0,
          "valid_pickle": false
        },
        "error": null,
        "object_count_annotation": 5,
        "path": "local_dataset/Open3DSG_staged/training_repro/output/datasets/OpenSG_3RScan/preprocessed/1d234008-e280-2b1a-8cc9-c573097cd272/data_dict_3.pkl",
        "relationship_count": 5,
        "relationship_id": "1d234008-e280-2b1a-8cc9-c573097cd272-3",
        "scan_id": "1d234008-e280-2b1a-8cc9-c573097cd272",
        "split": 3,
        "traceback": null
      },
      {
        "action": "missing_output",
        "after": {
          "exists": false,
          "objects_count": null,
          "predicate_count": null,
          "size_bytes": 0,
          "valid_pickle": false
        },
        "before": {
          "exists": false,
          "objects_count": null,
          "predicate_count": null,
          "size_bytes": 0,
          "valid_pickle": false
        },
        "error": null,
        "object_count_annotation": 3,
        "path": "local_dataset/Open3DSG_staged/training_repro/output/datasets/OpenSG_3RScan/preprocessed/20c99397-698f-29c5-8534-5304111c28af/data_dict_1.pkl",
        "relationship_count": 6,
        "relationship_id": "20c99397-698f-29c5-8534-5304111c28af-1",
        "scan_id": "20c99397-698f-29c5-8534-5304111c28af",
        "split": 1,
        "traceback": null
      },
      {
        "action": "missing_output",
        "after": {
          "exists": false,
          "objects_count": null,
          "predicate_count": null,
          "size_bytes": 0,
          "valid_pickle": false
        },
        "before": {
          "exists": false,
          "objects_count": null,
          "predicate_count": null,
          "size_bytes": 0,
          "valid_pickle": false
        },
        "error": null,
        "object_count_annotation": 9,
        "path": "local_dataset/Open3DSG_staged/training_repro/output/datasets/OpenSG_3RScan/preprocessed/20c993ad-698f-29c5-8580-879f93258149/data_dict_4.pkl",
        "relationship_count": 18,
        "relationship_id": "20c993ad-698f-29c5-8580-879f93258149-4",
        "scan_id": "20c993ad-698f-29c5-8580-879f93258149",
        "split": 4,
        "traceback": null
      },
      {
        "action": "missing_output",
        "after": {
          "exists": false,
          "objects_count": null,
          "predicate_count": null,
          "size_bytes": 0,
          "valid_pickle": false
        },
        "before": {
          "exists": false,
          "objects_count": null,
          "predicate_count": null,
          "size_bytes": 0,
          "valid_pickle": false
        },
        "error": null,
        "object_count_annotation": 3,
        "path": "local_dataset/Open3DSG_staged/training_repro/output/datasets/OpenSG_3RScan/preprocessed/20c993c5-698f-29c5-8604-3248ede4091f/data_dict_1.pkl",
        "relationship_count": 4,
        "relationship_id": "20c993c5-698f-29c5-8604-3248ede4091f-1",
        "scan_id": "20c993c5-698f-29c5-8604-3248ede4091f",
        "split": 1,
        "traceback": null
      },
      {
        "action": "missing_output",
        "after": {
          "exists": false,
          "objects_count": null,
          "predicate_count": null,
          "size_bytes": 0,
          "valid_pickle": false
        },
        "before": {
          "exists": false,
          "objects_count": null,
          "predicate_count": null,
          "size_bytes": 0,
          "valid_pickle": false
        },
        "error": null,
        "object_count_annotation": 4,
        "path": "local_dataset/Open3DSG_staged/training_repro/output/datasets/OpenSG_3RScan/preprocessed/20c993c7-698f-29c5-8685-0d1a2a4a3496/data_dict_1.pkl",
        "relationship_count": 4,
        "relationship_id": "20c993c7-698f-29c5-8685-0d1a2a4a3496-1",
        "scan_id": "20c993c7-698f-29c5-8685-0d1a2a4a3496",
        "split": 1,
        "traceback": null
      },
      {
        "action": "missing_output",
        "after": {
          "exists": false,
          "objects_count": null,
          "predicate_count": null,
          "size_bytes": 0,
          "valid_pickle": false
        },
        "before": {
          "exists": false,
          "objects_count": null,
          "predicate_count": null,
          "size_bytes": 0,
          "valid_pickle": false
        },
        "error": null,
        "object_count_annotation": 9,
        "path": "local_dataset/Open3DSG_staged/training_repro/output/datasets/OpenSG_3RScan/preprocessed/20c993cb-698f-29c5-86fd-1a409a569219/data_dict_5.pkl",
        "relationship_count": 38,
        "relationship_id": "20c993cb-698f-29c5-86fd-1a409a569219-5",
        "scan_id": "20c993cb-698f-29c5-86fd-1a409a569219",
        "split": 5,
        "traceback": null
      },
      {
        "action": "missing_output",
        "after": {
          "exists": false,
          "objects_count": null,
          "predicate_count": null,
          "size_bytes": 0,
          "valid_pickle": false
        },
        "before": {
          "exists": false,
          "objects_count": null,
          "predicate_count": null,
          "size_bytes": 0,
          "valid_pickle": false
        },
        "error": null,
        "object_count_annotation": 9,
        "path": "local_dataset/Open3DSG_staged/training_repro/output/datasets/OpenSG_3RScan/preprocessed/20c993cb-698f-29c5-86fd-1a409a569219/data_dict_6.pkl",
        "relationship_count": 19,
        "relationship_id": "20c993cb-698f-29c5-86fd-1a409a569219-6",
        "scan_id": "20c993cb-698f-29c5-86fd-1a409a569219",
        "split": 6,
        "traceback": null
      },
      {
        "action": "missing_output",
        "after": {
          "exists": false,
          "objects_count": null,
          "predicate_count": null,
          "size_bytes": 0,
          "valid_pickle": false
        },
        "before": {
          "exists": false,
          "objects_count": null,
          "predicate_count": null,
          "size_bytes": 0,
          "valid_pickle": false
        },
        "error": null,
        "object_count_annotation": 9,
        "path": "local_dataset/Open3DSG_staged/training_repro/output/datasets/OpenSG_3RScan/preprocessed/2451c057-fae8-24f6-92b8-df89e0429f6e/data_dict_2.pkl",
        "relationship_count": 7,
        "relationship_id": "2451c057-fae8-24f6-92b8-df89e0429f6e-2",
        "scan_id": "2451c057-fae8-24f6-92b8-df89e0429f6e",
        "split": 2,
        "traceback": null
      },
      {
        "action": "missing_output",
        "after": {
          "exists": false,
          "objects_count": null,
          "predicate_count": null,
          "size_bytes": 0,
          "valid_pickle": false
        },
        "before": {
          "exists": false,
          "objects_count": null,
          "predicate_count": null,
          "size_bytes": 0,
          "valid_pickle": false
        },
        "error": null,
        "object_count_annotation": 9,
        "path": "local_dataset/Open3DSG_staged/training_repro/output/datasets/OpenSG_3RScan/preprocessed/352e9c36-69fb-27a7-889f-69b450a22b74/data_dict_6.pkl",
        "relationship_count": 71,
        "relationship_id": "352e9c36-69fb-27a7-889f-69b450a22b74-6",
        "scan_id": "352e9c36-69fb-27a7-889f-69b450a22b74",
        "split": 6,
        "traceback": null
      },
      {
        "action": "missing_output",
        "after": {
          "exists": false,
          "objects_count": null,
          "predicate_count": null,
          "size_bytes": 0,
          "valid_pickle": false
        },
        "before": {
          "exists": false,
          "objects_count": null,
          "predicate_count": null,
          "size_bytes": 0,
          "valid_pickle": false
        },
        "error": null,
        "object_count_annotation": 7,
        "path": "local_dataset/Open3DSG_staged/training_repro/output/datasets/OpenSG_3RScan/preprocessed/355465d0-d29b-29f9-94f2-7707ac505bae/data_dict_2.pkl",
        "relationship_count": 64,
        "relationship_id": "355465d0-d29b-29f9-94f2-7707ac505bae-2",
        "scan_id": "355465d0-d29b-29f9-94f2-7707ac505bae",
        "split": 2,
        "traceback": null
      },
      {
        "action": "missing_output",
        "after": {
          "exists": false,
          "objects_count": null,
          "predicate_count": null,
          "size_bytes": 0,
          "valid_pickle": false
        },
        "before": {
          "exists": false,
          "objects_count": null,
          "predicate_count": null,
          "size_bytes": 0,
          "valid_pickle": false
        },
        "error": null,
        "object_count_annotation": 9,
        "path": "local_dataset/Open3DSG_staged/training_repro/output/datasets/OpenSG_3RScan/preprocessed/355465d4-d29b-29f9-9550-e366a10d6924/data_dict_1.pkl",
        "relationship_count": 81,
        "relationship_id": "355465d4-d29b-29f9-9550-e366a10d6924-1",
        "scan_id": "355465d4-d29b-29f9-9550-e366a10d6924",
        "split": 1,
        "traceback": null
      },
      {
        "action": "missing_output",
        "after": {
          "exists": false,
          "objects_count": null,
          "predicate_count": null,
          "size_bytes": 0,
          "valid_pickle": false
        },
        "before": {
          "exists": false,
          "objects_count": null,
          "predicate_count": null,
          "size_bytes": 0,
          "valid_pickle": false
        },
        "error": null,
        "object_count_annotation": 8,
        "path": "local_dataset/Open3DSG_staged/training_repro/output/datasets/OpenSG_3RScan/preprocessed/35788e22-696e-2374-8898-bc5d06109906/data_dict_8.pkl",
        "relationship_count": 47,
        "relationship_id": "35788e22-696e-2374-8898-bc5d06109906-8",
        "scan_id": "35788e22-696e-2374-8898-bc5d06109906",
        "split": 8,
        "traceback": null
      },
      {
        "action": "missing_output",
        "after": {
          "exists": false,
          "objects_count": null,
          "predicate_count": null,
          "size_bytes": 0,
          "valid_pickle": false
        },
        "before": {
          "exists": false,
          "objects_count": null,
          "predicate_count": null,
          "size_bytes": 0,
          "valid_pickle": false
        },
        "error": null,
        "object_count_annotation": 7,
        "path": "local_dataset/Open3DSG_staged/training_repro/output/datasets/OpenSG_3RScan/preprocessed/43b8caf1-6678-2e38-9ab4-0bdde7337aac/data_dict_1.pkl",
        "relationship_count": 9,
        "relationship_id": "43b8caf1-6678-2e38-9ab4-0bdde7337aac-1",
        "scan_id": "43b8caf1-6678-2e38-9ab4-0bdde7337aac",
        "split": 1,
        "traceback": null
      },
      {
        "action": "missing_output",
        "after": {
          "exists": false,
          "objects_count": null,
          "predicate_count": null,
          "size_bytes": 0,
          "valid_pickle": false
        },
        "before": {
          "exists": false,
          "objects_count": null,
          "predicate_count": null,
          "size_bytes": 0,
          "valid_pickle": false
        },
        "error": null,
        "object_count_annotation": 5,
        "path": "local_dataset/Open3DSG_staged/training_repro/output/datasets/OpenSG_3RScan/preprocessed/48005c67-7d67-29ec-85e7-ad30a2aac1e0/data_dict_5.pkl",
        "relationship_count": 3,
        "relationship_id": "48005c67-7d67-29ec-85e7-ad30a2aac1e0-5",
        "scan_id": "48005c67-7d67-29ec-85e7-ad30a2aac1e0",
        "split": 5,
        "traceback": null
      },
      {
        "action": "missing_output",
        "after": {
          "exists": false,
          "objects_count": null,
          "predicate_count": null,
          "size_bytes": 0,
          "valid_pickle": false
        },
        "before": {
          "exists": false,
          "objects_count": null,
          "predicate_count": null,
          "size_bytes": 0,
          "valid_pickle": false
        },
        "error": null,
        "object_count_annotation": 2,
        "path": "local_dataset/Open3DSG_staged/training_repro/output/datasets/OpenSG_3RScan/preprocessed/4a9a43d8-7736-2874-86fc-098deb94c868/data_dict_1.pkl",
        "relationship_count": 1,
        "relationship_id": "4a9a43d8-7736-2874-86fc-098deb94c868-1",
        "scan_id": "4a9a43d8-7736-2874-86fc-098deb94c868",
        "split": 1,
        "traceback": null
      },
      {
        "action": "missing_output",
        "after": {
          "exists": false,
          "objects_count": null,
          "predicate_count": null,
          "size_bytes": 0,
          "valid_pickle": false
        },
        "before": {
          "exists": false,
          "objects_count": null,
          "predicate_count": null,
          "size_bytes": 0,
          "valid_pickle": false
        },
        "error": null,
        "object_count_annotation": 9,
        "path": "local_dataset/Open3DSG_staged/training_repro/output/datasets/OpenSG_3RScan/preprocessed/4e858c93-fd93-2cb4-86d6-12f652012a40/data_dict_3.pkl",
        "relationship_count": 85,
        "relationship_id": "4e858c93-fd93-2cb4-86d6-12f652012a40-3",
        "scan_id": "4e858c93-fd93-2cb4-86d6-12f652012a40",
        "split": 3,
        "traceback": null
      },
      {
        "action": "missing_output",
        "after": {
          "exists": false,
          "objects_count": null,
          "predicate_count": null,
          "size_bytes": 0,
          "valid_pickle": false
        },
        "before": {
          "exists": false,
          "objects_count": null,
          "predicate_count": null,
          "size_bytes": 0,
          "valid_pickle": false
        },
        "error": null,
        "object_count_annotation": 9,
        "path": "local_dataset/Open3DSG_staged/training_repro/output/datasets/OpenSG_3RScan/preprocessed/4e858c9d-fd93-2cb4-859e-c508af1e5449/data_dict_1.pkl",
        "relationship_count": 48,
        "relationship_id": "4e858c9d-fd93-2cb4-859e-c508af1e5449-1",
        "scan_id": "4e858c9d-fd93-2cb4-859e-c508af1e5449",
        "split": 1,
        "traceback": null
      },
      {
        "action": "missing_output",
        "after": {
          "exists": false,
          "objects_count": null,
          "predicate_count": null,
          "size_bytes": 0,
          "valid_pickle": false
        },
        "before": {
          "exists": false,
          "objects_count": null,
          "predicate_count": null,
          "size_bytes": 0,
          "valid_pickle": false
        },
        "error": null,
        "object_count_annotation": 6,
        "path": "local_dataset/Open3DSG_staged/training_repro/output/datasets/OpenSG_3RScan/preprocessed/5341b79b-8a66-2cdd-84cd-d6dfbb614837/data_dict_3.pkl",
        "relationship_count": 2,
        "relationship_id": "5341b79b-8a66-2cdd-84cd-d6dfbb614837-3",
        "scan_id": "5341b79b-8a66-2cdd-84cd-d6dfbb614837",
        "split": 3,
        "traceback": null
      },
      {
        "action": "missing_output",
        "after": {
          "exists": false,
          "objects_count": null,
          "predicate_count": null,
          "size_bytes": 0,
          "valid_pickle": false
        },
        "before": {
          "exists": false,
          "objects_count": null,
          "predicate_count": null,
          "size_bytes": 0,
          "valid_pickle": false
        },
        "error": null,
        "object_count_annotation": 9,
        "path": "local_dataset/Open3DSG_staged/training_repro/output/datasets/OpenSG_3RScan/preprocessed/5341b7b5-8a66-2cdd-841d-805bfa2c44b5/data_dict_4.pkl",
        "relationship_count": 12,
        "relationship_id": "5341b7b5-8a66-2cdd-841d-805bfa2c44b5-4",
        "scan_id": "5341b7b5-8a66-2cdd-841d-805bfa2c44b5",
        "split": 4,
        "traceback": null
      },
      {
        "action": "missing_output",
        "after": {
          "exists": false,
          "objects_count": null,
          "predicate_count": null,
          "size_bytes": 0,
          "valid_pickle": false
        },
        "before": {
          "exists": false,
          "objects_count": null,
          "predicate_count": null,
          "size_bytes": 0,
          "valid_pickle": false
        },
        "error": null,
        "object_count_annotation": 9,
        "path": "local_dataset/Open3DSG_staged/training_repro/output/datasets/OpenSG_3RScan/preprocessed/5555106a-36f1-29c0-8913-df1ba3c3cfd5/data_dict_5.pkl",
        "relationship_count": 9,
        "relationship_id": "5555106a-36f1-29c0-8913-df1ba3c3cfd5-5",
        "scan_id": "5555106a-36f1-29c0-8913-df1ba3c3cfd5",
        "split": 5,
        "traceback": null
      },
      {
        "action": "missing_output",
        "after": {
          "exists": false,
          "objects_count": null,
          "predicate_count": null,
          "size_bytes": 0,
          "valid_pickle": false
        },
        "before": {
          "exists": false,
          "objects_count": null,
          "predicate_count": null,
          "size_bytes": 0,
          "valid_pickle": false
        },
        "error": null,
        "object_count_annotation": 7,
        "path": "local_dataset/Open3DSG_staged/training_repro/output/datasets/OpenSG_3RScan/preprocessed/55551079-36f1-29c0-8bcf-aa3b2450b9c5/data_dict_2.pkl",
        "relationship_count": 4,
        "relationship_id": "55551079-36f1-29c0-8bcf-aa3b2450b9c5-2",
        "scan_id": "55551079-36f1-29c0-8bcf-aa3b2450b9c5",
        "split": 2,
        "traceback": null
      },
      {
        "action": "missing_output",
        "after": {
          "exists": false,
          "objects_count": null,
          "predicate_count": null,
          "size_bytes": 0,
          "valid_pickle": false
        },
        "before": {
          "exists": false,
          "objects_count": null,
          "predicate_count": null,
          "size_bytes": 0,
          "valid_pickle": false
        },
        "error": null,
        "object_count_annotation": 5,
        "path": "local_dataset/Open3DSG_staged/training_repro/output/datasets/OpenSG_3RScan/preprocessed/569d8f11-72aa-2f24-88ea-bd6aa4f1d84c/data_dict_5.pkl",
        "relationship_count": 3,
        "relationship_id": "569d8f11-72aa-2f24-88ea-bd6aa4f1d84c-5",
        "scan_id": "569d8f11-72aa-2f24-88ea-bd6aa4f1d84c",
        "split": 5,
        "traceback": null
      },
      {
        "action": "missing_output",
        "after": {
          "exists": false,
          "objects_count": null,
          "predicate_count": null,
          "size_bytes": 0,
          "valid_pickle": false
        },
        "before": {
          "exists": false,
          "objects_count": null,
          "predicate_count": null,
          "size_bytes": 0,
          "valid_pickle": false
        },
        "error": null,
        "object_count_annotation": 2,
        "path": "local_dataset/Open3DSG_staged/training_repro/output/datasets/OpenSG_3RScan/preprocessed/56d957e9-0184-2301-8c3e-ff1c86c6b50c/data_dict_1.pkl",
        "relationship_count": 1,
        "relationship_id": "56d957e9-0184-2301-8c3e-ff1c86c6b50c-1",
        "scan_id": "56d957e9-0184-2301-8c3e-ff1c86c6b50c",
        "split": 1,
        "traceback": null
      },
      {
        "action": "missing_output",
        "after": {
          "exists": false,
          "objects_count": null,
          "predicate_count": null,
          "size_bytes": 0,
          "valid_pickle": false
        },
        "before": {
          "exists": false,
          "objects_count": null,
          "predicate_count": null,
          "size_bytes": 0,
          "valid_pickle": false
        },
        "error": null,
        "object_count_annotation": 2,
        "path": "local_dataset/Open3DSG_staged/training_repro/output/datasets/OpenSG_3RScan/preprocessed/56d957ed-0184-2301-8f4f-616c3b537e45/data_dict_1.pkl",
        "relationship_count": 1,
        "relationship_id": "56d957ed-0184-2301-8f4f-616c3b537e45-1",
        "scan_id": "56d957ed-0184-2301-8f4f-616c3b537e45",
        "split": 1,
        "traceback": null
      },
      {
        "action": "missing_output",
        "after": {
          "exists": false,
          "objects_count": null,
          "predicate_count": null,
          "size_bytes": 0,
          "valid_pickle": false
        },
        "before": {
          "exists": false,
          "objects_count": null,
          "predicate_count": null,
          "size_bytes": 0,
          "valid_pickle": false
        },
        "error": null,
        "object_count_annotation": 5,
        "path": "local_dataset/Open3DSG_staged/training_repro/output/datasets/OpenSG_3RScan/preprocessed/68bae772-3567-2f7c-804c-d77a47cdc508/data_dict_4.pkl",
        "relationship_count": 1,
        "relationship_id": "68bae772-3567-2f7c-804c-d77a47cdc508-4",
        "scan_id": "68bae772-3567-2f7c-804c-d77a47cdc508",
        "split": 4,
        "traceback": null
      },
      {
        "action": "missing_output",
        "after": {
          "exists": false,
          "objects_count": null,
          "predicate_count": null,
          "size_bytes": 0,
          "valid_pickle": false
        },
        "before": {
          "exists": false,
          "objects_count": null,
          "predicate_count": null,
          "size_bytes": 0,
          "valid_pickle": false
        },
        "error": null,
        "object_count_annotation": 9,
        "path": "local_dataset/Open3DSG_staged/training_repro/output/datasets/OpenSG_3RScan/preprocessed/6a36053b-fa53-2915-9716-6b5361c7791a/data_dict_3.pkl",
        "relationship_count": 2,
        "relationship_id": "6a36053b-fa53-2915-9716-6b5361c7791a-3",
        "scan_id": "6a36053b-fa53-2915-9716-6b5361c7791a",
        "split": 3,
        "traceback": null
      },
      {
        "action": "missing_output",
        "after": {
          "exists": false,
          "objects_count": null,
          "predicate_count": null,
          "size_bytes": 0,
          "valid_pickle": false
        },
        "before": {
          "exists": false,
          "objects_count": null,
          "predicate_count": null,
          "size_bytes": 0,
          "valid_pickle": false
        },
        "error": null,
        "object_count_annotation": 9,
        "path": "local_dataset/Open3DSG_staged/training_repro/output/datasets/OpenSG_3RScan/preprocessed/6a36053f-fa53-2915-9579-3938283bc154/data_dict_1.pkl",
        "relationship_count": 12,
        "relationship_id": "6a36053f-fa53-2915-9579-3938283bc154-1",
        "scan_id": "6a36053f-fa53-2915-9579-3938283bc154",
        "split": 1,
        "traceback": null
      },
      {
        "action": "missing_output",
        "after": {
          "exists": false,
          "objects_count": null,
          "predicate_count": null,
          "size_bytes": 0,
          "valid_pickle": false
        },
        "before": {
          "exists": false,
          "objects_count": null,
          "predicate_count": null,
          "size_bytes": 0,
          "valid_pickle": false
        },
        "error": null,
        "object_count_annotation": 8,
        "path": "local_dataset/Open3DSG_staged/training_repro/output/datasets/OpenSG_3RScan/preprocessed/6a360543-fa53-2915-95a7-697af24d1d25/data_dict_4.pkl",
        "relationship_count": 16,
        "relationship_id": "6a360543-fa53-2915-95a7-697af24d1d25-4",
        "scan_id": "6a360543-fa53-2915-95a7-697af24d1d25",
        "split": 4,
        "traceback": null
      },
      {
        "action": "missing_output",
        "after": {
          "exists": false,
          "objects_count": null,
          "predicate_count": null,
          "size_bytes": 0,
          "valid_pickle": false
        },
        "before": {
          "exists": false,
          "objects_count": null,
          "predicate_count": null,
          "size_bytes": 0,
          "valid_pickle": false
        },
        "error": null,
        "object_count_annotation": 9,
        "path": "local_dataset/Open3DSG_staged/training_repro/output/datasets/OpenSG_3RScan/preprocessed/6bde6045-9162-246f-8dff-b27ff180a6ae/data_dict_2.pkl",
        "relationship_count": 18,
        "relationship_id": "6bde6045-9162-246f-8dff-b27ff180a6ae-2",
        "scan_id": "6bde6045-9162-246f-8dff-b27ff180a6ae",
        "split": 2,
        "traceback": null
      },
      {
        "action": "missing_output",
        "after": {
          "exists": false,
          "objects_count": null,
          "predicate_count": null,
          "size_bytes": 0,
          "valid_pickle": false
        },
        "before": {
          "exists": false,
          "objects_count": null,
          "predicate_count": null,
          "size_bytes": 0,
          "valid_pickle": false
        },
        "error": null,
        "object_count_annotation": 2,
        "path": "local_dataset/Open3DSG_staged/training_repro/output/datasets/OpenSG_3RScan/preprocessed/6bde604d-9162-246f-8d7d-631c1e992162/data_dict_1.pkl",
        "relationship_count": 1,
        "relationship_id": "6bde604d-9162-246f-8d7d-631c1e992162-1",
        "scan_id": "6bde604d-9162-246f-8d7d-631c1e992162",
        "split": 1,
        "traceback": null
      },
      {
        "action": "missing_output",
        "after": {
          "exists": false,
          "objects_count": null,
          "predicate_count": null,
          "size_bytes": 0,
          "valid_pickle": false
        },
        "before": {
          "exists": false,
          "objects_count": null,
          "predicate_count": null,
          "size_bytes": 0,
          "valid_pickle": false
        },
        "error": null,
        "object_count_annotation": 2,
        "path": "local_dataset/Open3DSG_staged/training_repro/output/datasets/OpenSG_3RScan/preprocessed/6bde6051-9162-246f-8fa1-c88a8a60a97e/data_dict_1.pkl",
        "relationship_count": 1,
        "relationship_id": "6bde6051-9162-246f-8fa1-c88a8a60a97e-1",
        "scan_id": "6bde6051-9162-246f-8fa1-c88a8a60a97e",
        "split": 1,
        "traceback": null
      },
      {
        "action": "missing_output",
        "after": {
          "exists": false,
          "objects_count": null,
          "predicate_count": null,
          "size_bytes": 0,
          "valid_pickle": false
        },
        "before": {
          "exists": false,
          "objects_count": null,
          "predicate_count": null,
          "size_bytes": 0,
          "valid_pickle": false
        },
        "error": null,
        "object_count_annotation": 2,
        "path": "local_dataset/Open3DSG_staged/training_repro/output/datasets/OpenSG_3RScan/preprocessed/6bde6053-9162-246f-8d5d-54e5e3dd721d/data_dict_1.pkl",
        "relationship_count": 1,
        "relationship_id": "6bde6053-9162-246f-8d5d-54e5e3dd721d-1",
        "scan_id": "6bde6053-9162-246f-8d5d-54e5e3dd721d",
        "split": 1,
        "traceback": null
      },
      {
        "action": "missing_output",
        "after": {
          "exists": false,
          "objects_count": null,
          "predicate_count": null,
          "size_bytes": 0,
          "valid_pickle": false
        },
        "before": {
          "exists": false,
          "objects_count": null,
          "predicate_count": null,
          "size_bytes": 0,
          "valid_pickle": false
        },
        "error": null,
        "object_count_annotation": 5,
        "path": "local_dataset/Open3DSG_staged/training_repro/output/datasets/OpenSG_3RScan/preprocessed/6bde60a3-9162-246f-8ca3-48f7e86e95b8/data_dict_3.pkl",
        "relationship_count": 1,
        "relationship_id": "6bde60a3-9162-246f-8ca3-48f7e86e95b8-3",
        "scan_id": "6bde60a3-9162-246f-8ca3-48f7e86e95b8",
        "split": 3,
        "traceback": null
      },
      {
        "action": "missing_output",
        "after": {
          "exists": false,
          "objects_count": null,
          "predicate_count": null,
          "size_bytes": 0,
          "valid_pickle": false
        },
        "before": {
          "exists": false,
          "objects_count": null,
          "predicate_count": null,
          "size_bytes": 0,
          "valid_pickle": false
        },
        "error": null,
        "object_count_annotation": 5,
        "path": "local_dataset/Open3DSG_staged/training_repro/output/datasets/OpenSG_3RScan/preprocessed/6bde60da-9162-246f-8ec0-a5f4760ef7b8/data_dict_2.pkl",
        "relationship_count": 4,
        "relationship_id": "6bde60da-9162-246f-8ec0-a5f4760ef7b8-2",
        "scan_id": "6bde60da-9162-246f-8ec0-a5f4760ef7b8",
        "split": 2,
        "traceback": null
      },
      {
        "action": "missing_output",
        "after": {
          "exists": false,
          "objects_count": null,
          "predicate_count": null,
          "size_bytes": 0,
          "valid_pickle": false
        },
        "before": {
          "exists": false,
          "objects_count": null,
          "predicate_count": null,
          "size_bytes": 0,
          "valid_pickle": false
        },
        "error": null,
        "object_count_annotation": 5,
        "path": "local_dataset/Open3DSG_staged/training_repro/output/datasets/OpenSG_3RScan/preprocessed/6bde60de-9162-246f-8cb4-87b39c9ac5e7/data_dict_4.pkl",
        "relationship_count": 5,
        "relationship_id": "6bde60de-9162-246f-8cb4-87b39c9ac5e7-4",
        "scan_id": "6bde60de-9162-246f-8cb4-87b39c9ac5e7",
        "split": 4,
        "traceback": null
      },
      {
        "action": "missing_output",
        "after": {
          "exists": false,
          "objects_count": null,
          "predicate_count": null,
          "size_bytes": 0,
          "valid_pickle": false
        },
        "before": {
          "exists": false,
          "objects_count": null,
          "predicate_count": null,
          "size_bytes": 0,
          "valid_pickle": false
        },
        "error": null,
        "object_count_annotation": 9,
        "path": "local_dataset/Open3DSG_staged/training_repro/output/datasets/OpenSG_3RScan/preprocessed/74ef846e-9dce-2d66-83d5-294aac7b1b0f/data_dict_5.pkl",
        "relationship_count": 4,
        "relationship_id": "74ef846e-9dce-2d66-83d5-294aac7b1b0f-5",
        "scan_id": "74ef846e-9dce-2d66-83d5-294aac7b1b0f",
        "split": 5,
        "traceback": null
      },
      {
        "action": "missing_output",
        "after": {
          "exists": false,
          "objects_count": null,
          "predicate_count": null,
          "size_bytes": 0,
          "valid_pickle": false
        },
        "before": {
          "exists": false,
          "objects_count": null,
          "predicate_count": null,
          "size_bytes": 0,
          "valid_pickle": false
        },
        "error": null,
        "object_count_annotation": 5,
        "path": "local_dataset/Open3DSG_staged/training_repro/output/datasets/OpenSG_3RScan/preprocessed/74ef846e-9dce-2d66-83d5-294aac7b1b0f/data_dict_6.pkl",
        "relationship_count": 10,
        "relationship_id": "74ef846e-9dce-2d66-83d5-294aac7b1b0f-6",
        "scan_id": "74ef846e-9dce-2d66-83d5-294aac7b1b0f",
        "split": 6,
        "traceback": null
      },
      {
        "action": "missing_output",
        "after": {
          "exists": false,
          "objects_count": null,
          "predicate_count": null,
          "size_bytes": 0,
          "valid_pickle": false
        },
        "before": {
          "exists": false,
          "objects_count": null,
          "predicate_count": null,
          "size_bytes": 0,
          "valid_pickle": false
        },
        "error": null,
        "object_count_annotation": 9,
        "path": "local_dataset/Open3DSG_staged/training_repro/output/datasets/OpenSG_3RScan/preprocessed/74ef8470-9dce-2d66-8339-4b51b8406cef/data_dict_4.pkl",
        "relationship_count": 11,
        "relationship_id": "74ef8470-9dce-2d66-8339-4b51b8406cef-4",
        "scan_id": "74ef8470-9dce-2d66-8339-4b51b8406cef",
        "split": 4,
        "traceback": null
      },
      {
        "action": "missing_output",
        "after": {
          "exists": false,
          "objects_count": null,
          "predicate_count": null,
          "size_bytes": 0,
          "valid_pickle": false
        },
        "before": {
          "exists": false,
          "objects_count": null,
          "predicate_count": null,
          "size_bytes": 0,
          "valid_pickle": false
        },
        "error": null,
        "object_count_annotation": 5,
        "path": "local_dataset/Open3DSG_staged/training_repro/output/datasets/OpenSG_3RScan/preprocessed/74ef8470-9dce-2d66-8339-4b51b8406cef/data_dict_5.pkl",
        "relationship_count": 4,
        "relationship_id": "74ef8470-9dce-2d66-8339-4b51b8406cef-5",
        "scan_id": "74ef8470-9dce-2d66-8339-4b51b8406cef",
        "split": 5,
        "traceback": null
      },
      {
        "action": "missing_output",
        "after": {
          "exists": false,
          "objects_count": null,
          "predicate_count": null,
          "size_bytes": 0,
          "valid_pickle": false
        },
        "before": {
          "exists": false,
          "objects_count": null,
          "predicate_count": null,
          "size_bytes": 0,
          "valid_pickle": false
        },
        "error": null,
        "object_count_annotation": 3,
        "path": "local_dataset/Open3DSG_staged/training_repro/output/datasets/OpenSG_3RScan/preprocessed/77941464-cfdf-29cb-87f4-0465d3b9ab00/data_dict_1.pkl",
        "relationship_count": 11,
        "relationship_id": "77941464-cfdf-29cb-87f4-0465d3b9ab00-1",
        "scan_id": "77941464-cfdf-29cb-87f4-0465d3b9ab00",
        "split": 1,
        "traceback": null
      },
      {
        "action": "missing_output",
        "after": {
          "exists": false,
          "objects_count": null,
          "predicate_count": null,
          "size_bytes": 0,
          "valid_pickle": false
        },
        "before": {
          "exists": false,
          "objects_count": null,
          "predicate_count": null,
          "size_bytes": 0,
          "valid_pickle": false
        },
        "error": null,
        "object_count_annotation": 6,
        "path": "local_dataset/Open3DSG_staged/training_repro/output/datasets/OpenSG_3RScan/preprocessed/7ab2a9c1-ebc6-2056-896d-09dd5328b781/data_dict_5.pkl",
        "relationship_count": 8,
        "relationship_id": "7ab2a9c1-ebc6-2056-896d-09dd5328b781-5",
        "scan_id": "7ab2a9c1-ebc6-2056-896d-09dd5328b781",
        "split": 5,
        "traceback": null
      },
      {
        "action": "missing_output",
        "after": {
          "exists": false,
          "objects_count": null,
          "predicate_count": null,
          "size_bytes": 0,
          "valid_pickle": false
        },
        "before": {
          "exists": false,
          "objects_count": null,
          "predicate_count": null,
          "size_bytes": 0,
          "valid_pickle": false
        },
        "error": null,
        "object_count_annotation": 9,
        "path": "local_dataset/Open3DSG_staged/training_repro/output/datasets/OpenSG_3RScan/preprocessed/7ab2a9cb-ebc6-2056-8ba2-7835e43d47d3/data_dict_2.pkl",
        "relationship_count": 29,
        "relationship_id": "7ab2a9cb-ebc6-2056-8ba2-7835e43d47d3-2",
        "scan_id": "7ab2a9cb-ebc6-2056-8ba2-7835e43d47d3",
        "split": 2,
        "traceback": null
      },
      {
        "action": "missing_output",
        "after": {
          "exists": false,
          "objects_count": null,
          "predicate_count": null,
          "size_bytes": 0,
          "valid_pickle": false
        },
        "before": {
          "exists": false,
          "objects_count": null,
          "predicate_count": null,
          "size_bytes": 0,
          "valid_pickle": false
        },
        "error": null,
        "object_count_annotation": 5,
        "path": "local_dataset/Open3DSG_staged/training_repro/output/datasets/OpenSG_3RScan/preprocessed/7ab2a9cd-ebc6-2056-88a0-7f85836edb91/data_dict_3.pkl",
        "relationship_count": 5,
        "relationship_id": "7ab2a9cd-ebc6-2056-88a0-7f85836edb91-3",
        "scan_id": "7ab2a9cd-ebc6-2056-88a0-7f85836edb91",
        "split": 3,
        "traceback": null
      },
      {
        "action": "missing_output",
        "after": {
          "exists": false,
          "objects_count": null,
          "predicate_count": null,
          "size_bytes": 0,
          "valid_pickle": false
        },
        "before": {
          "exists": false,
          "objects_count": null,
          "predicate_count": null,
          "size_bytes": 0,
          "valid_pickle": false
        },
        "error": null,
        "object_count_annotation": 5,
        "path": "local_dataset/Open3DSG_staged/training_repro/output/datasets/OpenSG_3RScan/preprocessed/7ab2a9d3-ebc6-2056-8afd-e80dc7e1558f/data_dict_3.pkl",
        "relationship_count": 2,
        "relationship_id": "7ab2a9d3-ebc6-2056-8afd-e80dc7e1558f-3",
        "scan_id": "7ab2a9d3-ebc6-2056-8afd-e80dc7e1558f",
        "split": 3,
        "traceback": null
      },
      {
        "action": "missing_output",
        "after": {
          "exists": false,
          "objects_count": null,
          "predicate_count": null,
          "size_bytes": 0,
          "valid_pickle": false
        },
        "before": {
          "exists": false,
          "objects_count": null,
          "predicate_count": null,
          "size_bytes": 0,
          "valid_pickle": false
        },
        "error": null,
        "object_count_annotation": 9,
        "path": "local_dataset/Open3DSG_staged/training_repro/output/datasets/OpenSG_3RScan/preprocessed/8eabc409-5af7-2f32-85b1-54d9794543c9/data_dict_2.pkl",
        "relationship_count": 32,
        "relationship_id": "8eabc409-5af7-2f32-85b1-54d9794543c9-2",
        "scan_id": "8eabc409-5af7-2f32-85b1-54d9794543c9",
        "split": 2,
        "traceback": null
      },
      {
        "action": "missing_output",
        "after": {
          "exists": false,
          "objects_count": null,
          "predicate_count": null,
          "size_bytes": 0,
          "valid_pickle": false
        },
        "before": {
          "exists": false,
          "objects_count": null,
          "predicate_count": null,
          "size_bytes": 0,
          "valid_pickle": false
        },
        "error": null,
        "object_count_annotation": 5,
        "path": "local_dataset/Open3DSG_staged/training_repro/output/datasets/OpenSG_3RScan/preprocessed/8eabc430-5af7-2f32-84da-1b01b293f2d3/data_dict_4.pkl",
        "relationship_count": 4,
        "relationship_id": "8eabc430-5af7-2f32-84da-1b01b293f2d3-4",
        "scan_id": "8eabc430-5af7-2f32-84da-1b01b293f2d3",
        "split": 4,
        "traceback": null
      },
      {
        "action": "missing_output",
        "after": {
          "exists": false,
          "objects_count": null,
          "predicate_count": null,
          "size_bytes": 0,
          "valid_pickle": false
        },
        "before": {
          "exists": false,
          "objects_count": null,
          "predicate_count": null,
          "size_bytes": 0,
          "valid_pickle": false
        },
        "error": null,
        "object_count_annotation": 7,
        "path": "local_dataset/Open3DSG_staged/training_repro/output/datasets/OpenSG_3RScan/preprocessed/8eabc441-5af7-2f32-85e5-f1bd241503de/data_dict_5.pkl",
        "relationship_count": 5,
        "relationship_id": "8eabc441-5af7-2f32-85e5-f1bd241503de-5",
        "scan_id": "8eabc441-5af7-2f32-85e5-f1bd241503de",
        "split": 5,
        "traceback": null
      },
      {
        "action": "missing_output",
        "after": {
          "exists": false,
          "objects_count": null,
          "predicate_count": null,
          "size_bytes": 0,
          "valid_pickle": false
        },
        "before": {
          "exists": false,
          "objects_count": null,
          "predicate_count": null,
          "size_bytes": 0,
          "valid_pickle": false
        },
        "error": null,
        "object_count_annotation": 9,
        "path": "local_dataset/Open3DSG_staged/training_repro/output/datasets/OpenSG_3RScan/preprocessed/8eabc447-5af7-2f32-8712-301083e291b3/data_dict_2.pkl",
        "relationship_count": 33,
        "relationship_id": "8eabc447-5af7-2f32-8712-301083e291b3-2",
        "scan_id": "8eabc447-5af7-2f32-8712-301083e291b3",
        "split": 2,
        "traceback": null
      },
      {
        "action": "missing_output",
        "after": {
          "exists": false,
          "objects_count": null,
          "predicate_count": null,
          "size_bytes": 0,
          "valid_pickle": false
        },
        "before": {
          "exists": false,
          "objects_count": null,
          "predicate_count": null,
          "size_bytes": 0,
          "valid_pickle": false
        },
        "error": null,
        "object_count_annotation": 9,
        "path": "local_dataset/Open3DSG_staged/training_repro/output/datasets/OpenSG_3RScan/preprocessed/8eabc447-5af7-2f32-8712-301083e291b3/data_dict_3.pkl",
        "relationship_count": 7,
        "relationship_id": "8eabc447-5af7-2f32-8712-301083e291b3-3",
        "scan_id": "8eabc447-5af7-2f32-8712-301083e291b3",
        "split": 3,
        "traceback": null
      },
      {
        "action": "missing_output",
        "after": {
          "exists": false,
          "objects_count": null,
          "predicate_count": null,
          "size_bytes": 0,
          "valid_pickle": false
        },
        "before": {
          "exists": false,
          "objects_count": null,
          "predicate_count": null,
          "size_bytes": 0,
          "valid_pickle": false
        },
        "error": null,
        "object_count_annotation": 5,
        "path": "local_dataset/Open3DSG_staged/training_repro/output/datasets/OpenSG_3RScan/preprocessed/8eabc44d-5af7-2f32-8529-ab5255a6ae7f/data_dict_4.pkl",
        "relationship_count": 3,
        "relationship_id": "8eabc44d-5af7-2f32-8529-ab5255a6ae7f-4",
        "scan_id": "8eabc44d-5af7-2f32-8529-ab5255a6ae7f",
        "split": 4,
        "traceback": null
      },
      {
        "action": "missing_output",
        "after": {
          "exists": false,
          "objects_count": null,
          "predicate_count": null,
          "size_bytes": 0,
          "valid_pickle": false
        },
        "before": {
          "exists": false,
          "objects_count": null,
          "predicate_count": null,
          "size_bytes": 0,
          "valid_pickle": false
        },
        "error": null,
        "object_count_annotation": 9,
        "path": "local_dataset/Open3DSG_staged/training_repro/output/datasets/OpenSG_3RScan/preprocessed/8eabc46d-5af7-2f32-85bd-f957e754c064/data_dict_2.pkl",
        "relationship_count": 19,
        "relationship_id": "8eabc46d-5af7-2f32-85bd-f957e754c064-2",
        "scan_id": "8eabc46d-5af7-2f32-85bd-f957e754c064",
        "split": 2,
        "traceback": null
      },
      {
        "action": "missing_output",
        "after": {
          "exists": false,
          "objects_count": null,
          "predicate_count": null,
          "size_bytes": 0,
          "valid_pickle": false
        },
        "before": {
          "exists": false,
          "objects_count": null,
          "predicate_count": null,
          "size_bytes": 0,
          "valid_pickle": false
        },
        "error": null,
        "object_count_annotation": 9,
        "path": "local_dataset/Open3DSG_staged/training_repro/output/datasets/OpenSG_3RScan/preprocessed/a0905fdf-66f7-2272-9c4c-e2390af0546d/data_dict_1.pkl",
        "relationship_count": 24,
        "relationship_id": "a0905fdf-66f7-2272-9c4c-e2390af0546d-1",
        "scan_id": "a0905fdf-66f7-2272-9c4c-e2390af0546d",
        "split": 1,
        "traceback": null
      },
      {
        "action": "missing_output",
        "after": {
          "exists": false,
          "objects_count": null,
          "predicate_count": null,
          "size_bytes": 0,
          "valid_pickle": false
        },
        "before": {
          "exists": false,
          "objects_count": null,
          "predicate_count": null,
          "size_bytes": 0,
          "valid_pickle": false
        },
        "error": null,
        "object_count_annotation": 6,
        "path": "local_dataset/Open3DSG_staged/training_repro/output/datasets/OpenSG_3RScan/preprocessed/a38a57da-8a91-2e91-93eb-0b7f675da4ba/data_dict_2.pkl",
        "relationship_count": 7,
        "relationship_id": "a38a57da-8a91-2e91-93eb-0b7f675da4ba-2",
        "scan_id": "a38a57da-8a91-2e91-93eb-0b7f675da4ba",
        "split": 2,
        "traceback": null
      },
      {
        "action": "missing_output",
        "after": {
          "exists": false,
          "objects_count": null,
          "predicate_count": null,
          "size_bytes": 0,
          "valid_pickle": false
        },
        "before": {
          "exists": false,
          "objects_count": null,
          "predicate_count": null,
          "size_bytes": 0,
          "valid_pickle": false
        },
        "error": null,
        "object_count_annotation": 5,
        "path": "local_dataset/Open3DSG_staged/training_repro/output/datasets/OpenSG_3RScan/preprocessed/a644cb93-0ee5-2f66-9efb-b16adfb14eff/data_dict_1.pkl",
        "relationship_count": 6,
        "relationship_id": "a644cb93-0ee5-2f66-9efb-b16adfb14eff-1",
        "scan_id": "a644cb93-0ee5-2f66-9efb-b16adfb14eff",
        "split": 1,
        "traceback": null
      },
      {
        "action": "missing_output",
        "after": {
          "exists": false,
          "objects_count": null,
          "predicate_count": null,
          "size_bytes": 0,
          "valid_pickle": false
        },
        "before": {
          "exists": false,
          "objects_count": null,
          "predicate_count": null,
          "size_bytes": 0,
          "valid_pickle": false
        },
        "error": null,
        "object_count_annotation": 2,
        "path": "local_dataset/Open3DSG_staged/training_repro/output/datasets/OpenSG_3RScan/preprocessed/a8952593-9035-254b-8f40-bc82e6bcbbb1/data_dict_1.pkl",
        "relationship_count": 1,
        "relationship_id": "a8952593-9035-254b-8f40-bc82e6bcbbb1-1",
        "scan_id": "a8952593-9035-254b-8f40-bc82e6bcbbb1",
        "split": 1,
        "traceback": null
      },
      {
        "action": "missing_output",
        "after": {
          "exists": false,
          "objects_count": null,
          "predicate_count": null,
          "size_bytes": 0,
          "valid_pickle": false
        },
        "before": {
          "exists": false,
          "objects_count": null,
          "predicate_count": null,
          "size_bytes": 0,
          "valid_pickle": false
        },
        "error": null,
        "object_count_annotation": 6,
        "path": "local_dataset/Open3DSG_staged/training_repro/output/datasets/OpenSG_3RScan/preprocessed/aa20278c-8bc8-2c5b-9d18-016312e4463a/data_dict_7.pkl",
        "relationship_count": 9,
        "relationship_id": "aa20278c-8bc8-2c5b-9d18-016312e4463a-7",
        "scan_id": "aa20278c-8bc8-2c5b-9d18-016312e4463a",
        "split": 7,
        "traceback": null
      },
      {
        "action": "missing_output",
        "after": {
          "exists": false,
          "objects_count": null,
          "predicate_count": null,
          "size_bytes": 0,
          "valid_pickle": false
        },
        "before": {
          "exists": false,
          "objects_count": null,
          "predicate_count": null,
          "size_bytes": 0,
          "valid_pickle": false
        },
        "error": null,
        "object_count_annotation": 9,
        "path": "local_dataset/Open3DSG_staged/training_repro/output/datasets/OpenSG_3RScan/preprocessed/ad408c8b-84db-2095-8b87-5c3079e807fe/data_dict_4.pkl",
        "relationship_count": 24,
        "relationship_id": "ad408c8b-84db-2095-8b87-5c3079e807fe-4",
        "scan_id": "ad408c8b-84db-2095-8b87-5c3079e807fe",
        "split": 4,
        "traceback": null
      },
      {
        "action": "missing_output",
        "after": {
          "exists": false,
          "objects_count": null,
          "predicate_count": null,
          "size_bytes": 0,
          "valid_pickle": false
        },
        "before": {
          "exists": false,
          "objects_count": null,
          "predicate_count": null,
          "size_bytes": 0,
          "valid_pickle": false
        },
        "error": null,
        "object_count_annotation": 9,
        "path": "local_dataset/Open3DSG_staged/training_repro/output/datasets/OpenSG_3RScan/preprocessed/ad408c93-84db-2095-8829-6100d1b70d80/data_dict_1.pkl",
        "relationship_count": 21,
        "relationship_id": "ad408c93-84db-2095-8829-6100d1b70d80-1",
        "scan_id": "ad408c93-84db-2095-8829-6100d1b70d80",
        "split": 1,
        "traceback": null
      },
      {
        "action": "missing_output",
        "after": {
          "exists": false,
          "objects_count": null,
          "predicate_count": null,
          "size_bytes": 0,
          "valid_pickle": false
        },
        "before": {
          "exists": false,
          "objects_count": null,
          "predicate_count": null,
          "size_bytes": 0,
          "valid_pickle": false
        },
        "error": null,
        "object_count_annotation": 9,
        "path": "local_dataset/Open3DSG_staged/training_repro/output/datasets/OpenSG_3RScan/preprocessed/ad408ca1-84db-2095-8970-40e09dac6ed0/data_dict_1.pkl",
        "relationship_count": 23,
        "relationship_id": "ad408ca1-84db-2095-8970-40e09dac6ed0-1",
        "scan_id": "ad408ca1-84db-2095-8970-40e09dac6ed0",
        "split": 1,
        "traceback": null
      },
      {
        "action": "missing_output",
        "after": {
          "exists": false,
          "objects_count": null,
          "predicate_count": null,
          "size_bytes": 0,
          "valid_pickle": false
        },
        "before": {
          "exists": false,
          "objects_count": null,
          "predicate_count": null,
          "size_bytes": 0,
          "valid_pickle": false
        },
        "error": null,
        "object_count_annotation": 7,
        "path": "local_dataset/Open3DSG_staged/training_repro/output/datasets/OpenSG_3RScan/preprocessed/ad408ca9-84db-2095-8afa-cc17150ea346/data_dict_2.pkl",
        "relationship_count": 10,
        "relationship_id": "ad408ca9-84db-2095-8afa-cc17150ea346-2",
        "scan_id": "ad408ca9-84db-2095-8afa-cc17150ea346",
        "split": 2,
        "traceback": null
      },
      {
        "action": "missing_output",
        "after": {
          "exists": false,
          "objects_count": null,
          "predicate_count": null,
          "size_bytes": 0,
          "valid_pickle": false
        },
        "before": {
          "exists": false,
          "objects_count": null,
          "predicate_count": null,
          "size_bytes": 0,
          "valid_pickle": false
        },
        "error": null,
        "object_count_annotation": 9,
        "path": "local_dataset/Open3DSG_staged/training_repro/output/datasets/OpenSG_3RScan/preprocessed/ad408cb3-84db-2095-8930-d8244e349008/data_dict_3.pkl",
        "relationship_count": 20,
        "relationship_id": "ad408cb3-84db-2095-8930-d8244e349008-3",
        "scan_id": "ad408cb3-84db-2095-8930-d8244e349008",
        "split": 3,
        "traceback": null
      },
      {
        "action": "missing_output",
        "after": {
          "exists": false,
          "objects_count": null,
          "predicate_count": null,
          "size_bytes": 0,
          "valid_pickle": false
        },
        "before": {
          "exists": false,
          "objects_count": null,
          "predicate_count": null,
          "size_bytes": 0,
          "valid_pickle": false
        },
        "error": null,
        "object_count_annotation": 5,
        "path": "local_dataset/Open3DSG_staged/training_repro/output/datasets/OpenSG_3RScan/preprocessed/b05fdd5a-fca0-2d4f-89fd-d54bd26a115b/data_dict_4.pkl",
        "relationship_count": 7,
        "relationship_id": "b05fdd5a-fca0-2d4f-89fd-d54bd26a115b-4",
        "scan_id": "b05fdd5a-fca0-2d4f-89fd-d54bd26a115b",
        "split": 4,
        "traceback": null
      },
      {
        "action": "missing_output",
        "after": {
          "exists": false,
          "objects_count": null,
          "predicate_count": null,
          "size_bytes": 0,
          "valid_pickle": false
        },
        "before": {
          "exists": false,
          "objects_count": null,
          "predicate_count": null,
          "size_bytes": 0,
          "valid_pickle": false
        },
        "error": null,
        "object_count_annotation": 4,
        "path": "local_dataset/Open3DSG_staged/training_repro/output/datasets/OpenSG_3RScan/preprocessed/b8837e1f-57ec-29c6-88ad-4c19a5afbf36/data_dict_1.pkl",
        "relationship_count": 5,
        "relationship_id": "b8837e1f-57ec-29c6-88ad-4c19a5afbf36-1",
        "scan_id": "b8837e1f-57ec-29c6-88ad-4c19a5afbf36",
        "split": 1,
        "traceback": null
      },
      {
        "action": "missing_output",
        "after": {
          "exists": false,
          "objects_count": null,
          "predicate_count": null,
          "size_bytes": 0,
          "valid_pickle": false
        },
        "before": {
          "exists": false,
          "objects_count": null,
          "predicate_count": null,
          "size_bytes": 0,
          "valid_pickle": false
        },
        "error": null,
        "object_count_annotation": 9,
        "path": "local_dataset/Open3DSG_staged/training_repro/output/datasets/OpenSG_3RScan/preprocessed/baf0a8f2-26d4-2033-890f-b1b42adeac06/data_dict_4.pkl",
        "relationship_count": 32,
        "relationship_id": "baf0a8f2-26d4-2033-890f-b1b42adeac06-4",
        "scan_id": "baf0a8f2-26d4-2033-890f-b1b42adeac06",
        "split": 4,
        "traceback": null
      },
      {
        "action": "missing_output",
        "after": {
          "exists": false,
          "objects_count": null,
          "predicate_count": null,
          "size_bytes": 0,
          "valid_pickle": false
        },
        "before": {
          "exists": false,
          "objects_count": null,
          "predicate_count": null,
          "size_bytes": 0,
          "valid_pickle": false
        },
        "error": null,
        "object_count_annotation": 4,
        "path": "local_dataset/Open3DSG_staged/training_repro/output/datasets/OpenSG_3RScan/preprocessed/baf6739f-8e94-22f8-82fd-b0cc4f4da8ae/data_dict_1.pkl",
        "relationship_count": 5,
        "relationship_id": "baf6739f-8e94-22f8-82fd-b0cc4f4da8ae-1",
        "scan_id": "baf6739f-8e94-22f8-82fd-b0cc4f4da8ae",
        "split": 1,
        "traceback": null
      },
      {
        "action": "missing_output",
        "after": {
          "exists": false,
          "objects_count": null,
          "predicate_count": null,
          "size_bytes": 0,
          "valid_pickle": false
        },
        "before": {
          "exists": false,
          "objects_count": null,
          "predicate_count": null,
          "size_bytes": 0,
          "valid_pickle": false
        },
        "error": null,
        "object_count_annotation": 5,
        "path": "local_dataset/Open3DSG_staged/training_repro/output/datasets/OpenSG_3RScan/preprocessed/bcb0fe2d-4f39-2c70-9d1a-49a4a6868d7d/data_dict_3.pkl",
        "relationship_count": 6,
        "relationship_id": "bcb0fe2d-4f39-2c70-9d1a-49a4a6868d7d-3",
        "scan_id": "bcb0fe2d-4f39-2c70-9d1a-49a4a6868d7d",
        "split": 3,
        "traceback": null
      },
      {
        "action": "missing_output",
        "after": {
          "exists": false,
          "objects_count": null,
          "predicate_count": null,
          "size_bytes": 0,
          "valid_pickle": false
        },
        "before": {
          "exists": false,
          "objects_count": null,
          "predicate_count": null,
          "size_bytes": 0,
          "valid_pickle": false
        },
        "error": null,
        "object_count_annotation": 5,
        "path": "local_dataset/Open3DSG_staged/training_repro/output/datasets/OpenSG_3RScan/preprocessed/bf9a3dcd-45a5-2e80-8071-e4eeb6596460/data_dict_3.pkl",
        "relationship_count": 5,
        "relationship_id": "bf9a3dcd-45a5-2e80-8071-e4eeb6596460-3",
        "scan_id": "bf9a3dcd-45a5-2e80-8071-e4eeb6596460",
        "split": 3,
        "traceback": null
      },
      {
        "action": "missing_output",
        "after": {
          "exists": false,
          "objects_count": null,
          "predicate_count": null,
          "size_bytes": 0,
          "valid_pickle": false
        },
        "before": {
          "exists": false,
          "objects_count": null,
          "predicate_count": null,
          "size_bytes": 0,
          "valid_pickle": false
        },
        "error": null,
        "object_count_annotation": 9,
        "path": "local_dataset/Open3DSG_staged/training_repro/output/datasets/OpenSG_3RScan/preprocessed/bf9a3de3-45a5-2e80-82fc-a5d0db3138c6/data_dict_1.pkl",
        "relationship_count": 13,
        "relationship_id": "bf9a3de3-45a5-2e80-82fc-a5d0db3138c6-1",
        "scan_id": "bf9a3de3-45a5-2e80-82fc-a5d0db3138c6",
        "split": 1,
        "traceback": null
      },
      {
        "action": "missing_output",
        "after": {
          "exists": false,
          "objects_count": null,
          "predicate_count": null,
          "size_bytes": 0,
          "valid_pickle": false
        },
        "before": {
          "exists": false,
          "objects_count": null,
          "predicate_count": null,
          "size_bytes": 0,
          "valid_pickle": false
        },
        "error": null,
        "object_count_annotation": 9,
        "path": "local_dataset/Open3DSG_staged/training_repro/output/datasets/OpenSG_3RScan/preprocessed/c7895f86-339c-2d13-82c8-3976988cd327/data_dict_1.pkl",
        "relationship_count": 29,
        "relationship_id": "c7895f86-339c-2d13-82c8-3976988cd327-1",
        "scan_id": "c7895f86-339c-2d13-82c8-3976988cd327",
        "split": 1,
        "traceback": null
      },
      {
        "action": "missing_output",
        "after": {
          "exists": false,
          "objects_count": null,
          "predicate_count": null,
          "size_bytes": 0,
          "valid_pickle": false
        },
        "before": {
          "exists": false,
          "objects_count": null,
          "predicate_count": null,
          "size_bytes": 0,
          "valid_pickle": false
        },
        "error": null,
        "object_count_annotation": 7,
        "path": "local_dataset/Open3DSG_staged/training_repro/output/datasets/OpenSG_3RScan/preprocessed/c92fb580-f771-2064-866d-8aeb53e8360d/data_dict_4.pkl",
        "relationship_count": 2,
        "relationship_id": "c92fb580-f771-2064-866d-8aeb53e8360d-4",
        "scan_id": "c92fb580-f771-2064-866d-8aeb53e8360d",
        "split": 4,
        "traceback": null
      },
      {
        "action": "missing_output",
        "after": {
          "exists": false,
          "objects_count": null,
          "predicate_count": null,
          "size_bytes": 0,
          "valid_pickle": false
        },
        "before": {
          "exists": false,
          "objects_count": null,
          "predicate_count": null,
          "size_bytes": 0,
          "valid_pickle": false
        },
        "error": null,
        "object_count_annotation": 6,
        "path": "local_dataset/Open3DSG_staged/training_repro/output/datasets/OpenSG_3RScan/preprocessed/c92fb592-f771-2064-8446-c2605c0202e9/data_dict_4.pkl",
        "relationship_count": 5,
        "relationship_id": "c92fb592-f771-2064-8446-c2605c0202e9-4",
        "scan_id": "c92fb592-f771-2064-8446-c2605c0202e9",
        "split": 4,
        "traceback": null
      },
      {
        "action": "missing_output",
        "after": {
          "exists": false,
          "objects_count": null,
          "predicate_count": null,
          "size_bytes": 0,
          "valid_pickle": false
        },
        "before": {
          "exists": false,
          "objects_count": null,
          "predicate_count": null,
          "size_bytes": 0,
          "valid_pickle": false
        },
        "error": null,
        "object_count_annotation": 5,
        "path": "local_dataset/Open3DSG_staged/training_repro/output/datasets/OpenSG_3RScan/preprocessed/c92fb596-f771-2064-86ba-d429f869e52f/data_dict_5.pkl",
        "relationship_count": 4,
        "relationship_id": "c92fb596-f771-2064-86ba-d429f869e52f-5",
        "scan_id": "c92fb596-f771-2064-86ba-d429f869e52f",
        "split": 5,
        "traceback": null
      },
      {
        "action": "missing_output",
        "after": {
          "exists": false,
          "objects_count": null,
          "predicate_count": null,
          "size_bytes": 0,
          "valid_pickle": false
        },
        "before": {
          "exists": false,
          "objects_count": null,
          "predicate_count": null,
          "size_bytes": 0,
          "valid_pickle": false
        },
        "error": null,
        "object_count_annotation": 5,
        "path": "local_dataset/Open3DSG_staged/training_repro/output/datasets/OpenSG_3RScan/preprocessed/c92fb5ad-f771-2064-8720-947242f8d474/data_dict_5.pkl",
        "relationship_count": 4,
        "relationship_id": "c92fb5ad-f771-2064-8720-947242f8d474-5",
        "scan_id": "c92fb5ad-f771-2064-8720-947242f8d474",
        "split": 5,
        "traceback": null
      },
      {
        "action": "missing_output",
        "after": {
          "exists": false,
          "objects_count": null,
          "predicate_count": null,
          "size_bytes": 0,
          "valid_pickle": false
        },
        "before": {
          "exists": false,
          "objects_count": null,
          "predicate_count": null,
          "size_bytes": 0,
          "valid_pickle": false
        },
        "error": null,
        "object_count_annotation": 5,
        "path": "local_dataset/Open3DSG_staged/training_repro/output/datasets/OpenSG_3RScan/preprocessed/c92fb5af-f771-2064-8476-871572e38970/data_dict_4.pkl",
        "relationship_count": 1,
        "relationship_id": "c92fb5af-f771-2064-8476-871572e38970-4",
        "scan_id": "c92fb5af-f771-2064-8476-871572e38970",
        "split": 4,
        "traceback": null
      },
      {
        "action": "missing_output",
        "after": {
          "exists": false,
          "objects_count": null,
          "predicate_count": null,
          "size_bytes": 0,
          "valid_pickle": false
        },
        "before": {
          "exists": false,
          "objects_count": null,
          "predicate_count": null,
          "size_bytes": 0,
          "valid_pickle": false
        },
        "error": null,
        "object_count_annotation": 5,
        "path": "local_dataset/Open3DSG_staged/training_repro/output/datasets/OpenSG_3RScan/preprocessed/d63767c1-3205-226c-9a47-70f388b93739/data_dict_5.pkl",
        "relationship_count": 3,
        "relationship_id": "d63767c1-3205-226c-9a47-70f388b93739-5",
        "scan_id": "d63767c1-3205-226c-9a47-70f388b93739",
        "split": 5,
        "traceback": null
      },
      {
        "action": "missing_output",
        "after": {
          "exists": false,
          "objects_count": null,
          "predicate_count": null,
          "size_bytes": 0,
          "valid_pickle": false
        },
        "before": {
          "exists": false,
          "objects_count": null,
          "predicate_count": null,
          "size_bytes": 0,
          "valid_pickle": false
        },
        "error": null,
        "object_count_annotation": 5,
        "path": "local_dataset/Open3DSG_staged/training_repro/output/datasets/OpenSG_3RScan/preprocessed/d7d40d56-7a5d-2b36-970b-9aad70998d20/data_dict_4.pkl",
        "relationship_count": 2,
        "relationship_id": "d7d40d56-7a5d-2b36-970b-9aad70998d20-4",
        "scan_id": "d7d40d56-7a5d-2b36-970b-9aad70998d20",
        "split": 4,
        "traceback": null
      },
      {
        "action": "missing_output",
        "after": {
          "exists": false,
          "objects_count": null,
          "predicate_count": null,
          "size_bytes": 0,
          "valid_pickle": false
        },
        "before": {
          "exists": false,
          "objects_count": null,
          "predicate_count": null,
          "size_bytes": 0,
          "valid_pickle": false
        },
        "error": null,
        "object_count_annotation": 7,
        "path": "local_dataset/Open3DSG_staged/training_repro/output/datasets/OpenSG_3RScan/preprocessed/ddc73793-765b-241a-9ecd-b0cebb7cf916/data_dict_6.pkl",
        "relationship_count": 2,
        "relationship_id": "ddc73793-765b-241a-9ecd-b0cebb7cf916-6",
        "scan_id": "ddc73793-765b-241a-9ecd-b0cebb7cf916",
        "split": 6,
        "traceback": null
      },
      {
        "action": "missing_output",
        "after": {
          "exists": false,
          "objects_count": null,
          "predicate_count": null,
          "size_bytes": 0,
          "valid_pickle": false
        },
        "before": {
          "exists": false,
          "objects_count": null,
          "predicate_count": null,
          "size_bytes": 0,
          "valid_pickle": false
        },
        "error": null,
        "object_count_annotation": 9,
        "path": "local_dataset/Open3DSG_staged/training_repro/output/datasets/OpenSG_3RScan/preprocessed/ddc737ab-765b-241a-9c5d-cf3cd8838f28/data_dict_2.pkl",
        "relationship_count": 17,
        "relationship_id": "ddc737ab-765b-241a-9c5d-cf3cd8838f28-2",
        "scan_id": "ddc737ab-765b-241a-9c5d-cf3cd8838f28",
        "split": 2,
        "traceback": null
      },
      {
        "action": "missing_output",
        "after": {
          "exists": false,
          "objects_count": null,
          "predicate_count": null,
          "size_bytes": 0,
          "valid_pickle": false
        },
        "before": {
          "exists": false,
          "objects_count": null,
          "predicate_count": null,
          "size_bytes": 0,
          "valid_pickle": false
        },
        "error": null,
        "object_count_annotation": 9,
        "path": "local_dataset/Open3DSG_staged/training_repro/output/datasets/OpenSG_3RScan/preprocessed/ddc737b3-765b-241a-9c35-6b7662c04fc9/data_dict_5.pkl",
        "relationship_count": 6,
        "relationship_id": "ddc737b3-765b-241a-9c35-6b7662c04fc9-5",
        "scan_id": "ddc737b3-765b-241a-9c35-6b7662c04fc9",
        "split": 5,
        "traceback": null
      },
      {
        "action": "missing_output",
        "after": {
          "exists": false,
          "objects_count": null,
          "predicate_count": null,
          "size_bytes": 0,
          "valid_pickle": false
        },
        "before": {
          "exists": false,
          "objects_count": null,
          "predicate_count": null,
          "size_bytes": 0,
          "valid_pickle": false
        },
        "error": null,
        "object_count_annotation": 5,
        "path": "local_dataset/Open3DSG_staged/training_repro/output/datasets/OpenSG_3RScan/preprocessed/fcf66d98-622d-291c-851a-a16c117a91bb/data_dict_3.pkl",
        "relationship_count": 0,
        "relationship_id": "fcf66d98-622d-291c-851a-a16c117a91bb-3",
        "scan_id": "fcf66d98-622d-291c-851a-a16c117a91bb",
        "split": 3,
        "traceback": null
      },
      {
        "action": "missing_output",
        "after": {
          "exists": false,
          "objects_count": null,
          "predicate_count": null,
          "size_bytes": 0,
          "valid_pickle": false
        },
        "before": {
          "exists": false,
          "objects_count": null,
          "predicate_count": null,
          "size_bytes": 0,
          "valid_pickle": false
        },
        "error": null,
        "object_count_annotation": 5,
        "path": "local_dataset/Open3DSG_staged/training_repro/output/datasets/OpenSG_3RScan/preprocessed/fcf66db0-622d-291c-8734-2a41fae7deb2/data_dict_2.pkl",
        "relationship_count": 14,
        "relationship_id": "fcf66db0-622d-291c-8734-2a41fae7deb2-2",
        "scan_id": "fcf66db0-622d-291c-8734-2a41fae7deb2",
        "split": 2,
        "traceback": null
      },
      {
        "action": "missing_output",
        "after": {
          "exists": false,
          "objects_count": null,
          "predicate_count": null,
          "size_bytes": 0,
          "valid_pickle": false
        },
        "before": {
          "exists": false,
          "objects_count": null,
          "predicate_count": null,
          "size_bytes": 0,
          "valid_pickle": false
        },
        "error": null,
        "object_count_annotation": 5,
        "path": "local_dataset/Open3DSG_staged/training_repro/output/datasets/OpenSG_3RScan/preprocessed/fcf66db4-622d-291c-8720-d0a6bbd17846/data_dict_4.pkl",
        "relationship_count": 5,
        "relationship_id": "fcf66db4-622d-291c-8720-d0a6bbd17846-4",
        "scan_id": "fcf66db4-622d-291c-8720-d0a6bbd17846",
        "split": 4,
        "traceback": null
      },
      {
        "action": "missing_output",
        "after": {
          "exists": false,
          "objects_count": null,
          "predicate_count": null,
          "size_bytes": 0,
          "valid_pickle": false
        },
        "before": {
          "exists": false,
          "objects_count": null,
          "predicate_count": null,
          "size_bytes": 0,
          "valid_pickle": false
        },
        "error": null,
        "object_count_annotation": 9,
        "path": "local_dataset/Open3DSG_staged/training_repro/output/datasets/OpenSG_3RScan/preprocessed/fcf66dbc-622d-291c-8481-6e8761c93e21/data_dict_1.pkl",
        "relationship_count": 28,
        "relationship_id": "fcf66dbc-622d-291c-8481-6e8761c93e21-1",
        "scan_id": "fcf66dbc-622d-291c-8481-6e8761c93e21",
        "split": 1,
        "traceback": null
      }
    ],
    "missing_subgraph_count": 108,
    "processed_subgraph_count": 3852,
    "ready_subgraph_count": 3744,
    "total_annotation_relations": 81190,
    "total_size_bytes": 97295744425,
    "unique_ready_scans": 1158
  },
  "warnings": [
    "partial_runtime:open3dsg_preprocessed_pickles:3744/3852"
  ],
  "work_source": "local_dataset/Open3DSG_staged/training_repro/work/open3dsg_train_source",
  "workers": 4
}
